year,make,model,drive,fuel,regs,co2_g_km,power_kw,mass_kg,consumption_wh_km
2021,ABARTH,500,ICE,petrol,501,157.0,123.0,1144.0,
2021,ALFA ROMEO,4C,ICE,petrol,1,,177.0,1074.0,
2021,ALFA ROMEO,ALFA GIULIA,ICE,diesel,81,133.0,128.0,1579.0,
2021,ALFA ROMEO,ALFA GIULIA,ICE,petrol,92,181.0,202.0,1585.0,
2021,ALFA ROMEO,ALFA GIULIA QUADRIFOGLIO,ICE,petrol,2,236.0,375.0,1695.0,
2021,ALFA ROMEO,ALFA GIULIETTA,ICE,diesel,5,144.0,102.0,1479.0,
2021,ALFA ROMEO,ALFA GIULIETTA,ICE,petrol,22,168.0,88.0,1355.0,
2021,ALFA ROMEO,ALFA STELVIO,ICE,diesel,240,161.0,142.0,1811.0,
2021,ALFA ROMEO,ALFA STELVIO,ICE,petrol,92,201.0,189.0,1762.0,
2021,ALFA ROMEO,STELVIO QUADRIFOGLIO,ICE,petrol,1,261.0,375.0,1905.0,
2021,ALPINA,BMW ALPINA B3 TOURING,ICE,petrol,2,247.0,340.0,1940.0,
2021,ALPINA,BMW ALPINA B5 ALLRAD,ICE,petrol,1,263.0,457.0,2055.0,
2021,ALPINA,BMW ALPINA B5 TOURING ALLRAD,ICE,petrol,2,272.0,457.0,2155.0,
2021,ALPINA,BMW ALPINA D3 S LIMOUSINE,HEV,diesel,1,198.0,261.0,1950.0,
2021,ALPINA,BMW ALPINA D3 S TOURING,HEV,diesel,1,198.0,261.0,2010.0,
2021,ALPINE,A110,ICE,petrol,35,155.0,196.0,1176.0,
2021,API CZ,TOURNEO CONNECT FLEXIRAMP,ICE,diesel,1,158.0,88.0,1728.0,
2021,ASTON MARTIN,DB11,ICE,petrol,1,254.0,393.0,1835.0,
2021,ASTON MARTIN,DB11 AMR,ICE,petrol,1,303.0,470.0,1945.0,
2021,ASTON MARTIN,DB11 VOLANTE,ICE,petrol,1,263.0,375.0,1945.0,
2021,ASTON MARTIN,DBS,ICE,petrol,6,306.0,533.0,1920.0,
2021,ASTON MARTIN,DBS VOLANTE,ICE,petrol,1,306.0,533.0,2020.0,
2021,ASTON MARTIN,DBX,ICE,petrol,13,323.0,405.0,2320.0,
2021,ASTON MARTIN,VANTAGE,ICE,petrol,1,264.0,375.0,1760.0,
2021,ASTON MARTIN,VANTAGE F1 EDITION,ICE,petrol,1,264.0,393.0,1760.0,
2021,ASTON MARTIN,VANTAGE ROADSTER,ICE,petrol,6,263.0,375.0,1820.0,
2021,AUDI,A1 CITYCARVER,ICE,petrol,173,135.0,78.0,1231.0,
2021,AUDI,A1 SPORTBACK,ICE,petrol,659,130.0,74.0,1184.0,
2021,AUDI,A3 40 TFSIE,PHEV,petrol/electric,89,28.0,110.0,1635.0,149.0
2021,AUDI,A3 45 TFSIE,PHEV,petrol/electric,46,28.0,110.0,1660.0,149.0
2021,AUDI,A3 CABRIOLET,ICE,petrol,1,154.0,110.0,1500.0,
2021,AUDI,A3 LIMOUSINE,ICE,diesel,54,124.0,105.0,1481.0,
2021,AUDI,A3 LIMOUSINE,HEV,petrol,49,126.0,101.0,1385.0,
2021,AUDI,A3 LIMOUSINE,ICE,petrol,19,134.0,105.0,1377.0,
2021,AUDI,A3 SPORTBACK,ICE,diesel,589,122.0,96.0,1455.0,
2021,AUDI,A3 SPORTBACK,HEV,petrol,379,123.0,91.0,1368.0,
2021,AUDI,A3 SPORTBACK,ICE,petrol,542,126.0,83.0,1302.0,
2021,AUDI,A3 SPORTBACK G-TRON,ICE,ng,5,110.0,96.0,1430.0,
2021,AUDI,A4 ALLROAD QUATTRO,HEV,diesel,79,155.0,156.0,1738.0,
2021,AUDI,A4 ALLROAD QUATTRO,ICE,diesel,1,169.0,140.0,1720.0,
2021,AUDI,A4 ALLROAD QUATTRO,HEV,petrol,5,184.0,195.0,1705.0,
2021,AUDI,A4 AVANT,HEV,diesel,1012,135.0,127.0,1636.0,
2021,AUDI,A4 AVANT,ICE,diesel,4,163.0,140.0,1700.0,
2021,AUDI,A4 AVANT,HEV,petrol,81,151.0,127.0,1607.0,
2021,AUDI,A4 AVANT G-TRON,ICE,ng,2,123.0,125.0,1665.0,
2021,AUDI,A4 LIMOUSINE,HEV,diesel,102,130.0,124.0,1593.0,
2021,AUDI,A4 LIMOUSINE,ICE,diesel,1,155.0,140.0,1660.0,
2021,AUDI,A4 LIMOUSINE,HEV,petrol,61,141.0,113.0,1535.0,
2021,AUDI,A5 CABRIOLET,HEV,diesel,12,148.0,134.0,1800.0,
2021,AUDI,A5 CABRIOLET,HEV,petrol,31,170.0,157.0,1777.0,
2021,AUDI,A5 COUP,HEV,diesel,11,137.0,135.0,1612.0,
2021,AUDI,A5 COUP,HEV,petrol,14,155.0,149.0,1592.0,
2021,AUDI,A5 SPORTBACK,HEV,diesel,191,139.0,143.0,1653.0,
2021,AUDI,A5 SPORTBACK,ICE,diesel,6,157.0,140.0,1651.0,
2021,AUDI,A5 SPORTBACK,HEV,petrol,41,154.0,147.0,1620.0,
2021,AUDI,A5 SPORTBACK G-TRON,ICE,ng,4,121.0,125.0,1650.0,
2021,AUDI,A6 50 TFSI E,PHEV,petrol/electric,18,28.0,195.0,2085.0,185.0
2021,AUDI,A6 55 TFSI E,PHEV,petrol/electric,9,30.0,193.0,2085.0,186.0
2021,AUDI,A6 ALLROAD QUATTRO,HEV,diesel,69,183.0,206.0,2035.0,
2021,AUDI,A6 ALLROAD QUATTRO,HEV,petrol,3,201.0,250.0,1945.0,
2021,AUDI,A6 AVANT,HEV,diesel,420,162.0,162.0,1876.0,
2021,AUDI,A6 AVANT,HEV,petrol,18,190.0,225.0,1877.0,
2021,AUDI,A6 AVANT 50 TFSI E,PHEV,petrol/electric,23,30.0,195.0,2150.0,190.0
2021,AUDI,A6 AVANT 55 TFSI E,PHEV,petrol/electric,45,37.0,191.0,2150.0,193.0
2021,AUDI,A6 LIMOUSINE,HEV,diesel,133,153.0,157.0,1788.0,
2021,AUDI,A6 LIMOUSINE,HEV,petrol,3,167.0,180.0,1736.0,
2021,AUDI,A7 50 TFSI E,PHEV,petrol/electric,1,32.0,195.0,2140.0,193.0
2021,AUDI,A7 55 TFSI E,PHEV,petrol/electric,3,34.0,195.0,2140.0,196.0
2021,AUDI,A7 SPORTBACK,HEV,diesel,13,173.0,180.0,1905.0,
2021,AUDI,A7 SPORTBACK,HEV,petrol,5,194.0,239.0,1879.0,
2021,AUDI,A8,HEV,diesel,10,194.0,210.0,2110.0,
2021,AUDI,A8,HEV,petrol,3,262.0,338.0,2155.0,
2021,AUDI,A8,PHEV,petrol/electric,14,58.0,250.0,2390.0,211.0
2021,AUDI,E-TRON 50,BEV,electric,465,0.0,158.0,2445.0,233.0
2021,AUDI,E-TRON 55,BEV,electric,337,0.0,158.0,2588.0,236.0
2021,AUDI,E-TRON GT,BEV,electric,142,0.0,140.0,2350.0,209.0
2021,AUDI,E-TRON S,BEV,electric,55,0.0,226.0,2708.0,278.0
2021,AUDI,E-TRON S SPORTBACK,BEV,electric,89,0.0,226.0,2701.0,274.0
2021,AUDI,E-TRON SPORTBACK 50,BEV,electric,129,0.0,158.0,2445.0,233.0
2021,AUDI,E-TRON SPORTBACK 55,BEV,electric,158,0.0,158.0,2589.0,237.0
2021,AUDI,Q2,ICE,diesel,163,135.0,98.0,1515.0,
2021,AUDI,Q2,ICE,petrol,606,134.0,91.0,1345.0,
2021,AUDI,Q3,ICE,diesel,526,153.0,113.0,1708.0,
2021,AUDI,Q3,HEV,petrol,106,148.0,110.0,1605.0,
2021,AUDI,Q3,ICE,petrol,101,159.0,123.0,1578.0,
2021,AUDI,Q3 E-TRON,PHEV,petrol/electric,72,42.0,110.0,1815.0,169.0
2021,AUDI,Q3 SPORTBACK,ICE,diesel,672,161.0,122.0,1714.0,
2021,AUDI,Q3 SPORTBACK,HEV,petrol,114,154.0,110.0,1605.0,
2021,AUDI,Q3 SPORTBACK,ICE,petrol,67,170.0,136.0,1616.0,
2021,AUDI,Q3 SPORTBACK E-TRON,PHEV,petrol/electric,153,42.0,110.0,1815.0,170.0
2021,AUDI,Q4 35 E-TRON,BEV,electric,56,0.0,70.0,1965.0,178.0
2021,AUDI,Q4 40 E-TRON,BEV,electric,246,0.0,70.0,2125.0,182.0
2021,AUDI,Q4 50 E-TRON,BEV,electric,343,0.0,77.0,2210.0,190.0
2021,AUDI,Q4 SPORTBACK 35 E-TRON,BEV,electric,6,0.0,70.0,1970.0,176.0
2021,AUDI,Q4 SPORTBACK 40 E-TRON,BEV,electric,13,0.0,70.0,2120.0,179.0
2021,AUDI,Q4 SPORTBACK 50 E-TRON,BEV,electric,27,0.0,77.0,2215.0,187.0
2021,AUDI,Q5,HEV,diesel,792,171.0,149.0,1878.0,
2021,AUDI,Q5,ICE,diesel,1,194.0,140.0,1820.0,
2021,AUDI,Q5,HEV,petrol,2,199.0,195.0,1835.0,
2021,AUDI,Q5 50 TFSI E,PHEV,petrol/electric,139,38.0,194.0,2149.0,209.0
2021,AUDI,Q5 55 TFSI E,PHEV,petrol/electric,56,39.0,194.0,2149.0,211.0
2021,AUDI,Q5 SPORTBACK,HEV,diesel,232,172.0,147.0,1894.0,
2021,AUDI,Q5 SPORTBACK,HEV,petrol,3,196.0,195.0,1850.0,
2021,AUDI,Q5 SPORTBACK 50 TFSI E,PHEV,petrol/electric,93,40.0,195.0,2150.0,213.0
2021,AUDI,Q5 SPORTBACK 55 TFSI E,PHEV,petrol/electric,54,41.0,195.0,2150.0,215.0
2021,AUDI,Q7,HEV,diesel,103,215.0,199.0,2239.0,
2021,AUDI,Q7,HEV,petrol,5,244.0,250.0,2179.0,
2021,AUDI,Q7 55 TFSI E,PHEV,petrol/electric,48,63.0,250.0,2466.0,241.0
2021,AUDI,Q7 60 TFSI E,PHEV,petrol/electric,51,66.0,250.0,2465.0,245.0
2021,AUDI,Q8,HEV,diesel,124,223.0,207.0,2244.0,
2021,AUDI,Q8,HEV,petrol,4,249.0,250.0,2185.0,
2021,AUDI,Q8 55 TFSI E,PHEV,petrol/electric,47,66.0,250.0,2515.0,248.0
2021,AUDI,Q8 60 TFSI E,PHEV,petrol/electric,17,67.0,250.0,2515.0,248.0
2021,AUDI,R8 COUP,ICE,petrol,3,298.0,431.0,1713.0,
2021,AUDI,R8 SPYDER,ICE,petrol,4,313.0,446.0,1783.0,
2021,AUDI,RS 3 SPORTBACK,ICE,petrol,5,206.0,294.0,1645.0,
2021,AUDI,RS 4 AVANT,ICE,petrol,25,226.0,331.0,1820.0,
2021,AUDI,RS 5 COUP,ICE,petrol,2,216.0,331.0,1770.0,
2021,AUDI,RS 5 SPORTBACK,ICE,petrol,12,222.0,331.0,1808.0,
2021,AUDI,RS 6 AVANT,HEV,petrol,198,294.0,441.0,2172.0,
2021,AUDI,RS 7 SPORTBACK,HEV,petrol,7,289.0,441.0,2150.0,
2021,AUDI,RS E-TRON GT,BEV,electric,55,0.0,142.0,2420.0,214.0
2021,AUDI,RS Q3,ICE,petrol,9,227.0,294.0,1790.0,
2021,AUDI,RS Q3 SPORTBACK,ICE,petrol,131,227.0,294.0,1775.0,
2021,AUDI,RS Q8,HEV,petrol,100,304.0,444.0,2390.0,
2021,AUDI,S3 LIMOUSINE,ICE,petrol,16,180.0,228.0,1580.0,
2021,AUDI,S3 SPORTBACK,ICE,petrol,64,186.0,228.0,1575.0,
2021,AUDI,S4 AVANT,HEV,diesel,11,193.0,251.0,1910.0,
2021,AUDI,S5 CABRIOLET,ICE,petrol,4,207.0,260.0,1915.0,
2021,AUDI,S5 COUP,HEV,diesel,2,187.0,251.0,1860.0,
2021,AUDI,S5 SPORTBACK,HEV,diesel,8,188.0,251.0,1895.0,
2021,AUDI,S6 AVANT,HEV,diesel,85,192.0,253.0,2095.0,
2021,AUDI,S6 LIMOUSINE,HEV,diesel,9,185.0,253.0,2030.0,
2021,AUDI,S7 SPORTBACK,HEV,diesel,6,190.0,253.0,2085.0,
2021,AUDI,S8,HEV,petrol,3,264.0,420.0,2305.0,
2021,AUDI,SQ5,HEV,diesel,52,218.0,251.0,2084.0,
2021,AUDI,SQ5 SPORTBACK,HEV,diesel,32,218.0,251.0,2085.0,
2021,AUDI,SQ7,ICE,diesel,1,254.0,320.0,2460.0,
2021,AUDI,SQ7,ICE,petrol,22,284.0,373.0,2331.0,
2021,AUDI,SQ8,HEV,diesel,6,240.0,320.0,2440.0,
2021,AUDI,SQ8,ICE,petrol,30,290.0,373.0,2345.0,
2021,AUDI,TT COUP,ICE,petrol,19,170.0,174.0,1421.0,
2021,AUDI,TT ROADSTER,ICE,petrol,10,168.0,173.0,1455.0,
2021,AUDI,TT RS COUP,ICE,petrol,8,204.0,294.0,1546.0,
2021,AUDI,TT RS ROADSTER,ICE,petrol,1,210.0,294.0,1640.0,
2021,AUDI,TTS COUP,ICE,petrol,5,189.0,235.0,1495.0,
2021,AUDI,TTS ROADSTER,ICE,petrol,1,187.0,225.0,1570.0,
2021,BENTLEY,BENTAYGA HYBRID,PHEV,petrol/electric,2,82.0,250.0,2720.0,258.0
2021,BENTLEY,BENTAYGA V8,ICE,petrol,3,294.0,404.0,2490.0,
2021,BENTLEY,CONTINENTAL GT SPEED,ICE,petrol,2,311.0,485.0,2348.0,
2021,BENTLEY,CONTINENTAL GT SPEED CONVERTIBLE,ICE,petrol,1,320.0,485.0,2511.0,
2021,BENTLEY,CONTINENTAL GT V8,ICE,petrol,5,275.0,404.0,2240.0,
2021,BENTLEY,CONTINENTAL GT V8 CONVERTIBLE,ICE,petrol,1,275.0,404.0,2410.0,
2021,BENTLEY,FLYING SPUR,ICE,petrol,1,337.0,467.0,2512.0,
2021,BENTLEY,FLYING SPUR V8,ICE,petrol,7,288.0,404.0,2405.0,
2021,BMW,116D,ICE,diesel,255,120.0,85.0,1454.0,
2021,BMW,116I,ICE,petrol,37,132.0,80.0,1403.0,
2021,BMW,118D,ICE,diesel,458,128.0,110.0,1499.0,
2021,BMW,118I,ICE,petrol,338,132.0,100.0,1387.0,
2021,BMW,120D,ICE,diesel,4,132.0,140.0,1525.0,
2021,BMW,120D XDRIVE,ICE,diesel,111,140.0,140.0,1590.0,
2021,BMW,120I,ICE,petrol,13,141.0,131.0,1465.0,
2021,BMW,128TI,ICE,petrol,11,162.0,195.0,1520.0,
2021,BMW,216D,ICE,diesel,6,123.0,85.0,1505.0,
2021,BMW,216D ACTIVE TOURER,ICE,diesel,25,126.0,85.0,1502.0,
2021,BMW,216D GRAN TOURER,ICE,diesel,70,132.0,85.0,1579.0,
2021,BMW,216I ACTIVE TOURER,ICE,petrol,5,139.0,80.0,1440.0,
2021,BMW,216I GRAN TOURER,ICE,petrol,3,146.0,80.0,1533.0,
2021,BMW,218D,ICE,diesel,117,130.0,110.0,1541.0,
2021,BMW,218D ACTIVE TOURER,ICE,diesel,37,132.0,110.0,1560.0,
2021,BMW,218D GRAN TOURER,ICE,diesel,148,137.0,110.0,1624.0,
2021,BMW,218D XDRIVE ACTIVE TOURER,ICE,diesel,21,139.0,110.0,1620.0,
2021,BMW,218D XDRIVE GRAN TOURER,ICE,diesel,63,144.0,110.0,1705.0,
2021,BMW,218I,ICE,petrol,57,138.0,100.0,1466.0,
2021,BMW,218I ACTIVE TOURER,ICE,petrol,22,138.0,100.0,1470.0,
2021,BMW,218I GRAN TOURER,ICE,petrol,21,145.0,100.0,1545.0,
2021,BMW,220D,ICE,diesel,19,134.0,140.0,1580.0,
2021,BMW,220D ACTIVE TOURER,ICE,diesel,4,135.0,140.0,1560.0,
2021,BMW,220D GRAN TOURER,ICE,diesel,7,137.0,140.0,1656.0,
2021,BMW,220D XDRIVE,ICE,diesel,36,140.0,140.0,1640.0,
2021,BMW,220D XDRIVE ACTIVE TOURER,ICE,diesel,1,141.0,140.0,1620.0,
2021,BMW,220D XDRIVE GRAN TOURER,ICE,diesel,19,144.0,140.0,1702.0,
2021,BMW,220D XDRIVE GRAN TOURER F46 B4,ICE,diesel,1,144.0,140.0,2058.0,
2021,BMW,220I,ICE,petrol,33,151.0,132.0,1537.0,
2021,BMW,220I ACTIVE TOURER,ICE,petrol,1,142.0,131.0,1490.0,
2021,BMW,220I GRAN TOURER,ICE,petrol,2,148.0,131.0,1570.0,
2021,BMW,220I XDRIVE,ICE,petrol,5,152.0,131.0,1595.0,
2021,BMW,225I XDRIVE ACTIVE TOURER,ICE,petrol,1,161.0,170.0,1595.0,
2021,BMW,225XE IPERFORMANCE,PHEV,petrol/electric,47,36.0,92.0,1759.0,145.0
2021,BMW,316D,HEV,diesel,69,124.0,90.0,1677.0,
2021,BMW,316D,ICE,diesel,9,131.0,90.0,1640.0,
2021,BMW,318D,HEV,diesel,309,125.0,110.0,1681.0,
2021,BMW,318D,ICE,diesel,35,132.0,110.0,1610.0,
2021,BMW,318I,ICE,petrol,38,148.0,115.0,1586.0,
2021,BMW,320D,HEV,diesel,65,128.0,140.0,1685.0,
2021,BMW,320D,ICE,diesel,5,131.0,140.0,1621.0,
2021,BMW,320D XDRIVE,HEV,diesel,770,137.0,140.0,1753.0,
2021,BMW,320D XDRIVE,ICE,diesel,9,149.0,140.0,1708.0,
2021,BMW,320E,PHEV,petrol/electric,25,33.0,120.0,1866.0,167.0
2021,BMW,320E XDRIVE,PHEV,petrol/electric,141,37.0,120.0,1955.0,177.0
2021,BMW,320I,ICE,petrol,13,148.0,135.0,1593.0,
2021,BMW,320I XDRIVE,ICE,petrol,17,156.0,135.0,1633.0,
2021,BMW,330D,HEV,diesel,10,136.0,210.0,1807.0,
2021,BMW,330D XDRIVE,HEV,diesel,58,149.0,210.0,1893.0,
2021,BMW,330D XDRIVE,ICE,diesel,1,174.0,195.0,1835.0,
2021,BMW,330E,PHEV,petrol/electric,20,33.0,135.0,1882.0,168.0
2021,BMW,330E XDRIVE,PHEV,petrol/electric,438,38.0,135.0,1950.0,177.0
2021,BMW,330I,ICE,petrol,2,160.0,190.0,1670.0,
2021,BMW,330I XDRIVE,ICE,petrol,32,161.0,190.0,1692.0,
2021,BMW,420D,HEV,diesel,76,130.0,140.0,1790.0,
2021,BMW,420D XDRIVE,HEV,diesel,145,136.0,140.0,1791.0,
2021,BMW,420I,ICE,petrol,85,155.0,135.0,1698.0,
2021,BMW,420I XDRIVE,ICE,petrol,1,184.0,135.0,1705.0,
2021,BMW,430D XDRIVE,HEV,diesel,13,143.0,210.0,1855.0,
2021,BMW,430I,ICE,petrol,56,160.0,187.0,1715.0,
2021,BMW,430I XDRIVE,ICE,petrol,5,173.0,182.0,1727.0,
2021,BMW,518D,HEV,diesel,31,131.0,110.0,1777.0,
2021,BMW,520D,HEV,diesel,120,133.0,140.0,1820.0,
2021,BMW,520D XDRIVE,HEV,diesel,282,140.0,140.0,1869.0,
2021,BMW,520D XDRIVE,ICE,diesel,2,170.0,140.0,1815.0,
2021,BMW,520E,PHEV,petrol/electric,4,33.0,120.0,1942.0,168.0
2021,BMW,520I,HEV,petrol,5,146.0,135.0,1685.0,
2021,BMW,530D,HEV,diesel,23,141.0,210.0,1876.0,
2021,BMW,530D XDRIVE,HEV,diesel,195,154.0,210.0,1960.0,
2021,BMW,530D XDRIVE,ICE,diesel,2,190.0,195.0,1885.0,
2021,BMW,530E,PHEV,petrol/electric,22,35.0,135.0,1942.0,172.0
2021,BMW,530E XDRIVE,PHEV,petrol/electric,239,42.0,135.0,2021.0,187.0
2021,BMW,530E XDRIVE IPERFORMANCE,PHEV,petrol/electric,3,52.0,135.0,1935.0,184.0
2021,BMW,530I,HEV,petrol,5,150.0,185.0,1742.0,
2021,BMW,530I XDRIVE,HEV,petrol,13,159.0,185.0,1788.0,
2021,BMW,530I XDRIVE LIMOUSINE G30 B48,ICE,petrol,1,,185.0,1825.0,
2021,BMW,540D XDRIVE,HEV,diesel,71,160.0,250.0,1974.0,
2021,BMW,540I XDRIVE,HEV,petrol,24,182.0,245.0,1881.0,
2021,BMW,545E XDRIVE,PHEV,petrol/electric,80,44.0,210.0,2020.0,181.0
2021,BMW,620D,HEV,diesel,1,147.0,140.0,1910.0,
2021,BMW,620D XDRIVE,HEV,diesel,4,155.0,140.0,1965.0,
2021,BMW,630D XDRIVE,HEV,diesel,15,170.0,210.0,2065.0,
2021,BMW,640D XDRIVE,HEV,diesel,3,171.0,250.0,2085.0,
2021,BMW,640I XDRIVE,HEV,petrol,1,196.0,245.0,1985.0,
2021,BMW,730D,HEV,diesel,1,157.0,210.0,1950.0,
2021,BMW,730D XDRIVE,HEV,diesel,23,166.0,210.0,2010.0,
2021,BMW,730D XDRIVE,ICE,diesel,1,185.0,195.0,1955.0,
2021,BMW,730LD,HEV,diesel,1,151.0,210.0,1990.0,
2021,BMW,730LD XDRIVE,HEV,diesel,12,170.0,210.0,2050.0,
2021,BMW,740D XDRIVE,HEV,diesel,13,168.0,250.0,2030.0,
2021,BMW,740I,ICE,petrol,1,181.0,245.0,1845.0,
2021,BMW,740LD XDRIVE,HEV,diesel,3,169.0,250.0,2075.0,
2021,BMW,740LI XDRIVE,ICE,petrol,1,203.0,245.0,1940.0,
2021,BMW,745E,PHEV,petrol/electric,9,45.0,210.0,2075.0,185.0
2021,BMW,745LE XDRIVE,PHEV,petrol/electric,31,53.0,210.0,2178.0,196.0
2021,BMW,840D XDRIVE,HEV,diesel,38,174.0,250.0,2073.0,
2021,BMW,840D XDRIVE,ICE,diesel,3,189.0,235.0,2000.0,
2021,BMW,840I,ICE,petrol,3,191.0,245.0,1906.0,
2021,BMW,840I XDRIVE,ICE,petrol,19,204.0,245.0,1956.0,
2021,BMW,IX XDRIVE40,BEV,electric,130,0.0,,2440.0,206.0
2021,BMW,IX XDRIVE50,BEV,electric,24,0.0,,2585.0,213.0
2021,BMW,IX3,BEV,electric,874,0.0,,2259.0,188.0
2021,BMW,M135I XDRIVE,ICE,petrol,20,171.0,225.0,1600.0,
2021,BMW,M2 COMPETITION,ICE,petrol,8,222.0,302.0,1643.0,
2021,BMW,M2 CS,ICE,petrol,7,222.0,331.0,1650.0,
2021,BMW,M235I XDRIVE,ICE,petrol,17,169.0,225.0,1645.0,
2021,BMW,M240I,ICE,petrol,3,188.0,250.0,1600.0,
2021,BMW,M240I XDRIVE,ICE,petrol,1,208.0,250.0,1795.0,
2021,BMW,M3,ICE,petrol,2,233.0,353.0,1780.0,
2021,BMW,M3 COMPETITION,ICE,petrol,40,229.0,375.0,1805.0,
2021,BMW,M3 COMPETITION M XDRIVE,ICE,petrol,10,229.0,375.0,1855.0,
2021,BMW,M340D XDRIVE,HEV,diesel,41,164.0,250.0,1938.0,
2021,BMW,M340I XDRIVE,HEV,petrol,56,181.0,275.0,1851.0,
2021,BMW,M4 COMPETITION,ICE,petrol,62,227.0,375.0,1800.0,
2021,BMW,M4 COMPETITION M XDRIVE,ICE,petrol,17,230.0,375.0,1935.0,
2021,BMW,M440D XDRIVE,HEV,diesel,13,155.0,250.0,1905.0,
2021,BMW,M440I,HEV,petrol,1,173.0,275.0,1770.0,
2021,BMW,M440I XDRIVE,HEV,petrol,167,181.0,275.0,1898.0,
2021,BMW,M5,ICE,petrol,1,256.0,441.0,1970.0,
2021,BMW,M5 COMPETITION,ICE,petrol,13,256.0,460.0,1970.0,
2021,BMW,M5 CS,ICE,petrol,6,256.0,467.0,1900.0,
2021,BMW,M550I XDRIVE,ICE,petrol,5,245.0,390.0,1990.0,
2021,BMW,M8,ICE,petrol,1,263.0,441.0,2100.0,
2021,BMW,M8 COMPETITION,ICE,petrol,26,261.0,460.0,2050.0,
2021,BMW,M850I XDRIVE,ICE,petrol,43,249.0,390.0,2079.0,
2021,BMW,X1 SDRIVE16D,ICE,diesel,226,134.0,85.0,1567.0,
2021,BMW,X1 SDRIVE18D,ICE,diesel,538,137.0,110.0,1609.0,
2021,BMW,X1 SDRIVE18I,ICE,petrol,217,146.0,100.0,1504.0,
2021,BMW,X1 SDRIVE20D,ICE,diesel,18,139.0,140.0,1630.0,
2021,BMW,X1 SDRIVE20I,ICE,petrol,21,151.0,131.0,1570.0,
2021,BMW,X1 XDRIVE18D,ICE,diesel,1015,147.0,110.0,1683.0,
2021,BMW,X1 XDRIVE20D,ICE,diesel,126,148.0,140.0,1695.0,
2021,BMW,X1 XDRIVE20I,ICE,petrol,77,161.0,131.0,1655.0,
2021,BMW,X1 XDRIVE25D,ICE,diesel,27,154.0,170.0,1695.0,
2021,BMW,X1 XDRIVE25E,PHEV,petrol/electric,484,41.0,92.0,1820.0,152.0
2021,BMW,X1 XDRIVE25I,ICE,petrol,6,168.0,170.0,1660.0,
2021,BMW,X2 M35I,ICE,petrol,4,176.0,225.0,1690.0,
2021,BMW,X2 SDRIVE16D,ICE,diesel,18,134.0,85.0,1563.0,
2021,BMW,X2 SDRIVE18D,ICE,diesel,66,139.0,110.0,1612.0,
2021,BMW,X2 SDRIVE18I,ICE,petrol,26,145.0,100.0,1502.0,
2021,BMW,X2 SDRIVE20D,ICE,diesel,4,140.0,140.0,1618.0,
2021,BMW,X2 SDRIVE20I,ICE,petrol,5,149.0,131.0,1545.0,
2021,BMW,X2 XDRIVE18D,ICE,diesel,56,147.0,110.0,1678.0,
2021,BMW,X2 XDRIVE20D,ICE,diesel,22,149.0,140.0,1679.0,
2021,BMW,X2 XDRIVE20I,ICE,petrol,19,161.0,131.0,1639.0,
2021,BMW,X2 XDRIVE25D,ICE,diesel,5,153.0,170.0,1695.0,
2021,BMW,X2 XDRIVE25E,PHEV,petrol/electric,73,39.0,92.0,1805.0,150.0
2021,BMW,X3 M,ICE,petrol,1,261.0,353.0,2070.0,
2021,BMW,X3 M COMPETITION,ICE,petrol,13,257.0,375.0,2075.0,
2021,BMW,X3 M40D,HEV,diesel,44,179.0,250.0,2091.0,
2021,BMW,X3 M40I,HEV,petrol,4,203.0,265.0,1985.0,
2021,BMW,X3 M40I,ICE,petrol,6,210.0,265.0,1945.0,
2021,BMW,X3 SDRIVE18D,HEV,diesel,42,145.0,110.0,1824.0,
2021,BMW,X3 XDRIVE20D,HEV,diesel,952,157.0,140.0,1910.0,
2021,BMW,X3 XDRIVE20D,ICE,diesel,3,172.0,140.0,1845.0,
2021,BMW,X3 XDRIVE20I,HEV,petrol,8,174.0,135.0,1875.0,
2021,BMW,X3 XDRIVE20I,ICE,petrol,51,179.0,135.0,1810.0,
2021,BMW,X3 XDRIVE30D,HEV,diesel,131,167.0,210.0,2005.0,
2021,BMW,X3 XDRIVE30D,ICE,diesel,3,189.0,195.0,1940.0,
2021,BMW,X3 XDRIVE30E,PHEV,petrol/electric,611,47.0,135.0,2065.0,190.0
2021,BMW,X3 XDRIVE30I,ICE,petrol,19,183.0,185.0,1830.0,
2021,BMW,X4 M,ICE,petrol,1,259.0,353.0,2070.0,
2021,BMW,X4 M COMPETITION,ICE,petrol,13,254.0,375.0,2075.0,
2021,BMW,X4 M40D,HEV,diesel,20,176.0,250.0,2095.0,
2021,BMW,X4 M40I,HEV,petrol,10,206.0,265.0,1995.0,
2021,BMW,X4 M40I,ICE,petrol,7,211.0,265.0,1940.0,
2021,BMW,X4 XDRIVE20D,HEV,diesel,264,157.0,140.0,1922.0,
2021,BMW,X4 XDRIVE20D,ICE,diesel,5,165.0,140.0,1845.0,
2021,BMW,X4 XDRIVE20I,HEV,petrol,8,172.0,135.0,1875.0,
2021,BMW,X4 XDRIVE20I,ICE,petrol,16,178.0,135.0,1819.0,
2021,BMW,X4 XDRIVE30D,HEV,diesel,59,165.0,210.0,2005.0,
2021,BMW,X4 XDRIVE30I,HEV,petrol,3,175.0,180.0,1890.0,
2021,BMW,X4 XDRIVE30I,ICE,petrol,8,179.0,185.0,1835.0,
2021,BMW,X5 M,ICE,petrol,1,304.0,441.0,2410.0,
2021,BMW,X5 M COMPETITION,ICE,petrol,24,306.0,460.0,2407.0,
2021,BMW,X5 M50D,ICE,diesel,6,221.0,294.0,2350.0,
2021,BMW,X5 M50I,ICE,petrol,15,268.0,390.0,2333.0,
2021,BMW,X5 XDRIVE25D,ICE,diesel,32,192.0,170.0,2154.0,
2021,BMW,X5 XDRIVE30D,HEV,diesel,279,187.0,210.0,2270.0,
2021,BMW,X5 XDRIVE30D,ICE,diesel,5,208.0,195.0,2185.0,
2021,BMW,X5 XDRIVE40D,HEV,diesel,100,197.0,250.0,2278.0,
2021,BMW,X5 XDRIVE40I,HEV,petrol,12,216.0,245.0,2181.0,
2021,BMW,X5 XDRIVE40I,ICE,petrol,1,238.0,250.0,2135.0,
2021,BMW,X5 XDRIVE45E,PHEV,petrol/electric,907,30.0,210.0,2510.0,254.0
2021,BMW,X5 XDRIVE50I,ICE,petrol,13,,330.0,2755.0,
2021,BMW,X6 M,ICE,petrol,1,299.0,441.0,2395.0,
2021,BMW,X6 M COMPETITION,ICE,petrol,29,303.0,460.0,2394.0,
2021,BMW,X6 M50D,ICE,diesel,3,220.0,294.0,2335.0,
2021,BMW,X6 M50I,ICE,petrol,10,261.0,390.0,2315.0,
2021,BMW,X6 XDRIVE30D,HEV,diesel,117,181.0,210.0,2260.0,
2021,BMW,X6 XDRIVE30D,ICE,diesel,5,206.0,195.0,2185.0,
2021,BMW,X6 XDRIVE40D,HEV,diesel,97,190.0,250.0,2290.0,
2021,BMW,X6 XDRIVE40I,HEV,petrol,14,210.0,245.0,2170.0,
2021,BMW,X7 M50D,ICE,diesel,3,238.0,294.0,2535.0,
2021,BMW,X7 M50I,ICE,petrol,12,287.0,390.0,2565.0,
2021,BMW,X7 XDRIVE30D,ICE,diesel,3,221.0,195.0,2445.0,
2021,BMW,X7 XDRIVE40D,HEV,diesel,106,209.0,250.0,2545.0,
2021,BMW,X7 XDRIVE40I,HEV,petrol,3,240.0,245.0,2435.0,
2021,BMW,Z4 M40I,ICE,petrol,57,182.0,250.0,1628.0,
2021,BMW,Z4 SDRIVE20I,ICE,petrol,105,162.0,145.0,1503.0,
2021,BMW,Z4 SDRIVE30I,ICE,petrol,24,163.0,190.0,1505.0,
2021,BMW I,I3,BEV,electric,725,0.0,,1345.0,158.0
2021,BMW I,I3S,BEV,electric,214,0.0,,1365.0,164.0
2021,BUGATTI,DIVO,ICE,petrol,1,506.0,1103.0,2070.0,
2021,CADILLAC,XT4,ICE,diesel,2,180.0,128.0,1843.0,
2021,CADILLAC,XT4,ICE,petrol,2,213.0,169.0,1839.0,
2021,CATERHAM,S3,ICE,petrol,1,145.0,100.0,700.0,
2021,CATERHAM,SEVEN SV (SG VARIANT),ICE,petrol,1,145.0,100.0,700.0,
2021,CATERHAM CARS LTD,SEVEN S3 (SG VARIANT),ICE,petrol,1,145.0,100.0,700.0,
2021,CATERHAM CARS LTD,SEVEN SV (SG VARIANT),ICE,petrol,1,145.0,100.0,700.0,
2021,CHEVROLET,CORVETTE,ICE,petrol,1,277.0,354.0,1730.0,
2021,CHRYSLER,PACIFICA HYBRID,HEV,petrol,1,,194.0,2360.0,
2021,CHRYSLER,PACIFICA HYBRID,PHEV,petrol/electric,3,94.0,173.3,2345.0,
2021,CITROEN,BERLINGO,ICE,diesel,369,139.0,85.0,1542.0,
2021,CITROEN,BERLINGO,ICE,petrol,82,150.0,88.0,1484.0,
2021,CITROEN,C1,ICE,petrol,251,109.0,53.0,918.0,
2021,CITROEN,C3,ICE,diesel,155,112.0,75.0,1165.0,
2021,CITROEN,C3,ICE,petrol,989,124.0,64.0,1072.0,
2021,CITROEN,C3 AIRCROSS,ICE,diesel,213,129.0,84.0,1308.0,
2021,CITROEN,C3 AIRCROSS,ICE,petrol,335,137.0,84.0,1259.0,
2021,CITROEN,C4,ICE,diesel,357,120.0,94.0,1393.0,
2021,CITROEN,C4,ICE,petrol,426,127.0,97.0,1341.0,
2021,CITROEN,C4 SPACETOURER,ICE,diesel,289,134.0,96.0,1500.0,
2021,CITROEN,C4 SPACETOURER,ICE,petrol,24,144.0,96.0,1440.0,
2021,CITROEN,C5 AIRCROSS,ICE,diesel,579,140.0,96.0,1568.0,
2021,CITROEN,C5 AIRCROSS,ICE,petrol,50,145.0,96.0,1497.0,
2021,CITROEN,C5 AIRCROSS,PHEV,petrol/electric,140,32.0,133.0,1845.0,156.0
2021,CITROEN,E-BERLINGO,BEV,electric,20,0.0,57.0,1739.0,197.0
2021,CITROEN,E-C4,BEV,electric,390,0.0,57.0,1628.0,160.0
2021,CITROEN,JUMPER,ICE,diesel,2,243.0,103.0,2302.0,
2021,CITROEN,JUMPY,ICE,diesel,6,170.0,91.0,1751.0,
2021,CITROEN,JUMPY,BEV,electric,5,0.0,57.0,2136.0,267.0
2021,CITROEN,JUMPY SPACETOURER,ICE,diesel,206,183.0,113.0,1851.0,
2021,CITROEN,JUMPY SPACETOURER,BEV,electric,128,0.0,57.0,2163.0,268.0
2021,CITROEN,SPACETOURER,ICE,diesel,11,185.0,116.0,1881.0,
2021,CITROEN,SPACETOURER,BEV,electric,4,0.0,57.0,2212.0,271.0
2021,CUPRA,ATECA,ICE,petrol,131,203.0,221.0,1623.0,
2021,CUPRA,BORN,BEV,electric,248,0.0,,1811.0,156.0
2021,CUPRA,FORMENTOR,ICE,diesel,118,153.0,110.0,1607.0,
2021,CUPRA,FORMENTOR,ICE,petrol,815,168.0,152.0,1526.0,
2021,CUPRA,FORMENTOR,PHEV,petrol/electric,60,33.0,110.0,1704.0,159.0
2021,CUPRA,FORMENTOR E-HYBRID,PHEV,petrol/electric,39,28.0,110.0,1680.0,152.0
2021,CUPRA,FORMENTOR VZ E-HYBRID,PHEV,petrol/electric,370,33.0,110.0,1701.0,160.0
2021,CUPRA,LEON,ICE,petrol,15,171.0,215.0,1504.0,
2021,CUPRA,LEON,PHEV,petrol/electric,14,30.0,110.0,1671.0,155.0
2021,CUPRA,LEON E-HYBRID150,PHEV,petrol/electric,4,26.0,110.0,1642.0,148.0
2021,CUPRA,LEON E-HYBRID180,PHEV,petrol/electric,10,30.0,110.0,1669.0,154.0
2021,CUPRA,LEON SP,ICE,petrol,41,188.0,228.0,1639.0,
2021,CUPRA,LEON SP E-HYBRID150,PHEV,petrol/electric,5,28.0,110.0,1685.0,151.0
2021,CUPRA,LEON SP E-HYBRID180,PHEV,petrol/electric,31,31.0,110.0,1714.0,156.0
2021,CUPRA,LEON SPORTSTOURER,PHEV,petrol/electric,52,31.0,110.0,1717.0,157.0
2021,DACIA,DOKKER,ICE,diesel,36,136.0,70.0,1380.0,
2021,DACIA,DOKKER,ICE,petrol,35,155.0,96.0,1322.0,
2021,DACIA,DUSTER,ICE,diesel,1474,142.0,84.0,1504.0,
2021,DACIA,DUSTER,ICE,petrol,582,148.0,92.0,1359.0,
2021,DACIA,LODGY,ICE,diesel,257,128.0,82.0,1383.0,
2021,DACIA,LODGY,ICE,petrol,306,144.0,87.0,1308.0,
2021,DACIA,LOGAN,ICE,diesel,3,124.0,70.0,1305.0,
2021,DACIA,LOGAN,ICE,petrol,30,135.0,70.0,1184.0,
2021,DACIA,SANDERO,ICE,diesel,18,122.0,66.0,1213.0,
2021,DACIA,SANDERO,ICE,lpg,2,112.0,67.0,1217.0,
2021,DACIA,SANDERO,ICE,petrol,3629,126.0,63.0,1153.0,
2021,DACIA,SPRING,BEV,electric,266,0.0,33.0,1012.0,139.0
2021,DANGEL,EXPERT TRAVELLER 4X4,ICE,diesel,1,196.0,110.0,1834.0,
2021,DFSK,580,ICE,petrol,1,222.0,107.0,1585.0,
2021,DODGE,CHALLENGER GT AWD,ICE,petrol,1,232.0,224.0,1965.0,
2021,DODGE,CHARGER,ICE,petrol,1,318.0,600.0,2230.0,
2021,DODGE,RAM 1500 TRX,ICE,petrol,1,,523.0,2955.0,
2021,DS,3 CROSSBACK,BEV,electric,10,0.0,57.0,1598.0,174.0
2021,DS,3 CROSSBACK,ICE,petrol,3,132.0,81.0,1256.0,
2021,DS,7 CROSSBACK,ICE,diesel,51,142.0,100.0,1576.0,
2021,DS,7 CROSSBACK,ICE,petrol,3,159.0,133.0,1503.0,
2021,DS,7 CROSSBACK,PHEV,petrol/electric,79,33.0,144.0,1889.0,160.0
2021,DS,9,PHEV,petrol/electric,5,34.0,133.0,1914.0,155.0
2021,DS,DS3 CROSSBACK,BEV,electric,5,0.0,57.0,1598.0,178.0
2021,DS,DS4,ICE,diesel,1,127.0,96.0,1489.0,
2021,DS,DS4,PHEV,petrol/electric,5,31.0,132.0,1728.0,162.0
2021,FERRARI,488 PISTA,ICE,petrol,5,282.0,530.0,1530.0,
2021,FERRARI,488 PISTA SPIDER,ICE,petrol,1,289.0,530.0,1610.0,
2021,FERRARI,812 GTS,ICE,petrol,20,373.0,585.0,1865.0,
2021,FERRARI,812 SUPERFAST,ICE,petrol,2,366.0,585.0,1790.0,
2021,FERRARI,F8 SPIDER,ICE,petrol,23,296.0,530.0,1675.0,
2021,FERRARI,F8 TRIBUTO,ICE,petrol,28,292.0,530.0,1605.0,
2021,FERRARI,MONZA SP2,ICE,petrol,2,366.0,592.0,1706.0,
2021,FERRARI,PORTOFINO,ICE,petrol,1,267.0,441.0,1750.0,
2021,FERRARI,PORTOFINO M,ICE,petrol,3,256.0,456.0,1750.0,
2021,FERRARI,ROMA,ICE,petrol,16,255.0,456.0,1655.0,
2021,FERRARI,SF90 SPIDER,PHEV,petrol/electric,1,162.0,574.0,1905.0,123.0
2021,FERRARI,SF90 STRADALE,PHEV,petrol/electric,8,156.0,574.0,1838.0,121.0
2021,FIAT,500,BEV,electric,1455,0.0,43.0,1383.0,144.0
2021,FIAT,500,HEV,petrol,2852,115.0,51.0,1059.0,
2021,FIAT,500,ICE,petrol,81,136.0,51.0,1050.0,
2021,FIAT,500L,ICE,diesel,37,135.0,77.0,1499.0,
2021,FIAT,500L,ICE,petrol,658,165.0,70.0,1361.0,
2021,FIAT,500X,ICE,diesel,154,135.0,94.0,1502.0,
2021,FIAT,500X,ICE,petrol,739,146.0,92.0,1395.0,
2021,FIAT,DUCATO,ICE,diesel,5,291.0,130.0,2640.0,
2021,FIAT,PANDA,ICE,ng-biomethane,14,110.0,62.0,1155.0,
2021,FIAT,PANDA,HEV,petrol,696,118.0,51.0,1067.0,
2021,FIAT,PANDA,ICE,petrol,1408,154.0,60.0,1151.0,
2021,FIAT,TIPO,ICE,diesel,338,121.0,93.0,1439.0,
2021,FIAT,TIPO,ICE,petrol,883,131.0,73.0,1324.0,
2021,FORD,CUSTOM VARIOBUS TREND,ICE,diesel,2,210.0,96.0,2237.0,
2021,FORD,ECOSPORT,ICE,petrol,1,135.0,92.0,1359.0,
2021,FORD,ECOSPORT ACTIVE,ICE,petrol,24,138.0,92.0,1359.0,
2021,FORD,ECOSPORT COOL & CONNECT,ICE,diesel,8,129.0,70.0,1395.0,
2021,FORD,ECOSPORT COOL & CONNECT,ICE,petrol,77,134.0,73.0,1359.0,
2021,FORD,ECOSPORT COOL + CONNECT,ICE,petrol,51,134.0,73.0,1359.0,
2021,FORD,ECOSPORT ST- LINE,ICE,diesel,3,140.0,76.0,1407.0,
2021,FORD,ECOSPORT ST- LINE,ICE,petrol,81,140.0,93.0,1359.0,
2021,FORD,ECOSPORT TITANIUM,ICE,petrol,119,135.0,92.0,1359.0,
2021,FORD,EXPLORER PLATINUM,PHEV,petrol/electric,39,71.0,267.0,2541.0,218.0
2021,FORD,EXPLORER ST- LINE,PHEV,petrol/electric,91,71.0,267.0,2541.0,218.0
2021,FORD,FIESTA,HEV,petrol,1,115.0,91.0,1217.0,
2021,FORD,FIESTA,ICE,petrol,1,115.0,69.0,1164.0,
2021,FORD,FIESTA ACTIVE,ICE,diesel,1,116.0,63.0,1227.0,
2021,FORD,FIESTA ACTIVE,HEV,petrol,6,123.0,91.0,1264.0,
2021,FORD,FIESTA ACTIVE,ICE,petrol,78,122.0,71.0,1175.0,
2021,FORD,FIESTA ACTIVE X,HEV,petrol,8,123.0,93.0,1279.0,
2021,FORD,FIESTA ACTIVE X,ICE,petrol,17,122.0,71.0,1176.0,
2021,FORD,FIESTA COOL & CONNECT,ICE,diesel,8,112.0,63.0,1227.0,
2021,FORD,FIESTA COOL & CONNECT,HEV,petrol,4,118.0,91.0,1268.0,
2021,FORD,FIESTA COOL & CONNECT,ICE,petrol,496,120.0,58.0,1170.0,
2021,FORD,FIESTA COOL + CONNECT,ICE,petrol,197,119.0,58.0,1165.0,
2021,FORD,FIESTA ST,ICE,petrol,24,149.0,147.0,1275.0,
2021,FORD,FIESTA ST EDITION,ICE,petrol,40,148.0,147.0,1262.0,
2021,FORD,FIESTA ST- LINE,ICE,diesel,1,119.0,63.0,1227.0,
2021,FORD,FIESTA ST- LINE,HEV,petrol,16,116.0,105.0,1218.0,
2021,FORD,FIESTA ST- LINE,ICE,petrol,98,118.0,70.0,1169.0,
2021,FORD,FIESTA ST- LINE X,HEV,petrol,16,117.0,95.0,1216.0,
2021,FORD,FIESTA ST- LINE X,ICE,petrol,27,120.0,74.0,1180.0,
2021,FORD,FIESTA ST-LINE,HEV,petrol,5,115.0,91.0,1218.0,
2021,FORD,FIESTA ST-LINE,ICE,petrol,12,122.0,73.0,1196.0,
2021,FORD,FIESTA ST-LINE X,HEV,petrol,9,117.0,93.0,1263.0,
2021,FORD,FIESTA ST-LINE X,ICE,petrol,3,127.0,73.0,1202.0,
2021,FORD,FIESTA TITANIUM,HEV,petrol,9,115.0,91.0,1240.0,
2021,FORD,FIESTA TITANIUM,ICE,petrol,121,119.0,66.0,1177.0,
2021,FORD,FIESTA TITANIUM X,HEV,petrol,3,119.0,91.0,1261.0,
2021,FORD,FIESTA TITANIUM X,ICE,petrol,9,118.0,70.0,1171.0,
2021,FORD,FIESTA TREND,ICE,petrol,2,118.0,62.0,1164.0,
2021,FORD,FIESTA VIGANLE,ICE,petrol,2,128.0,91.0,1236.0,
2021,FORD,FIESTA VIGNALE,HEV,petrol,12,118.0,91.0,1239.0,
2021,FORD,FIESTA VIGNALE,ICE,petrol,8,124.0,89.0,1200.0,
2021,FORD,FOCUS,ICE,diesel,3,128.0,88.0,1454.0,
2021,FORD,FOCUS,HEV,petrol,16,119.0,92.0,1363.0,
2021,FORD,FOCUS,ICE,petrol,14,127.0,92.0,1383.0,
2021,FORD,FOCUS ACTIVE,ICE,diesel,35,121.0,89.0,1410.0,
2021,FORD,FOCUS ACTIVE,HEV,petrol,14,120.0,92.0,1366.0,
2021,FORD,FOCUS ACTIVE,ICE,petrol,17,134.0,94.0,1343.0,
2021,FORD,FOCUS ACTIVE TURNIER,ICE,diesel,94,117.0,88.0,1417.0,
2021,FORD,FOCUS ACTIVE TURNIER,HEV,petrol,15,121.0,92.0,1400.0,
2021,FORD,FOCUS ACTIVE TURNIER,ICE,petrol,3,133.0,92.0,1396.0,
2021,FORD,FOCUS ACTIVE X,ICE,diesel,26,124.0,94.0,1453.0,
2021,FORD,FOCUS ACTIVE X,HEV,petrol,3,120.0,91.0,1366.0,
2021,FORD,FOCUS ACTIVE X,ICE,petrol,5,138.0,99.0,1378.0,
2021,FORD,FOCUS ACTIVE X TURNIER,ICE,diesel,27,125.0,97.0,1501.0,
2021,FORD,FOCUS ACTIVE X TURNIER,HEV,petrol,11,122.0,93.0,1400.0,
2021,FORD,FOCUS ACTIVE X TURNIER,ICE,petrol,13,138.0,96.0,1424.0,
2021,FORD,FOCUS COOL & CONNECT,ICE,diesel,191,113.0,80.0,1391.0,
2021,FORD,FOCUS COOL & CONNECT,HEV,petrol,81,115.0,91.0,1361.0,
2021,FORD,FOCUS COOL & CONNECT,ICE,petrol,250,122.0,76.0,1304.0,
2021,FORD,FOCUS COOL + CONNECT,ICE,diesel,260,113.0,82.0,1406.0,
2021,FORD,FOCUS COOL + CONNECT,HEV,petrol,15,117.0,92.0,1395.0,
2021,FORD,FOCUS COOL + CONNECT,ICE,petrol,142,126.0,79.0,1388.0,
2021,FORD,FOCUS ST,ICE,diesel,4,139.0,140.0,1548.0,
2021,FORD,FOCUS ST,ICE,petrol,51,185.0,206.0,1522.0,
2021,FORD,FOCUS ST EDITION,ICE,petrol,13,184.0,206.0,1508.0,
2021,FORD,FOCUS ST TURNIER,ICE,diesel,6,139.0,140.0,1585.0,
2021,FORD,FOCUS ST TURNIER,ICE,petrol,22,185.0,206.0,1567.0,
2021,FORD,FOCUS ST- LINE,ICE,diesel,37,121.0,90.0,1417.0,
2021,FORD,FOCUS ST- LINE,HEV,petrol,70,119.0,92.0,1362.0,
2021,FORD,FOCUS ST- LINE,ICE,petrol,41,135.0,94.0,1350.0,
2021,FORD,FOCUS ST- LINE TURNIER,ICE,diesel,32,119.0,92.0,1453.0,
2021,FORD,FOCUS ST- LINE TURNIER,HEV,petrol,17,119.0,93.0,1403.0,
2021,FORD,FOCUS ST- LINE TURNIER,ICE,petrol,14,136.0,92.0,1413.0,
2021,FORD,FOCUS ST- LINE X,ICE,diesel,68,126.0,99.0,1471.0,
2021,FORD,FOCUS ST- LINE X,HEV,petrol,61,120.0,94.0,1364.0,
2021,FORD,FOCUS ST- LINE X,ICE,petrol,52,136.0,97.0,1360.0,
2021,FORD,FOCUS ST- LINE X TURNIER,ICE,diesel,52,127.0,102.0,1530.0,
2021,FORD,FOCUS ST- LINE X TURNIER,HEV,petrol,19,123.0,95.0,1407.0,
2021,FORD,FOCUS ST- LINE X TURNIER,ICE,petrol,12,149.0,119.0,1472.0,
2021,FORD,FOCUS TITANIUM,ICE,diesel,37,120.0,95.0,1457.0,
2021,FORD,FOCUS TITANIUM,HEV,petrol,17,116.0,92.0,1367.0,
2021,FORD,FOCUS TITANIUM,ICE,petrol,20,130.0,92.0,1353.0,
2021,FORD,FOCUS TITANIUM TURNIER,ICE,diesel,51,115.0,93.0,1441.0,
2021,FORD,FOCUS TITANIUM TURNIER,HEV,petrol,3,117.0,91.0,1408.0,
2021,FORD,FOCUS TITANIUM TURNIER,ICE,petrol,10,131.0,95.0,1415.0,
2021,FORD,FOCUS TITANIUM X,ICE,diesel,12,118.0,91.0,1420.0,
2021,FORD,FOCUS TITANIUM X,HEV,petrol,3,116.0,91.0,1364.0,
2021,FORD,FOCUS TITANIUM X,ICE,petrol,4,136.0,101.0,1388.0,
2021,FORD,FOCUS TITANIUM X TURNIER,ICE,diesel,9,117.0,92.0,1459.0,
2021,FORD,FOCUS TITANIUM X TURNIER,HEV,petrol,7,119.0,97.0,1420.0,
2021,FORD,FOCUS TITANIUM X TURNIER,ICE,petrol,7,134.0,94.0,1415.0,
2021,FORD,FOCUS TREND,ICE,diesel,18,114.0,76.0,1411.0,
2021,FORD,FOCUS TREND,ICE,petrol,16,121.0,72.0,1292.0,
2021,FORD,FOCUS VIGNALE,ICE,diesel,10,127.0,101.0,1501.0,
2021,FORD,FOCUS VIGNALE,HEV,petrol,2,123.0,114.0,1344.0,
2021,FORD,FOCUS VIGNALE,ICE,petrol,7,145.0,105.0,1413.0,
2021,FORD,FOCUS VIGNALE TURNIER,ICE,diesel,5,128.0,105.0,1532.0,
2021,FORD,GALAXY,ICE,diesel,2,165.0,125.0,1929.0,
2021,FORD,GALAXY EDITION,ICE,diesel,46,164.0,110.0,1929.0,
2021,FORD,GALAXY EDITION,HEV,petrol,22,148.0,110.0,1978.0,
2021,FORD,GALAXY TITANIUM,ICE,diesel,955,169.0,117.0,1945.0,
2021,FORD,GALAXY TITANIUM,HEV,petrol,141,148.0,110.0,1973.0,
2021,FORD,GALAXY TREND,ICE,diesel,128,164.0,112.0,1936.0,
2021,FORD,GALAXY TREND,HEV,petrol,3,148.0,110.0,1978.0,
2021,FORD,GALAXY VIGNALE,ICE,diesel,128,181.0,140.0,1998.0,
2021,FORD,GALAXY VIGNALE,HEV,petrol,22,149.0,110.0,1971.0,
2021,FORD,GR. TOURNEO CONNECT ACT.,ICE,diesel,8,158.0,86.0,1807.0,
2021,FORD,GR. TOURNEO CONNECT TIT.,ICE,diesel,38,153.0,87.0,1767.0,
2021,FORD,GR. TOURNEO CONNECT TREND,ICE,diesel,69,150.0,85.0,1768.0,
2021,FORD,KUGA,HEV,diesel,11,133.0,110.0,1680.0,
2021,FORD,KUGA,ICE,petrol,1,149.0,110.0,1564.0,
2021,FORD,KUGA,PHEV,petrol/electric,14,32.0,112.0,1844.0,72.0
2021,FORD,KUGA COOL & CONNECT,ICE,diesel,182,133.0,94.0,1619.0,
2021,FORD,KUGA COOL & CONNECT,HEV,petrol,17,131.0,112.0,1773.0,
2021,FORD,KUGA COOL & CONNECT,ICE,petrol,149,152.0,89.0,1564.0,
2021,FORD,KUGA COOL & CONNECT,PHEV,petrol/electric,13,28.0,112.0,1844.0,160.0
2021,FORD,KUGA ST- LINE,HEV,diesel,16,131.0,110.0,1680.0,
2021,FORD,KUGA ST- LINE,ICE,diesel,178,139.0,99.0,1637.0,
2021,FORD,KUGA ST- LINE,HEV,petrol,66,133.0,112.0,1773.0,
2021,FORD,KUGA ST- LINE,ICE,petrol,22,153.0,110.0,1564.0,
2021,FORD,KUGA ST- LINE,PHEV,petrol/electric,216,32.0,112.0,1844.0,163.0
2021,FORD,KUGA ST- LINE X,HEV,diesel,45,133.0,110.0,1680.0,
2021,FORD,KUGA ST- LINE X,ICE,diesel,71,155.0,140.0,1735.0,
2021,FORD,KUGA ST- LINE X,HEV,petrol,19,134.0,112.0,1773.0,
2021,FORD,KUGA ST- LINE X,ICE,petrol,12,155.0,110.0,1564.0,
2021,FORD,KUGA ST- LINE X,PHEV,petrol/electric,91,32.0,112.0,1844.0,120.0
2021,FORD,KUGA ST-LINE,HEV,diesel,1,128.0,110.0,1680.0,
2021,FORD,KUGA ST-LINE,ICE,diesel,52,136.0,89.0,1604.0,
2021,FORD,KUGA ST-LINE,HEV,petrol,6,131.0,112.0,1773.0,
2021,FORD,KUGA ST-LINE,ICE,petrol,3,149.0,110.0,1564.0,
2021,FORD,KUGA ST-LINE,PHEV,petrol/electric,34,22.0,112.0,1844.0,148.0
2021,FORD,KUGA ST-LINE X,ICE,diesel,3,152.0,140.0,1735.0,
2021,FORD,KUGA ST-LINE X,HEV,petrol,8,134.0,112.0,1773.0,
2021,FORD,KUGA ST-LINE X,ICE,petrol,3,152.0,110.0,1564.0,
2021,FORD,KUGA ST-LINE X,PHEV,petrol/electric,59,23.0,112.0,1844.0,150.0
2021,FORD,KUGA TITANIUM,HEV,diesel,22,130.0,110.0,1680.0,
2021,FORD,KUGA TITANIUM,ICE,diesel,253,134.0,93.0,1609.0,
2021,FORD,KUGA TITANIUM,HEV,petrol,24,131.0,112.0,1773.0,
2021,FORD,KUGA TITANIUM,ICE,petrol,33,150.0,110.0,1564.0,
2021,FORD,KUGA TITANIUM,PHEV,petrol/electric,87,29.0,112.0,1844.0,157.0
2021,FORD,KUGA TITANIUM X,HEV,diesel,38,131.0,110.0,1680.0,
2021,FORD,KUGA TITANIUM X,ICE,diesel,88,145.0,109.0,1654.0,
2021,FORD,KUGA TITANIUM X,HEV,petrol,40,131.0,112.0,1773.0,
2021,FORD,KUGA TITANIUM X,ICE,petrol,13,151.0,110.0,1564.0,
2021,FORD,KUGA TITANIUM X,PHEV,petrol/electric,119,29.0,112.0,1844.0,157.0
2021,FORD,KUGA TREND,ICE,petrol,9,152.0,88.0,1564.0,
2021,FORD,KUGA VIGNALE,HEV,diesel,4,130.0,110.0,1680.0,
2021,FORD,KUGA VIGNALE,ICE,diesel,25,155.0,140.0,1735.0,
2021,FORD,KUGA VIGNALE,HEV,petrol,49,134.0,112.0,1773.0,
2021,FORD,KUGA VIGNALE,ICE,petrol,4,153.0,110.0,1564.0,
2021,FORD,KUGA VIGNALE,PHEV,petrol/electric,120,29.0,112.0,1844.0,161.0
2021,FORD,MONDEO,ICE,diesel,5,140.0,116.0,1732.0,
2021,FORD,MONDEO BUSINESS,ICE,diesel,2,135.0,99.0,1724.0,
2021,FORD,MONDEO ST- LINE,ICE,diesel,16,143.0,115.0,1734.0,
2021,FORD,MONDEO ST- LINE TURNIER,ICE,diesel,7,148.0,110.0,1742.0,
2021,FORD,MONDEO TITANIUM,ICE,diesel,23,133.0,110.0,1719.0,
2021,FORD,MONDEO TITANIUM TURNIER,ICE,diesel,31,139.0,114.0,1738.0,
2021,FORD,MONDEO TREND,ICE,diesel,11,133.0,90.0,1717.0,
2021,FORD,MONDEO TREND TURNIER,ICE,diesel,15,138.0,98.0,1730.0,
2021,FORD,MONDEO TURNIER ST- LINE,ICE,diesel,1,151.0,140.0,1752.0,
2021,FORD,MONDEO TURNIER TREND,ICE,diesel,1,136.0,110.0,1728.0,
2021,FORD,MONDEO VIGNALE,ICE,diesel,4,157.0,140.0,1779.0,
2021,FORD,MONDEO VIGNALE TURNIER,ICE,diesel,2,159.0,140.0,1789.0,
2021,FORD,MUSTANG BULLITT,ICE,petrol,5,270.0,340.8,1840.0,
2021,FORD,MUSTANG CONVERTIBLE,ICE,petrol,8,242.0,286.0,1857.0,
2021,FORD,MUSTANG CONVERTIBLE GT,ICE,petrol,17,264.0,330.0,1891.0,
2021,FORD,MUSTANG FASTBACK,ICE,petrol,5,257.0,330.0,1831.0,
2021,FORD,MUSTANG FASTBACK GT,ICE,petrol,9,258.0,330.0,1830.0,
2021,FORD,MUSTANG FASTBACK MACH 1,ICE,petrol,15,274.0,338.0,1841.0,
2021,FORD,MUSTANG MACH-E,BEV,electric,394,0.0,100.0,2126.0,167.0
2021,FORD,MUSTANG MACH-E 1. EDITION,BEV,electric,1,0.0,124.0,2257.0,187.0
2021,FORD,MUSTANG MACH-E AWD,BEV,electric,507,0.0,124.0,2237.0,188.0
2021,FORD,MUSTANG MACH-E GT,BEV,electric,10,0.0,200.0,2348.0,200.0
2021,FORD,PUMA,HEV,petrol,3,128.0,91.0,1280.0,
2021,FORD,PUMA,ICE,petrol,1,138.0,91.0,1326.0,
2021,FORD,PUMA COOL & CONNECT,HEV,petrol,59,125.0,91.0,1285.0,
2021,FORD,PUMA COOL & CONNECT,ICE,petrol,466,129.0,69.0,1287.0,
2021,FORD,PUMA ST,ICE,petrol,30,155.0,147.0,1358.0,
2021,FORD,PUMA ST X,ICE,petrol,30,155.0,147.0,1359.0,
2021,FORD,PUMA ST- LINE,ICE,diesel,15,118.0,88.0,1348.0,
2021,FORD,PUMA ST- LINE,HEV,petrol,158,127.0,91.0,1280.0,
2021,FORD,PUMA ST- LINE,ICE,petrol,55,138.0,91.0,1320.0,
2021,FORD,PUMA ST- LINE VIGNALE,ICE,diesel,3,121.0,88.0,1348.0,
2021,FORD,PUMA ST- LINE VIGNALE,HEV,petrol,10,132.0,95.0,1280.0,
2021,FORD,PUMA ST- LINE VIGNALE,ICE,petrol,18,144.0,91.0,1326.0,
2021,FORD,PUMA ST- LINE X,ICE,diesel,9,118.0,88.0,1348.0,
2021,FORD,PUMA ST- LINE X,HEV,petrol,120,128.0,97.0,1280.0,
2021,FORD,PUMA ST- LINE X,ICE,petrol,64,141.0,91.0,1326.0,
2021,FORD,PUMA ST-LINE,ICE,diesel,9,119.0,88.0,1383.0,
2021,FORD,PUMA ST-LINE,HEV,petrol,141,124.0,91.0,1333.0,
2021,FORD,PUMA ST-LINE VIGNALE,HEV,petrol,37,133.0,97.0,1357.0,
2021,FORD,PUMA ST-LINE X,ICE,diesel,3,118.0,88.0,1387.0,
2021,FORD,PUMA ST-LINE X,HEV,petrol,86,129.0,93.0,1349.0,
2021,FORD,PUMA TITANIUM,ICE,diesel,48,119.0,88.0,1361.0,
2021,FORD,PUMA TITANIUM,HEV,petrol,312,125.0,91.0,1306.0,
2021,FORD,PUMA TITANIUM,ICE,petrol,101,138.0,91.0,1323.0,
2021,FORD,PUMA TITANIUM X,ICE,diesel,15,121.0,88.0,1355.0,
2021,FORD,PUMA TITANIUM X,HEV,petrol,94,128.0,93.0,1327.0,
2021,FORD,PUMA TITANIUM X,ICE,petrol,44,141.0,91.0,1321.0,
2021,FORD,S-MAX,ICE,diesel,2,163.0,110.0,1903.0,
2021,FORD,S-MAX EDITION,ICE,diesel,3,159.0,110.0,1902.0,
2021,FORD,S-MAX ST- LINE,ICE,diesel,24,166.0,116.0,1910.0,
2021,FORD,S-MAX ST- LINE,HEV,petrol,12,147.0,110.0,1913.0,
2021,FORD,S-MAX ST-LINE,ICE,diesel,1,175.0,140.0,1984.0,
2021,FORD,S-MAX ST-LINE,HEV,petrol,3,147.0,110.0,1917.0,
2021,FORD,S-MAX TITANIUM,ICE,diesel,26,161.0,111.0,1902.0,
2021,FORD,S-MAX TITANIUM,HEV,petrol,10,146.0,110.0,1906.0,
2021,FORD,S-MAX TREND,ICE,diesel,11,157.0,110.0,1901.0,
2021,FORD,S-MAX VIGNALE,HEV,petrol,3,147.0,110.0,1902.0,
2021,FORD,SHELBY MUSTANG,ICE,petrol,1,,552.0,1800.0,
2021,FORD,TOURNEO CONNECT,ICE,diesel,2,162.0,88.0,1776.0,
2021,FORD,TOURNEO CONNECT ACTIVE,ICE,diesel,10,149.0,82.0,1749.0,
2021,FORD,TOURNEO CONNECT AMBIENTE,ICE,diesel,1,140.0,55.0,1662.0,
2021,FORD,TOURNEO CONNECT TITANIUM,ICE,diesel,60,151.0,82.0,1720.0,
2021,FORD,TOURNEO CONNECT TREND,ICE,diesel,142,146.0,78.0,1683.0,
2021,FORD,TOURNEO COURIER SPORT,ICE,diesel,8,137.0,73.0,1361.0,
2021,FORD,TOURNEO COURIER TITANIUM,ICE,diesel,69,135.0,71.0,1362.0,
2021,FORD,TOURNEO COURIER TREND,ICE,diesel,58,134.0,64.0,1355.0,
2021,FORD,TOURNEO CUSTOM,HEV,diesel,1,201.0,136.0,2357.0,
2021,FORD,TOURNEO CUSTOM,ICE,diesel,2,212.0,115.0,2331.0,
2021,FORD,TOURNEO CUSTOM ACTIVE,HEV,diesel,42,199.0,110.0,2335.0,
2021,FORD,TOURNEO CUSTOM ACTIVE,ICE,diesel,67,221.0,127.0,2366.0,
2021,FORD,TOURNEO CUSTOM BASIS,HEV,diesel,2,201.0,136.0,2376.0,
2021,FORD,TOURNEO CUSTOM BASIS,ICE,diesel,8,216.0,120.0,2320.0,
2021,FORD,TOURNEO CUSTOM BUS TREND,HEV,diesel,4,192.0,95.0,2311.0,
2021,FORD,TOURNEO CUSTOM BUS TREND,ICE,diesel,10,199.0,95.0,2284.0,
2021,FORD,TOURNEO CUSTOM SPORT,HEV,diesel,3,195.0,136.0,2489.0,
2021,FORD,TOURNEO CUSTOM SPORT,ICE,diesel,55,216.0,136.0,2454.0,
2021,FORD,TOURNEO CUSTOM TITANIUM,HEV,diesel,24,198.0,103.0,2330.0,
2021,FORD,TOURNEO CUSTOM TITANIUM,ICE,diesel,227,213.0,106.0,2328.0,
2021,FORD,TOURNEO CUSTOM TITANIUM,PHEV,petrol/electric,7,80.0,61.0,2524.0,219.0
2021,FORD,TOURNEO CUSTOM TITANIUM X,HEV,diesel,3,202.0,136.0,2326.0,
2021,FORD,TOURNEO CUSTOM TITANIUM X,ICE,diesel,72,218.0,136.0,2343.0,
2021,FORD,TOURNEO CUSTOM TREND,HEV,diesel,4,196.0,95.0,2345.0,
2021,FORD,TOURNEO CUSTOM TREND,ICE,diesel,25,203.0,97.0,2310.0,
2021,FORD,TRANSIT CONNECT,ICE,diesel,1,149.0,73.0,1782.0,
2021,FORD,TRANSIT CONNECT TREND,ICE,diesel,21,146.0,85.0,1725.0,
2021,FORD,TRANSIT CUSTOM,ICE,diesel,5,195.0,77.0,2059.0,
2021,FORD,TRANSIT CUSTOM ACTIVE,HEV,diesel,2,200.0,95.0,2376.0,
2021,FORD,TRANSIT CUSTOM BASIS,HEV,diesel,1,190.0,77.0,2066.0,
2021,FORD,TRANSIT CUSTOM BASIS,ICE,diesel,26,196.0,84.0,2048.0,
2021,FORD,TRANSIT CUSTOM TREND,HEV,diesel,38,192.0,101.0,2106.0,
2021,FORD,TRANSIT CUSTOM TREND,ICE,diesel,196,201.0,98.0,2103.0,
2021,FORD,TRANSIT CUSTOM TREND,PHEV,petrol/electric,2,70.0,61.0,2279.0,199.0
2021,FORD,TRANSIT KASTEN TREND,ICE,diesel,2,177.0,99.0,1811.0,
2021,FORD,TRANSIT KOMBI TRAIL,HEV,diesel,2,215.0,125.0,2294.0,
2021,FORD,TRANSIT KOMBI TREND,HEV,diesel,1,213.0,95.0,2294.0,
2021,FORD,TRANSIT KOMBI TREND,ICE,diesel,7,219.0,99.0,2256.0,
2021,FORD,TRANSIT LIMITED,ICE,diesel,1,247.0,125.0,2347.0,
2021,FORD,TRANSIT TREND,HEV,diesel,1,211.0,95.0,2241.0,
2021,FORD,TRANSIT TREND,ICE,diesel,20,220.0,87.0,2241.0,
2021,FORD,TRANSIT VARIOBUS TREND,HEV,diesel,1,219.0,96.0,2241.0,
2021,FORD,TRANSIT VARIOBUS TREND,ICE,diesel,2,221.0,96.0,2211.0,
2021,FORD,TROURNEO CUSTOM ACTIVE,HEV,diesel,1,201.0,95.0,2376.0,
2021,FORD - CNG-TECHNIK,MONDEO HYBRID,HEV,petrol,63,130.0,103.0,1715.0,
2021,FORD - CNG-TECHNIK,MONDEO ST- LINE TURNIER,HEV,petrol,3,133.0,103.0,1716.0,
2021,FORD - CNG-TECHNIK,MONDEO TITANIUM TURNIER,HEV,petrol,22,130.0,103.0,1716.0,
2021,FORD-CNG-TECHNIK,MONDEO ST- LINE TURNIER,HEV,petrol,4,134.0,103.0,1716.0,
2021,FORD-CNG-TECHNIK,MONDEO ST-LINE,HEV,petrol,4,133.0,103.0,1716.0,
2021,FORD-CNG-TECHNIK,MONDEO TITANIUM,HEV,petrol,8,130.0,103.0,1716.0,
2021,FORD-CNG-TECHNIK,MONDEO TITANIUM TURNIER,HEV,petrol,12,130.0,103.0,1716.0,
2021,FORD-CNG-TECHNIK,MONDEO VIGNALE,HEV,petrol,2,133.0,103.0,1716.0,
2021,FORD-CNG-TECHNIK,MONDEO VIGNALE TURNIER,HEV,petrol,1,133.0,103.0,1716.0,
2021,HONDA,CIVIC 4D 1.5 ELEGANC,ICE,petrol,11,139.0,134.0,1364.0,
2021,HONDA,CIVIC 4D 1.5 EXECUTI,ICE,petrol,15,142.0,134.0,1370.0,
2021,HONDA,CIVIC 5D 1.0 COMFORT,ICE,petrol,28,137.0,93.0,1352.0,
2021,HONDA,CIVIC 5D 1.0 ELEGANC,ICE,petrol,54,139.0,93.0,1353.0,
2021,HONDA,CIVIC 5D 1.0 EXECUTI,ICE,petrol,31,143.0,93.0,1354.0,
2021,HONDA,CIVIC 5D 1.5 SPORT P,ICE,petrol,40,142.0,134.0,1387.0,
2021,HONDA,CIVIC 5D 1.6 ELEGANC,ICE,diesel,12,119.0,88.0,1413.0,
2021,HONDA,CIVIC 5D 1.6 EXECUTI,ICE,diesel,20,121.0,88.0,1413.0,
2021,HONDA,CIVIC 5DR,ICE,petrol,2,145.0,134.0,1395.0,
2021,HONDA,CIVIC TYPE R 2.0 TYP,ICE,petrol,15,192.0,235.0,1433.0,
2021,HONDA,CR-V E:HEV 2WD 2.0 C,HEV,petrol,1,151.0,107.0,1685.0,
2021,HONDA,CR-V E:HEV 2WD 2.0 E,HEV,petrol,16,151.0,107.0,1685.0,
2021,HONDA,CR-V E:HEV 2WD 2.0 L,HEV,petrol,14,151.0,107.0,1685.0,
2021,HONDA,CR-V E:HEV 2WD 2.0 S,HEV,petrol,18,151.0,107.0,1685.0,
2021,HONDA,CR-V E:HEV 4WD 2.0 E,HEV,petrol,40,162.0,107.0,1743.0,
2021,HONDA,CR-V E:HEV 4WD 2.0 L,HEV,petrol,12,161.0,107.0,1743.0,
2021,HONDA,CR-V E:HEV 4WD 2.0 S,HEV,petrol,22,161.0,107.0,1743.0,
2021,HONDA,CR-V HYBRID 2WD 2.0,HEV,petrol,42,156.0,107.0,1685.0,
2021,HONDA,CR-V HYBRID 4WD 2.0,HEV,petrol,76,167.0,107.0,1743.0,
2021,HONDA,E EV ADVANCE,BEV,electric,57,0.0,60.0,1595.0,177.0
2021,HONDA,E EV BASE,BEV,electric,2,0.0,60.0,1588.0,172.0
2021,HONDA,HR-V 1.5 ELEGANCE,ICE,petrol,24,149.0,96.0,1316.0,
2021,HONDA,HR-V 1.5 EXECUTIVE,ICE,petrol,43,154.0,96.0,1318.0,
2021,HONDA,HR-V 1.5 SPORT,ICE,petrol,12,161.0,134.0,1448.0,
2021,HONDA,HR-V 1.6 ELEGANCE,ICE,diesel,3,132.0,88.0,1416.0,
2021,HONDA,HR-V 1.6 EXECUTIVE,ICE,diesel,6,135.0,88.0,1416.0,
2021,HONDA,JAZZ 1.5 COMFORT,HEV,petrol,79,102.0,72.0,1300.0,
2021,HONDA,JAZZ 1.5 ELEGANCE,HEV,petrol,84,102.0,72.0,1300.0,
2021,HONDA,JAZZ 1.5 EXECUTIVE,HEV,petrol,95,104.0,72.0,1300.0,
2021,HONDA,JAZZ CROSSTAR 1.5 EX,HEV,petrol,157,109.0,72.0,1325.0,
2021,HONDA,NSX,HEV,petrol,1,242.0,373.0,1847.0,
2021,HYUNDAI,BAYON,ICE,petrol,546,125.0,71.0,1165.0,
2021,HYUNDAI,I10,ICE,petrol,955,120.0,54.0,1010.0,
2021,HYUNDAI,I20,ICE,petrol,1782,120.0,65.0,1111.0,
2021,HYUNDAI,I20N,ICE,petrol,27,158.0,150.0,1265.0,
2021,HYUNDAI,I30,ICE,diesel,513,123.0,87.0,1434.0,
2021,HYUNDAI,I30,ICE,petrol,1350,131.0,93.0,1329.0,
2021,HYUNDAI,I30N,ICE,petrol,58,190.0,205.0,1526.0,
2021,HYUNDAI,IONIQ,BEV,electric,224,0.0,25.0,1602.0,138.0
2021,HYUNDAI,IONIQ,HEV,petrol,93,103.0,77.0,1436.0,
2021,HYUNDAI,IONIQ,PHEV,petrol/electric,54,26.0,77.0,1570.0,117.0
2021,HYUNDAI,IONIQ5,BEV,electric,915,0.0,66.0,2049.0,176.0
2021,HYUNDAI,KONA,ICE,diesel,157,145.0,99.0,1516.0,
2021,HYUNDAI,KONA,BEV,electric,611,0.0,27.0,1745.0,147.0
2021,HYUNDAI,KONA,HEV,petrol,845,130.0,84.0,1371.0,
2021,HYUNDAI,KONA,ICE,petrol,180,135.0,89.0,1330.0,
2021,HYUNDAI,KONAN,ICE,petrol,10,194.0,206.0,1585.0,
2021,HYUNDAI,NEXO,ICE,hydrogen,7,0.0,120.0,1889.0,
2021,HYUNDAI,SANTAFE,ICE,diesel,111,179.0,147.0,1870.0,
2021,HYUNDAI,SANTAFE,PHEV,petrol/electric,72,37.0,132.0,2040.0,181.0
2021,HYUNDAI,STARIAPREMIUM,ICE,diesel,4,228.0,130.0,2443.0,
2021,HYUNDAI,TUCSON,ICE,diesel,1188,149.0,97.0,1636.0,
2021,HYUNDAI,TUCSON,HEV,petrol,597,139.0,132.0,1683.0,
2021,HYUNDAI,TUCSON,ICE,petrol,1119,153.0,112.0,1539.0,
2021,HYUNDAI,TUCSON,PHEV,petrol/electric,504,31.0,132.0,1893.0,177.0
2021,JAC,IEV7S,BEV,electric,4,0.0,30.0,1535.0,161.0
2021,JAC,"IEV7S, E-S2, E-S2",BEV,electric,17,0.0,30.0,1535.0,161.0
2021,JAGUAR,E-PACE 2.0DI4 D150 AWD,ICE,diesel,11,191.0,110.0,1904.0,
2021,JAGUAR,E-PACE 2.0DI4 D150 FW,ICE,diesel,1,175.0,110.0,1813.0,
2021,JAGUAR,E-PACE 2.0DI4 D150 R-DY,ICE,diesel,1,196.0,110.0,1904.0,
2021,JAGUAR,E-PACE 2.0DI4 D150 S A,ICE,diesel,2,195.0,110.0,1904.0,
2021,JAGUAR,E-PACE 2.0DI4 D180 R-DY,ICE,diesel,1,196.0,132.0,1904.0,
2021,JAGUAR,E-PACE 2.0I4 P200 R-DYN,ICE,petrol,2,221.0,147.0,1887.0,
2021,JAGUAR,E-PACE D165 AWD AUT.,ICE,diesel,33,169.0,120.0,1971.0,
2021,JAGUAR,E-PACE D165 FWD,ICE,diesel,2,162.0,120.0,1855.0,
2021,JAGUAR,E-PACE D165 R-DYNAMIC A,ICE,diesel,4,169.0,120.0,1971.0,
2021,JAGUAR,E-PACE D165 R-DYNAMIC F,ICE,diesel,1,164.0,120.0,1855.0,
2021,JAGUAR,E-PACE D165 R-DYNAMIC H,ICE,diesel,2,174.0,150.0,1989.0,
2021,JAGUAR,E-PACE D165 R-DYNAMIC S,ICE,diesel,16,173.0,131.0,1977.0,
2021,JAGUAR,E-PACE D165 S AWD AUT.,ICE,diesel,16,171.0,120.0,1971.0,
2021,JAGUAR,E-PACE D165 S FWD,ICE,diesel,1,163.0,120.0,1855.0,
2021,JAGUAR,E-PACE D165 SE AWD AUT.,ICE,diesel,2,172.0,120.0,1971.0,
2021,JAGUAR,E-PACE D200 AWD AUT.,ICE,diesel,1,174.0,150.0,1989.0,
2021,JAGUAR,E-PACE D200 R-DYNAMIC S,ICE,diesel,6,173.0,150.0,1989.0,
2021,JAGUAR,E-PACE D200 S AWD AUT.,ICE,diesel,24,172.0,150.0,1989.0,
2021,JAGUAR,E-PACE D200 SE AWD AUT.,ICE,diesel,1,173.0,150.0,1989.0,
2021,JAGUAR,E-PACE P160 AUT.FWD,ICE,petrol,2,181.0,118.0,1837.0,
2021,JAGUAR,E-PACE P160 R-DYNAMIC A,ICE,petrol,1,184.0,118.0,1837.0,
2021,JAGUAR,E-PACE P160 S AUT.FWD,ICE,petrol,1,182.0,118.0,1837.0,
2021,JAGUAR,E-PACE P200 AUT.AWD,ICE,petrol,1,203.0,147.0,1911.0,
2021,JAGUAR,E-PACE P200 R-DYNAMIC A,ICE,petrol,1,203.0,147.0,1911.0,
2021,JAGUAR,E-PACE P200 R-DYNAMIC S,ICE,petrol,2,203.0,147.0,1911.0,
2021,JAGUAR,E-PACE P200 S AUT.AWD,ICE,petrol,4,202.0,147.0,1911.0,
2021,JAGUAR,E-PACE P200 SE AUT.AWD,ICE,petrol,1,204.0,147.0,1911.0,
2021,JAGUAR,E-PACE P250 R-DYNAMIC H,ICE,petrol,2,210.0,183.0,1935.0,
2021,JAGUAR,E-PACE P300E R-DYNAMIC,PHEV,petrol/electric,21,44.0,147.0,2202.0,
2021,JAGUAR,F-PACE 20D AWD CHEQUERE,ICE,diesel,1,188.0,132.0,1882.0,
2021,JAGUAR,F-PACE 20D AWD R-SPORT,ICE,diesel,1,188.0,132.0,1882.0,
2021,JAGUAR,F-PACE 5.0 V8 SVR AWD,ICE,petrol,1,281.0,405.0,2090.0,
2021,JAGUAR,F-PACE D165 AWD AUT.,ICE,diesel,2,164.0,120.0,1991.0,
2021,JAGUAR,F-PACE D165 S AWD AUT.,ICE,diesel,5,166.0,120.0,1991.0,
2021,JAGUAR,F-PACE D165 SE AWD AUT.,ICE,diesel,1,171.0,120.0,1991.0,
2021,JAGUAR,F-PACE D200 R-DYNAMIC S AWD A,ICE,diesel,5,169.0,150.0,1991.0,
2021,JAGUAR,F-PACE D200 R-DYNAMIC SE AWD,ICE,diesel,7,170.0,150.0,1991.0,
2021,JAGUAR,F-PACE D200 S AWD AUT.,ICE,diesel,40,167.0,150.0,1991.0,
2021,JAGUAR,F-PACE D200 SE AWD AUT.,ICE,diesel,7,171.0,150.0,1991.0,
2021,JAGUAR,F-PACE D300 HSE AWD AUT.,ICE,diesel,1,204.0,221.0,2115.0,
2021,JAGUAR,F-PACE D300 R-DYNAMIC HSE AWD,ICE,diesel,2,201.0,221.0,2115.0,
2021,JAGUAR,F-PACE D300 R-DYNAMIC S AWD AU,ICE,diesel,1,202.0,221.0,2115.0,
2021,JAGUAR,F-PACE D300 R-DYNAMIC SE AWD A,ICE,diesel,5,201.0,221.0,2115.0,
2021,JAGUAR,F-PACE D300 S AWD AUT.,ICE,diesel,1,196.0,221.0,2115.0,
2021,JAGUAR,F-PACE D300 SE AWD AUT.,ICE,diesel,3,200.0,221.0,2115.0,
2021,JAGUAR,F-PACE P250 R-DYNAMIC S AWD AU,ICE,petrol,1,222.0,184.0,1934.0,
2021,JAGUAR,F-PACE P250 R-DYNAMIC SE AWD A,ICE,petrol,2,221.0,184.0,1934.0,
2021,JAGUAR,F-PACE P400 HSE AWD AUT.,ICE,petrol,1,226.0,294.0,2059.0,
2021,JAGUAR,F-PACE P400 R-DYNAMIC HSE AWD,ICE,petrol,5,227.0,294.0,2059.0,
2021,JAGUAR,F-PACE P400 R-DYNAMIC SE AWD A,ICE,petrol,2,226.0,294.0,2059.0,
2021,JAGUAR,F-PACE P400E HSE AWD AUT.,PHEV,petrol/electric,1,52.0,221.0,2222.0,
2021,JAGUAR,F-PACE P400E R-DYNAMIC HSE AWD,PHEV,petrol/electric,3,54.0,221.0,2222.0,
2021,JAGUAR,F-PACE P400E R-DYNAMIC S AWD A,PHEV,petrol/electric,2,53.0,221.0,2222.0,
2021,JAGUAR,F-PACE P400E R-DYNAMIC SE AWD,PHEV,petrol/electric,11,53.0,221.0,2222.0,
2021,JAGUAR,F-PACE P400E S AWD AUT.,PHEV,petrol/electric,4,51.0,221.0,2222.0,
2021,JAGUAR,F-PACE P400E SE AWD AUT.,PHEV,petrol/electric,1,52.0,221.0,2222.0,
2021,JAGUAR,F-PACE SVR AWD AUT.,ICE,petrol,12,275.0,405.0,2149.0,
2021,JAGUAR,F-TYPE 3.0 S/C 380 RD COUPE AW,ICE,petrol,1,253.0,280.0,1818.0,
2021,JAGUAR,F-TYPE FIRST EDITION P300 COUP,ICE,petrol,1,217.0,221.0,1688.0,
2021,JAGUAR,F-TYPE FIRST EDITION P450 COUP,ICE,petrol,1,250.0,331.0,1890.0,
2021,JAGUAR,F-TYPE P300 CONVERTIBLE AUT.,ICE,petrol,1,218.0,221.0,1708.0,
2021,JAGUAR,F-TYPE P300 R-DYNAMIC COUPE A,ICE,petrol,3,217.0,221.0,1688.0,
2021,JAGUAR,F-TYPE P450 R-DYNAMIC CONVERT,ICE,petrol,2,242.0,331.0,1827.0,
2021,JAGUAR,F-TYPE P575 R AWD COUPE AUT.,ICE,petrol,5,243.0,423.0,1902.0,
2021,JAGUAR,F-TYPE R CONVERTIBLE AWD AUT.,ICE,petrol,1,243.0,423.0,1904.0,
2021,JAGUAR,F-TYPE R P450 COUPE AWD AUT.,ICE,petrol,2,243.0,423.0,1890.0,
2021,JAGUAR,F-TYPE R-DYNAMIC P300 COUPE AU,ICE,petrol,7,216.0,221.0,1688.0,
2021,JAGUAR,F-TYPE R-DYNAMIC P450 CONVERTI,ICE,petrol,1,242.0,331.0,1811.0,
2021,JAGUAR,F-TYPE R-DYNAMIC P450 COUPE AW,ICE,petrol,4,249.0,331.0,1890.0,
2021,JAGUAR,I-PACE EV320 S AWD,BEV,electric,348,0.0,172.0,2244.0,
2021,JAGUAR,I-PACE EV400 BLACK AWD,BEV,electric,2,0.0,172.0,2244.0,
2021,JAGUAR,I-PACE EV400 HSE AWD,BEV,electric,14,0.0,172.0,2244.0,
2021,JAGUAR,I-PACE EV400 S AWD,BEV,electric,11,0.0,172.0,2244.0,
2021,JAGUAR,I-PACE EV400 SE AWD,BEV,electric,9,0.0,172.0,2244.0,
2021,JAGUAR,XE,ICE,diesel,1,152.0,150.0,1809.0,
2021,JAGUAR,XE D180 R-DYNAMIC SE AU,ICE,diesel,1,148.0,132.0,1678.0,
2021,JAGUAR,XE D200 HSE AUT.,ICE,diesel,1,129.0,150.0,1754.0,
2021,JAGUAR,XE D200 R-DYNAMIC BLACK,ICE,diesel,4,145.0,150.0,1781.0,
2021,JAGUAR,XE D200 R-DYNAMIC S AWD,ICE,diesel,3,144.0,150.0,1809.0,
2021,JAGUAR,XE D200 R-DYNAMIC SE AU,ICE,diesel,1,130.0,150.0,1754.0,
2021,JAGUAR,XE D200 S AUT.,ICE,diesel,3,128.0,150.0,1754.0,
2021,JAGUAR,XE D200 S AWD AUT.,ICE,diesel,2,145.0,150.0,1809.0,
2021,JAGUAR,XE D200 SE AUT.,ICE,diesel,1,129.0,150.0,1754.0,
2021,JAGUAR,XE D200 SE AWD AUT.,ICE,diesel,2,144.0,150.0,1809.0,
2021,JAGUAR,XE P250 R-DYNAMIC BLACK,ICE,petrol,1,180.0,184.0,1645.0,
2021,JAGUAR,XE P250 R-DYNAMIC S AUT,ICE,petrol,1,182.0,184.0,1645.0,
2021,JAGUAR,XE P250 R-DYNAMIC SE AU,ICE,petrol,1,185.0,184.0,1645.0,
2021,JAGUAR,XE P250 S AUT.,ICE,petrol,2,179.0,184.0,1645.0,
2021,JAGUAR,XE P300 R-DYNAMIC BLACK,ICE,petrol,1,198.0,221.0,1722.0,
2021,JAGUAR,XE P300 R-DYNAMIC SE AW,ICE,petrol,1,200.0,221.0,1722.0,
2021,JAGUAR,XF,ICE,diesel,1,151.0,132.0,1775.0,
2021,JAGUAR,XF D200 R-DYNAMIC SE A,ICE,diesel,10,151.0,150.0,1908.0,
2021,JAGUAR,XF D200 S AWD AUT.,ICE,diesel,2,145.0,150.0,1908.0,
2021,JAGUAR,XF D200 SE AWD AUT.,ICE,diesel,1,151.0,150.0,1908.0,
2021,JAGUAR,XF P250 S AUT.,ICE,petrol,1,183.0,184.0,1782.0,
2021,JAGUAR,XF P250 SE AUT.,ICE,petrol,1,184.0,184.0,1782.0,
2021,JAGUAR,XF P300 HSE AWD AUT.,ICE,petrol,1,206.0,221.0,1854.0,
2021,JAGUAR,XF P300 SE AWD AUT.,ICE,petrol,1,201.0,221.0,1854.0,
2021,JAGUAR,XF SPORTBRAKE 20D AWD C,ICE,diesel,1,175.0,132.0,1871.0,
2021,JAGUAR,XF SPORTBRAKE D200 R-D,ICE,diesel,1,158.0,150.0,1971.0,
2021,JAGUAR,XF SPORTBRAKE D200 S A,ICE,diesel,4,154.0,150.0,1971.0,
2021,JEEP,COMPASS,ICE,diesel,197,148.0,95.0,1632.0,
2021,JEEP,COMPASS,ICE,petrol,453,156.0,103.0,1505.0,
2021,JEEP,COMPASS,PHEV,petrol/electric,378,46.0,109.0,1935.0,166.0
2021,JEEP,RENEGADE,ICE,diesel,216,142.0,94.0,1513.0,
2021,JEEP,RENEGADE,ICE,petrol,291,150.0,96.0,1395.0,
2021,JEEP,RENEGADE,PHEV,petrol/electric,197,48.0,103.0,1845.0,166.0
2021,JEEP,RUBICON 4X4,ICE,petrol,2,367.0,350.0,2386.0,
2021,JEEP,WRANGLER,ICE,petrol,25,255.0,200.0,1936.0,
2021,JEEP,WRANGLER UNLIMITED,ICE,diesel,32,246.0,147.0,2121.0,
2021,JEEP,WRANGLER UNLIMITED,ICE,petrol,18,258.0,200.0,2058.0,
2021,JEEP,WRANGLER UNLIMITED,PHEV,petrol/electric,203,84.0,200.0,2371.0,227.0
2021,KIA,CEED,ICE,petrol,1,125.0,73.0,1335.0,
2021,KIA,CEED SW 1.5 TGDI,ICE,petrol,1,132.0,117.0,1377.0,
2021,KIA,CEED SW 1.5 TGDI DCT,ICE,petrol,1,135.0,117.0,1407.0,
2021,KIA,CEED SW 1.6 CRDI DCT 48V,HEV,diesel,1,122.0,100.0,1482.0,
2021,KIA,CEED SW 1.6 GDI PHEV,PHEV,petrol/electric,1,29.0,77.0,1608.0,116.0
2021,KIA,CEED/GOLD/UVO/1.0 TGDI/MT6/100,ICE,petrol,3,126.0,73.0,1298.0,
2021,KIA,CEED/GOLD/UVO/1.0 TGDI/MT6/120,ICE,petrol,2,126.0,88.0,1298.0,
2021,KIA,CEED/GOLD/UVO/1.4 TGDI GPF/DCT,ICE,petrol,1,142.0,103.0,1345.0,
2021,KIA,CEED/GOLD/UVO/1.4 TGDI GPF/MT6,ICE,petrol,2,146.0,103.0,1315.0,
2021,KIA,CEED/GOLD/UVO/1.5 TGDI 48V/DCT,HEV,petrol,4,129.0,117.0,1390.0,
2021,KIA,CEED/GOLD/UVO/1.5 TGDI/MT6/160,ICE,petrol,16,130.0,117.0,1330.0,
2021,KIA,CEED/GOLD/UVO/1.6 CRDI 48V/DCT,HEV,diesel,5,124.0,100.0,1445.0,
2021,KIA,CEED/GOLD/UVO/1.6 CRDI 48V/IMT,HEV,diesel,8,121.0,100.0,1418.0,
2021,KIA,CEED/GOLD/UVO/1.6 CRDI SCR/DCT,ICE,diesel,2,129.0,85.0,1415.0,
2021,KIA,CEED/GT-LINE/UVO/1.5 TGDI 48V/,HEV,petrol,3,129.0,117.0,1390.0,
2021,KIA,CEED/GT-LINE/UVO/1.5 TGDI/MT6/,ICE,petrol,5,130.0,117.0,1330.0,
2021,KIA,CEED/GT/UVO/1.6 TGDI/DCT7/204,ICE,petrol,4,153.0,150.0,1413.0,
2021,KIA,CEED/PLATIN/UVO/1.5 TGDI 48V/D,HEV,petrol,8,129.0,117.0,1390.0,
2021,KIA,CEED/PLATIN/UVO/1.5 TGDI/MT6/1,ICE,petrol,3,130.0,117.0,1330.0,
2021,KIA,CEED/PLATIN/UVO/1.6 CRDI 48V/I,HEV,diesel,1,121.0,100.0,1418.0,
2021,KIA,CEED/PLATIN/UVO/1.6 CRDI SCR/H,ICE,diesel,1,136.0,100.0,1415.0,
2021,KIA,CEED/SILBER/1.0 TGDI GPF/MT6/1,ICE,petrol,1,128.0,73.0,1297.0,
2021,KIA,CEED/SILBER/1.4 TGDI GPF/DCT7/,ICE,petrol,4,138.0,103.0,1345.0,
2021,KIA,CEED/SILBER/1.4 TGDI GPF/MT6/1,ICE,petrol,14,146.0,103.0,1315.0,
2021,KIA,CEED/SILBER/1.6 CRDI SCR/MT6/1,ICE,diesel,29,122.0,85.0,1388.0,
2021,KIA,CEED/SILBER/UVO/1.0 TGDI GPF/M,ICE,petrol,17,128.0,73.0,1297.0,
2021,KIA,CEED/SILBER/UVO/1.0 TGDI/MT6/1,ICE,petrol,340,120.0,75.0,1298.0,
2021,KIA,CEED/SILBER/UVO/1.4 TGDI GPF/D,ICE,petrol,13,138.0,103.0,1345.0,
2021,KIA,CEED/SILBER/UVO/1.4 TGDI GPF/M,ICE,petrol,2,146.0,103.0,1315.0,
2021,KIA,CEED/SILBER/UVO/1.5 TGDI 48V/D,HEV,petrol,51,127.0,117.0,1390.0,
2021,KIA,CEED/SILBER/UVO/1.5 TGDI/MT6/1,ICE,petrol,25,126.0,117.0,1330.0,
2021,KIA,CEED/SILBER/UVO/1.6 CRDI 48V/D,HEV,diesel,9,121.0,100.0,1445.0,
2021,KIA,CEED/SILBER/UVO/1.6 CRDI 48V/I,HEV,diesel,42,118.0,100.0,1418.0,
2021,KIA,CEED/SILBER/UVO/1.6 CRDI SCR/D,ICE,diesel,3,122.0,85.0,1415.0,
2021,KIA,CEED/SILBER/UVO/1.6 CRDI SCR/M,ICE,diesel,81,122.0,85.0,1388.0,
2021,KIA,CEED/TITAN/1.0 TGDI GPF/MT6/10,ICE,petrol,9,126.0,73.0,1297.0,
2021,KIA,CEED/TITAN/1.0 TGDI/MT6/100,ICE,petrol,100,123.0,73.0,1298.0,
2021,KIA,CEED/TITAN/1.0 TGDI/MT6/100/P2,ICE,petrol,22,123.0,73.0,1298.0,
2021,KIA,CEED/TITAN/1.0 TGDI/MT6/120,ICE,petrol,1,123.0,88.0,1298.0,
2021,KIA,CEED/TITAN/1.0 TGDI/MT6/120/P2,ICE,petrol,2,122.0,88.0,1298.0,
2021,KIA,CEEDSW PHEV/GOLD/UVO/1.6 GDI G,PHEV,petrol/electric,10,33.0,77.0,1614.0,125.0
2021,KIA,CEEDSW PHEV/OE25/1.6 GDI GPF/D,PHEV,petrol/electric,4,29.0,77.0,1608.0,116.0
2021,KIA,CEEDSW PHEV/PLATIN/UVO/1.6 GDI,PHEV,petrol/electric,5,33.0,77.0,1614.0,125.0
2021,KIA,CEEDSW/GOLD/1.4 TGDI GPF/DCT7/,ICE,petrol,3,143.0,103.0,1382.0,
2021,KIA,CEEDSW/GOLD/UVO/1.0 TGDI/MT6/1,ICE,petrol,15,128.0,82.0,1335.0,
2021,KIA,CEEDSW/GOLD/UVO/1.4 TGDI GPF/D,ICE,petrol,6,143.0,103.0,1382.0,
2021,KIA,CEEDSW/GOLD/UVO/1.4 TGDI GPF/M,ICE,petrol,1,142.0,103.0,1352.0,
2021,KIA,CEEDSW/GOLD/UVO/1.5 TGDI 48V/D,HEV,petrol,27,130.0,117.0,1437.0,
2021,KIA,CEEDSW/GOLD/UVO/1.5 TGDI/MT6/1,ICE,petrol,25,132.0,117.0,1377.0,
2021,KIA,CEEDSW/GOLD/UVO/1.6 CRDI 48V/D,HEV,diesel,12,126.0,100.0,1482.0,
2021,KIA,CEEDSW/GOLD/UVO/1.6 CRDI 48V/I,HEV,diesel,28,122.0,100.0,1455.0,
2021,KIA,CEEDSW/GOLD/UVO/1.6 CRDI SCR/D,ICE,diesel,1,132.0,85.0,1452.0,
2021,KIA,CEEDSW/GT-LINE/UVO/1.5 TGDI 48,HEV,petrol,5,130.0,117.0,1437.0,
2021,KIA,CEEDSW/GT-LINE/UVO/1.5 TGDI/MT,ICE,petrol,4,132.0,117.0,1377.0,
2021,KIA,CEEDSW/GT-LINE/UVO/1.6 CRDI 48,HEV,diesel,2,128.0,100.0,1482.0,
2021,KIA,CEEDSW/PHEV/GOLD/UVO/1.6 GDI G,PHEV,petrol/electric,12,29.0,77.0,1608.0,116.0
2021,KIA,CEEDSW/PHEV/PLATIN/UVO/1.6 GDI,PHEV,petrol/electric,5,29.0,77.0,1608.0,116.0
2021,KIA,CEEDSW/PHEV/SILBER/1.6 GDI GPF,PHEV,petrol/electric,2,29.0,77.0,1608.0,116.0
2021,KIA,CEEDSW/PLATIN/UVO/1.5 TGDI 48V,HEV,petrol,10,130.0,117.0,1437.0,
2021,KIA,CEEDSW/PLATIN/UVO/1.5 TGDI/MT6,ICE,petrol,6,133.0,117.0,1377.0,
2021,KIA,CEEDSW/PLATIN/UVO/1.6 CRDI 48V,HEV,diesel,6,126.0,100.0,1477.0,
2021,KIA,CEEDSW/SILBER/1.0 TGDI GPF/MT6,ICE,petrol,2,130.0,73.0,1334.0,
2021,KIA,CEEDSW/SILBER/1.4 TGDI GPF/DCT,ICE,petrol,8,140.0,103.0,1382.0,
2021,KIA,CEEDSW/SILBER/1.4 TGDI GPF/MT6,ICE,petrol,1,137.0,103.0,1352.0,
2021,KIA,CEEDSW/SILBER/1.6 CRDI SCR/MT6,ICE,diesel,26,124.0,85.0,1425.0,
2021,KIA,CEEDSW/SILBER/UVO/1.0 TGDI GPF,ICE,petrol,25,130.0,73.0,1334.0,
2021,KIA,CEEDSW/SILBER/UVO/1.0 TGDI/MT6,ICE,petrol,274,123.0,76.0,1335.0,
2021,KIA,CEEDSW/SILBER/UVO/1.4 TGDI GPF,ICE,petrol,28,139.0,103.0,1372.0,
2021,KIA,CEEDSW/SILBER/UVO/1.5 TGDI 48V,HEV,petrol,33,128.0,117.0,1437.0,
2021,KIA,CEEDSW/SILBER/UVO/1.5 TGDI/MT6,ICE,petrol,70,128.0,117.0,1377.0,
2021,KIA,CEEDSW/SILBER/UVO/1.6 CRDI 48V,HEV,diesel,221,119.0,100.0,1458.0,
2021,KIA,CEEDSW/SILBER/UVO/1.6 CRDI SCR,ICE,diesel,116,124.0,85.0,1430.0,
2021,KIA,CEEDSW/TITAN/1.0 TGDI GPF/MT6/,ICE,petrol,16,127.0,73.0,1334.0,
2021,KIA,CEEDSW/TITAN/1.0 TGDI/MT6/100,ICE,petrol,56,125.0,73.0,1335.0,
2021,KIA,CEEDSW/TITAN/1.0 TGDI/MT6/100/,ICE,petrol,20,122.0,73.0,1335.0,
2021,KIA,CEEDSW/TITAN/1.0 TGDI/MT6/120,ICE,petrol,3,125.0,88.0,1335.0,
2021,KIA,"E-NIRO/GOLD/UVO/E-MOTOR/LR/64,",BEV,electric,320,0.0,29.0,1812.0,159.0
2021,KIA,E-NIRO/PLATIN/UVO/E-MOTOR/LR/6,BEV,electric,435,0.0,29.0,1812.0,159.0
2021,KIA,"E-NIRO/SILBER/UVO/E-MOTOR/39,2",BEV,electric,1,0.0,27.0,1667.0,153.0
2021,KIA,E-NIRO/SILBER/UVO/E-MOTOR/LR/6,BEV,electric,207,0.0,29.0,1812.0,159.0
2021,KIA,"E-NIRO/TITAN/E-MOTOR/LR/64,0KW",BEV,electric,7,0.0,29.0,1812.0,159.0
2021,KIA,E-SOUL SILBER UVO 392KWH/AT/13,BEV,electric,1,0.0,27.0,1610.0,156.0
2021,KIA,"E-SOUL/GOLD/E-MOTOR/LR/64,0KWH",BEV,electric,1,0.0,29.0,1757.0,157.0
2021,KIA,"E-SOUL/GOLD/UVO/LR/64,0KWH/AT/",BEV,electric,12,0.0,29.0,1757.0,157.0
2021,KIA,"E-SOUL/PLATIN/E-MOTOR/LR/64,0K",BEV,electric,2,0.0,29.0,1757.0,157.0
2021,KIA,"E-SOUL/PLATIN/UVO/39,2KWH/AT/1",BEV,electric,1,0.0,27.0,1610.0,156.0
2021,KIA,"E-SOUL/PLATIN/UVO/LR/64,0KWH/A",BEV,electric,54,0.0,29.0,1757.0,157.0
2021,KIA,E-SOUL/SILBER/UVO/E-MOTOR/LR/6,BEV,electric,1,0.0,29.0,1757.0,157.0
2021,KIA,"E-SOUL/SILBER/UVO/LR/64,0KWH/A",BEV,electric,26,0.0,29.0,1757.0,157.0
2021,KIA,"E-SOUL/TITAN/39,2KWH/AT/136",BEV,electric,1,0.0,27.0,1610.0,156.0
2021,KIA,"E-SOUL/TITAN/39,2KWH/AT/136/P1",BEV,electric,1,0.0,27.0,1610.0,156.0
2021,KIA,"E-SOUL/TITAN/LR/64,0KWH/AT/204",BEV,electric,1,0.0,29.0,1757.0,157.0
2021,KIA,EV6 AWD LONG RANGE,BEV,electric,1,0.0,81.0,2090.0,180.0
2021,KIA,EV6 RWD LONG RANGE,BEV,electric,1,0.0,56.0,1985.0,165.0
2021,KIA,"EV6/AIR/58,0KWH/AT/RWD/170",BEV,electric,2,0.0,42.0,1875.0,166.0
2021,KIA,"EV6/AIR/77,4KWH/AT/AWD/326",BEV,electric,3,0.0,81.0,2090.0,172.0
2021,KIA,"EV6/AIR/77,4KWH/AT/RWD/229",BEV,electric,1,0.0,56.0,1985.0,165.0
2021,KIA,"EV6/AIR/PREMIUM/77,4KWH/AT/AWD",BEV,electric,1,0.0,81.0,2090.0,172.0
2021,KIA,"EV6/AIR/PREMIUM/77,4KWH/AT/RWD",BEV,electric,22,0.0,56.0,1985.0,165.0
2021,KIA,"EV6/AIR/PRO/58,0KWH/AT/RWD/170",BEV,electric,1,0.0,42.0,1875.0,166.0
2021,KIA,"EV6/AIR/PRO/77,4KWH/AT/AWD/326",BEV,electric,19,0.0,81.0,2090.0,172.0
2021,KIA,"EV6/AIR/PRO/77,4KWH/AT/RWD/229",BEV,electric,91,0.0,56.0,1985.0,165.0
2021,KIA,"EV6/GT-LINE/77,4KWH/AT/RWD/229",BEV,electric,1,0.0,56.0,1985.0,172.0
2021,KIA,"EV6/GT-LINE/PREMIUM/77,4KWH/AT",BEV,electric,64,0.0,60.0,2004.0,173.0
2021,KIA,"EV6/GT-LINE/PRO/77,4KWH/AT/AWD",BEV,electric,3,0.0,81.0,2090.0,180.0
2021,KIA,"EV6/GT-LINE/PRO/77,4KWH/AT/RWD",BEV,electric,81,0.0,56.0,1985.0,172.0
2021,KIA,"NIRO 1,6 GDI HEV 6DCT",HEV,petrol,3,116.0,77.0,1490.0,
2021,KIA,NIRO EV 150KW,BEV,electric,2,0.0,29.0,1812.0,159.0
2021,KIA,NIRO/GOLD/UVO/1.6 GDI/DCT6/141,HEV,petrol,8,110.0,77.0,1490.0,
2021,KIA,NIRO/PLATIN/1.6 GDI GPF/DCT6/1,HEV,petrol,1,120.0,77.0,1490.0,
2021,KIA,NIRO/PLATIN/UVO/1.6 GDI/DCT6/1,HEV,petrol,14,119.0,77.0,1490.0,
2021,KIA,NIRO/SILBER/UVO/1.6 GDI GPF/DC,HEV,petrol,10,110.0,77.0,1490.0,
2021,KIA,NIRO/SILBER/UVO/1.6 GDI/DCT6/1,HEV,petrol,30,110.0,77.0,1490.0,
2021,KIA,NIROPHEV/PLATIN/UVO/1.6 GDI/DC,PHEV,petrol/electric,7,31.0,77.0,1594.0,105.0
2021,KIA,NIROPHEV/SILBER/1.6 GDI GPF/DC,PHEV,petrol/electric,4,31.0,77.0,1594.0,117.0
2021,KIA,NIROPHEV/SILBER/UVO/1.6 GDI/DC,PHEV,petrol/electric,6,31.0,77.0,1594.0,105.0
2021,KIA,PICANTO/CARITAS/1.0 DPI/MT5/67,ICE,petrol,11,110.0,49.0,974.0,
2021,KIA,PICANTO/CARITAS/1.0 MPI/MT5/67,ICE,petrol,72,112.0,49.0,958.0,
2021,KIA,PICANTO/GOLD/1.0 DPI/MT5/67,ICE,petrol,1,112.0,49.0,974.0,
2021,KIA,PICANTO/GOLD/1.0 MPI/MT5/67,ICE,petrol,1,112.0,49.0,974.0,
2021,KIA,PICANTO/GOLD/1.2 DPI/AMT5/84,ICE,petrol,10,125.0,61.0,984.0,
2021,KIA,PICANTO/GOLD/1.2 DPI/MT5/84,ICE,petrol,11,121.0,61.0,983.0,
2021,KIA,PICANTO/GOLD/1.2 MPI/AMT5/84,ICE,petrol,10,125.0,61.0,984.0,
2021,KIA,PICANTO/GOLD/1.2 MPI/MT5/84,ICE,petrol,1,121.0,61.0,983.0,
2021,KIA,PICANTO/GOLD/UVO/1.0 DPI/MT5/6,ICE,petrol,4,113.0,49.0,974.0,
2021,KIA,PICANTO/GOLD/UVO/1.2 DPI/AMT5/,ICE,petrol,6,125.0,61.0,984.0,
2021,KIA,PICANTO/GOLD/UVO/1.2 DPI/MT5/8,ICE,petrol,2,121.0,61.0,983.0,
2021,KIA,PICANTO/GOLD/UVO/1.2 MPI/AMT5/,ICE,petrol,1,125.0,61.0,984.0,
2021,KIA,PICANTO/GOLD/UVO/1.2 MPI/MT5/8,ICE,petrol,1,121.0,61.0,983.0,
2021,KIA,PICANTO/GT-LINE/1.2 DPI/MT5/84,ICE,petrol,2,124.0,61.0,983.0,
2021,KIA,PICANTO/GT-LINE/UVO/1.0 TGDI G,ICE,petrol,1,121.0,73.0,1034.0,
2021,KIA,PICANTO/GT-LINE/UVO/1.2 DPI/AM,ICE,petrol,3,127.0,61.0,984.0,
2021,KIA,PICANTO/GT-LINE/UVO/1.2 DPI/MT,ICE,petrol,4,124.0,61.0,983.0,
2021,KIA,PICANTO/GT-LINE/UVO/1.2 MPI/MT,ICE,petrol,1,124.0,61.0,983.0,
2021,KIA,PICANTO/NEON/1.0 DPI/MT5/67,ICE,petrol,3,110.0,49.0,974.0,
2021,KIA,PICANTO/SILBER/1.0 DPI/MT5/67,ICE,petrol,21,110.0,49.0,974.0,
2021,KIA,PICANTO/SILBER/1.0 MPI/MT5/67,ICE,petrol,13,110.0,49.0,974.0,
2021,KIA,PICANTO/SILBER/1.0 MPI/MT5/67/,ICE,petrol,5,118.0,49.0,930.0,
2021,KIA,PICANTO/SILBER/1.2 DPI/MT5/84,ICE,petrol,19,118.0,61.0,983.0,
2021,KIA,PICANTO/SILBER/1.2 DPI/MT5/84/,ICE,petrol,2,118.0,61.0,983.0,
2021,KIA,PICANTO/SILBER/1.2 MPI/MT5/84,ICE,petrol,4,118.0,61.0,983.0,
2021,KIA,PICANTO/SILBER/1.2 MPI/MT5/84/,ICE,petrol,5,128.0,61.0,939.0,
2021,KIA,PICANTO/TITAN/1.0 DPI/MT5/67,ICE,petrol,169,110.0,49.0,974.0,
2021,KIA,PICANTO/TITAN/1.0 MPI/MT5/67,ICE,petrol,65,110.0,49.0,974.0,
2021,KIA,PICANTO/TITAN/1.0 MPI/MT5/67/I,ICE,petrol,2,117.0,49.0,930.0,
2021,KIA,PICANTO/TITAN/1.2 DPI/MT5/84,ICE,petrol,4,118.0,61.0,983.0,
2021,KIA,PICANTO/X-LINE/UVO/1.2 DPI/AMT,ICE,petrol,7,128.0,61.0,984.0,
2021,KIA,PICANTO/X-LINE/UVO/1.2 DPI/MT5,ICE,petrol,2,125.0,61.0,983.0,
2021,KIA,PICANTO/X-LINE/UVO/1.2 MPI/MT5,ICE,petrol,1,125.0,61.0,983.0,
2021,KIA,PROCEED 1.4 TGDI ISG DCT,ICE,petrol,1,144.0,103.0,1405.0,
2021,KIA,PROCEED 1.5 TGDI,ICE,petrol,1,131.0,117.0,1398.0,
2021,KIA,PROCEED 1.5 TGDI DCT,ICE,petrol,1,133.0,117.0,1425.0,
2021,KIA,PROCEED 1.6 CRDI ISG HP,ICE,diesel,1,132.0,100.0,1438.0,
2021,KIA,PROCEED 1.6 TGDI DCT,ICE,petrol,6,153.0,150.0,1438.0,
2021,KIA,PROCEED 1.6 TGDI ISG DCT,ICE,petrol,1,163.0,150.0,1438.0,
2021,KIA,PROCEED/GT-LINE/1.4 TGDI GPF/D,ICE,petrol,2,146.0,103.0,1405.0,
2021,KIA,PROCEED/GT-LINE/UVO/1.4 TGDI G,ICE,petrol,5,144.0,103.0,1394.0,
2021,KIA,PROCEED/GT-LINE/UVO/1.5 TGDI 4,HEV,petrol,64,129.0,117.0,1455.0,
2021,KIA,PROCEED/GT-LINE/UVO/1.5 TGDI/M,ICE,petrol,20,132.0,117.0,1398.0,
2021,KIA,PROCEED/GT-LINE/UVO/1.6 CRDI S,ICE,diesel,1,134.0,100.0,1438.0,
2021,KIA,PROCEED/GT/UVO/1.6 TGDI GPF/DC,ICE,petrol,1,163.0,150.0,1438.0,
2021,KIA,PROCEED/GT/UVO/1.6 TGDI/DCT7/2,ICE,petrol,15,153.0,150.0,1438.0,
2021,KIA,PROCEED/OE GT-LINE/1.4 TGDI GP,ICE,petrol,1,141.0,103.0,1378.0,
2021,KIA,PROCEED/OE GT-LINE/1.6 CRDI SC,ICE,diesel,1,131.0,100.0,1438.0,
2021,KIA,"RIO 1,0 TGDI (E5)",ICE,petrol,1,125.0,73.0,1175.0,
2021,KIA,"RIO 1,0 TGDI DCT (E5)",ICE,petrol,1,127.0,73.0,1200.0,
2021,KIA,"RIO 1,2 MPI (E5)",ICE,petrol,4,130.0,61.0,1120.0,
2021,KIA,RIO/GOLD/UVO/1.0 TGDI 48V/DCT7,HEV,petrol,14,121.0,88.0,1230.0,
2021,KIA,RIO/GOLD/UVO/1.0 TGDI 48V/IMT6,HEV,petrol,11,121.0,88.0,1205.0,
2021,KIA,RIO/GOLD/UVO/1.0 TGDI/DCT7/100,ICE,petrol,16,125.0,73.0,1200.0,
2021,KIA,RIO/GOLD/UVO/1.0 TGDI/MT6/100,ICE,petrol,15,123.0,73.0,1175.0,
2021,KIA,RIO/GOLD/UVO/1.0 TGDI/MT6/100/,ICE,petrol,1,122.0,73.0,1175.0,
2021,KIA,RIO/GT-LINE/UVO/1.0 TGDI 48V/D,HEV,petrol,3,126.0,88.0,1230.0,
2021,KIA,RIO/GT-LINE/UVO/1.0 TGDI 48V/I,HEV,petrol,5,126.0,88.0,1205.0,
2021,KIA,RIO/NEON/1.2 DPI/MT5/84/P,ICE,petrol,129,127.0,61.0,1120.0,
2021,KIA,RIO/NEON/1.2 DPI/MT5/84/P1,ICE,petrol,3,127.0,61.0,1120.0,
2021,KIA,RIO/NEON/1.25 MPI/MT5/84,ICE,petrol,22,128.0,61.0,1120.0,
2021,KIA,RIO/NEON/1.25 MPI/MT5/84/P,ICE,petrol,16,128.0,61.0,1120.0,
2021,KIA,RIO/NEON/1.25 MPI/MT5/84/P1,ICE,petrol,2,127.0,61.0,1120.0,
2021,KIA,RIO/OE21/1.2 DPI/MT5/84,ICE,petrol,57,127.0,61.0,1120.0,
2021,KIA,RIO/SILBER LIMITED/1.25 MPI/MT,ICE,petrol,25,122.0,61.0,1120.0,
2021,KIA,RIO/SILBER/1.0 TGDI/DCT7/100,ICE,petrol,36,123.0,73.0,1200.0,
2021,KIA,RIO/SILBER/1.0 TGDI/MT6/100,ICE,petrol,96,121.0,73.0,1175.0,
2021,KIA,RIO/SILBER/1.2 DPI/MT5/84,ICE,petrol,79,123.0,61.0,1120.0,
2021,KIA,RIO/SILBER/1.25 MPI/MT5/84,ICE,petrol,177,124.0,61.0,1120.0,
2021,KIA,RIO/SILBER/1.25 MPI/MT5/84/ISG,ICE,petrol,3,144.0,61.0,1110.0,
2021,KIA,RIO/SILBER/UVO/1.0 TGDI/DCT7/1,ICE,petrol,2,123.0,73.0,1200.0,
2021,KIA,RIO/SILBER/UVO/1.0 TGDI/MT6/10,ICE,petrol,12,123.0,73.0,1175.0,
2021,KIA,RIO/SILBER/UVO/1.2 DPI/MT5/84/,ICE,petrol,8,123.0,61.0,1120.0,
2021,KIA,RIO/SILBER/UVO/1.25 MPI/MT5/84,ICE,petrol,7,123.0,61.0,1120.0,
2021,KIA,RIO/TITAN/1.0 TGDI/MT6/100,ICE,petrol,3,119.0,73.0,1175.0,
2021,KIA,RIO/TITAN/1.0 TGDI/MT6/100/P2,ICE,petrol,6,120.0,73.0,1175.0,
2021,KIA,RIO/TITAN/1.2 DPI/MT5/84,ICE,petrol,180,120.0,61.0,1120.0,
2021,KIA,RIO/TITAN/1.2 DPI/MT5/84/P2,ICE,petrol,27,122.0,61.0,1120.0,
2021,KIA,RIO/TITAN/1.25 MPI/MT5/84,ICE,petrol,138,123.0,61.0,1120.0,
2021,KIA,RIO/TITAN/1.25 MPI/MT5/84/ISG,ICE,petrol,19,139.0,61.0,1110.0,
2021,KIA,RIO/TITAN/1.25 MPI/MT5/84/P2,ICE,petrol,8,125.0,61.0,1120.0,
2021,KIA,SORENTO/5S/PLATIN/UVO/2.2 CRDI,ICE,diesel,86,176.0,148.0,1852.0,
2021,KIA,SORENTO/7S/PLATIN/UVO/2.2 CRDI,ICE,diesel,30,178.0,148.0,1894.0,
2021,KIA,SORENTO/HEV/5S/GOLD/UVO/1.6 TG,HEV,petrol,6,166.0,132.0,1881.0,
2021,KIA,SORENTO/HEV/7S/GOLD/UVO/1.6 TG,HEV,petrol,4,169.0,132.0,1922.0,
2021,KIA,SORENTO/PHEV/5S/GOLD/UVO/1.6 T,PHEV,petrol/electric,70,38.0,132.0,2015.0,184.0
2021,KIA,SORENTO/PHEV/5S/SILBER/UVO/1.6,PHEV,petrol/electric,2,38.0,132.0,2015.0,184.0
2021,KIA,SORENTO/PHEV/7S/GOLD/UVO/1.6 T,PHEV,petrol/electric,44,38.0,132.0,2057.0,184.0
2021,KIA,SORENTO/PHEV/7S/SILBER/UVO/1.6,PHEV,petrol/electric,3,38.0,132.0,2057.0,184.0
2021,KIA,SORENTO/PHEV/7S/TITAN/1.6 TGDI,PHEV,petrol/electric,1,38.0,132.0,2057.0,184.0
2021,KIA,"SPORTAGE 1,6 CRDI ISG HP 2WD (",ICE,diesel,1,150.0,100.0,1579.0,
2021,KIA,"SPORTAGE 1,6 CRDI ISG HP DCT 2",ICE,diesel,1,153.0,100.0,1605.0,
2021,KIA,"SPORTAGE 1,6 CRDI MH ISG HP 4W",HEV,diesel,1,170.0,100.0,1682.0,
2021,KIA,"SPORTAGE 1,6 T-GDI DCT 2WD (E5",ICE,petrol,1,182.0,130.0,1577.0,
2021,KIA,SPORTAGE/2F/GT-LINE/UVO/1.6 TG,HEV,petrol,2,162.0,132.0,1648.0,
2021,KIA,SPORTAGE/BLACK+/UVO/1.6 CRDI 4,HEV,diesel,12,170.0,100.0,1686.0,
2021,KIA,SPORTAGE/BLACK+/UVO/1.6 CRDI/M,ICE,diesel,3,146.0,85.0,1579.0,
2021,KIA,SPORTAGE/BLACK/UVO/1.6 CRDI 48,HEV,diesel,85,158.0,100.0,1650.0,
2021,KIA,SPORTAGE/BLACK/UVO/1.6 CRDI/MT,ICE,diesel,47,149.0,85.0,1579.0,
2021,KIA,SPORTAGE/GOLD/1.6 CRDI SCR/DCT,HEV,diesel,1,153.0,100.0,1698.0,
2021,KIA,SPORTAGE/GOLD/UVO/1.6 CRDI 48V,HEV,diesel,71,163.0,100.0,1672.0,
2021,KIA,SPORTAGE/GOLD/UVO/1.6 CRDI SCR,HEV,diesel,5,145.0,94.0,1662.0,
2021,KIA,SPORTAGE/GOLD/UVO/1.6 CRDI/MT6,ICE,diesel,6,146.0,85.0,1579.0,
2021,KIA,SPORTAGE/GOLD/UVO/1.6 TGDI/MT6,ICE,petrol,2,192.0,130.0,1604.0,
2021,KIA,SPORTAGE/GT-LINE/UVO/1.6 CRDI,HEV,diesel,68,172.0,100.0,1693.0,
2021,KIA,SPORTAGE/GT-LINE/UVO/1.6 TGDI/,ICE,petrol,5,193.0,130.0,1637.0,
2021,KIA,SPORTAGE/OE25/UVO/1.6 CRDI 48V,HEV,diesel,4,172.0,100.0,1694.0,
2021,KIA,SPORTAGE/OE25/UVO/1.6 CRDI SCR,HEV,diesel,3,154.0,100.0,1638.0,
2021,KIA,SPORTAGE/PLATIN/UVO/1.6 CRDI 4,HEV,diesel,7,159.0,100.0,1645.0,
2021,KIA,SPORTAGE/PLATIN/UVO/1.6 TGDI/D,ICE,petrol,1,192.0,130.0,1637.0,
2021,KIA,SPORTAGE/PLATIN/UVO/1.6 TGDI/M,ICE,petrol,1,203.0,130.0,1604.0,
2021,KIA,SPORTAGE/SILBER/1.6 CRDI SCR/D,HEV,diesel,2,147.0,100.0,1662.0,
2021,KIA,SPORTAGE/SILBER/1.6 CRDI SCR/M,HEV,diesel,9,135.0,85.0,1609.0,
2021,KIA,SPORTAGE/SILBER/1.6 GDI GPF/MT,ICE,petrol,2,177.0,97.0,1490.0,
2021,KIA,SPORTAGE/SILBER/1.6 TGDI GPF/D,ICE,petrol,1,187.0,130.0,1637.0,
2021,KIA,SPORTAGE/SILBER/UVO/1.6 CRDI 4,HEV,diesel,146,163.0,100.0,1671.0,
2021,KIA,SPORTAGE/SILBER/UVO/1.6 CRDI S,HEV,diesel,58,139.0,89.0,1624.0,
2021,KIA,SPORTAGE/SILBER/UVO/1.6 CRDI/M,ICE,diesel,62,149.0,85.0,1579.0,
2021,KIA,SPORTAGE/SILBER/UVO/1.6 GDI GP,ICE,petrol,1,177.0,97.0,1490.0,
2021,KIA,SPORTAGE/SILBER/UVO/1.6 GDI/MT,ICE,petrol,97,166.0,97.0,1490.0,
2021,KIA,SPORTAGE/TITAN/1.6 CRDI 48V/MT,HEV,diesel,3,170.0,100.0,1682.0,
2021,KIA,SPORTAGE/TITAN/1.6 CRDI/MT6/11,ICE,diesel,1,148.0,85.0,1579.0,
2021,KIA,SPORTAGE/TITAN/1.6 GDI/MT6/132,ICE,petrol,14,168.0,97.0,1490.0,
2021,KIA,STINGER/GT/UVO/3.3 TGDI/AT8/AW,ICE,petrol,10,247.0,269.0,1933.0,
2021,KIA,"STONIC 1,0 T-GDI HP DCT 48V (E",HEV,petrol,1,129.0,88.0,1260.0,
2021,KIA,STONIC/2F/25 JAHRE/1.0 TGDI/MT,ICE,petrol,57,126.0,73.0,1195.0,
2021,KIA,STONIC/2F/GOLD/UVO/1.0 TGDI 48,HEV,petrol,7,122.0,88.0,1260.0,
2021,KIA,STONIC/2F/GOLD/UVO/1.0 TGDI/DC,ICE,petrol,4,126.0,73.0,1230.0,
2021,KIA,STONIC/2F/GOLD/UVO/1.0 TGDI/MT,ICE,petrol,6,125.0,73.0,1195.0,
2021,KIA,STONIC/2F/GOLD/UVO/1.2 DPI/MT5,ICE,petrol,2,130.0,61.0,1155.0,
2021,KIA,STONIC/2F/GT-LINE/UVO/1.0 TGDI,HEV,petrol,10,127.0,88.0,1228.0,
2021,KIA,STONIC/2F/OE21/1.0 TGDI/MT6/10,ICE,petrol,74,125.0,73.0,1195.0,
2021,KIA,STONIC/2F/SILBER/1.0 TGDI GPF/,ICE,petrol,4,139.0,73.0,1180.0,
2021,KIA,STONIC/2F/SILBER/1.0 TGDI/DCT7,ICE,petrol,4,127.0,73.0,1230.0,
2021,KIA,STONIC/2F/SILBER/1.0 TGDI/MT6/,ICE,petrol,120,125.0,73.0,1195.0,
2021,KIA,STONIC/2F/SILBER/1.2 DPI/MT5/8,ICE,petrol,4,130.0,61.0,1155.0,
2021,KIA,STONIC/2F/SILBER/1.6 CRDI SCR/,ICE,diesel,3,131.0,85.0,1270.0,
2021,KIA,STONIC/2F/SILBER/UVO/1.0 TGDI/,ICE,petrol,12,125.0,73.0,1195.0,
2021,KIA,STONIC/2F/SILBER/UVO/1.2 DPI/M,ICE,petrol,1,130.0,61.0,1155.0,
2021,KIA,STONIC/2F/TITAN/1.2 DPI/MT5/84,ICE,petrol,3,129.0,61.0,1155.0,
2021,KIA,STONIC/2F/TITAN/1.25 MPI/MT5/8,ICE,petrol,1,129.0,61.0,1155.0,
2021,KIA,STONIC/GOLD/UVO/1.0 TGDI 48V/D,HEV,petrol,14,124.0,88.0,1260.0,
2021,KIA,STONIC/GOLD/UVO/1.0 TGDI 48V/I,HEV,petrol,15,123.0,88.0,1225.0,
2021,KIA,STONIC/GOLD/UVO/1.0 TGDI/DCT7/,ICE,petrol,30,126.0,73.0,1230.0,
2021,KIA,STONIC/GOLD/UVO/1.0 TGDI/MT6/1,ICE,petrol,21,125.0,73.0,1195.0,
2021,KIA,STONIC/GOLD/UVO/1.2 DPI/MT5/84,ICE,petrol,1,130.0,61.0,1155.0,
2021,KIA,STONIC/GOLD/UVO/1.25 MPI/MT5/8,ICE,petrol,6,137.0,61.0,1155.0,
2021,KIA,STONIC/GT-LINE/UVO/1.0 TGDI 48,HEV,petrol,9,128.0,88.0,1240.0,
2021,KIA,STONIC/OE21/1.0 TGDI/MT6/100,ICE,petrol,82,125.0,73.0,1195.0,
2021,KIA,STONIC/SILBER LIMITED/1.0 TGDI,ICE,petrol,148,132.0,73.0,1195.0,
2021,KIA,STONIC/SILBER/1.0 TGDI GPF/DCT,ICE,petrol,14,128.0,74.0,1229.0,
2021,KIA,STONIC/SILBER/1.0 TGDI GPF/MT5,ICE,petrol,3,139.0,73.0,1180.0,
2021,KIA,STONIC/SILBER/1.0 TGDI GPF/MT6,ICE,petrol,54,128.0,73.0,1194.0,
2021,KIA,STONIC/SILBER/1.0 TGDI/DCT7/10,ICE,petrol,67,126.0,73.0,1230.0,
2021,KIA,STONIC/SILBER/1.0 TGDI/MT6/100,ICE,petrol,173,125.0,73.0,1195.0,
2021,KIA,STONIC/SILBER/1.2 DPI/MT5/84,ICE,petrol,151,130.0,61.0,1155.0,
2021,KIA,STONIC/SILBER/1.25 MPI/MT5/84,ICE,petrol,92,135.0,61.0,1155.0,
2021,KIA,STONIC/SILBER/1.25 MPI/MT5/84/,ICE,petrol,9,154.0,61.0,1145.0,
2021,KIA,STONIC/SILBER/UVO/1.0 TGDI GPF,ICE,petrol,2,125.0,73.0,1195.0,
2021,KIA,STONIC/SILBER/UVO/1.0 TGDI/DCT,ICE,petrol,4,126.0,73.0,1230.0,
2021,KIA,STONIC/SILBER/UVO/1.0 TGDI/MT6,ICE,petrol,6,125.0,73.0,1195.0,
2021,KIA,STONIC/SILBER/UVO/1.2 DPI/MT5/,ICE,petrol,2,130.0,61.0,1155.0,
2021,KIA,STONIC/TITAN/1.0 TGDI GPF/MT5/,ICE,petrol,1,138.0,73.0,1180.0,
2021,KIA,STONIC/TITAN/1.0 TGDI/MT6/100,ICE,petrol,17,124.0,73.0,1195.0,
2021,KIA,STONIC/TITAN/1.0 TGDI/MT6/100/,ICE,petrol,1,124.0,73.0,1195.0,
2021,KIA,STONIC/TITAN/1.2 DPI/MT5/84,ICE,petrol,60,129.0,61.0,1155.0,
2021,KIA,STONIC/TITAN/1.25 MPI/MT5/84,ICE,petrol,137,135.0,61.0,1155.0,
2021,KIA,STONIC/TITAN/1.25 MPI/MT5/84/I,ICE,petrol,5,153.0,61.0,1145.0,
2021,KIA,XCEED 1.5 TGDI DCT 48V,HEV,petrol,1,137.0,117.0,1430.0,
2021,KIA,XCEED/FIRST YELLOW/1.4 TGDI GP,ICE,petrol,2,150.0,103.0,1345.0,
2021,KIA,XCEED/GOLD/1.4 TGDI GPF/DCT7/1,ICE,petrol,1,156.0,103.0,1375.0,
2021,KIA,XCEED/GOLD/1.4 TGDI GPF/MT6/14,ICE,petrol,1,150.0,103.0,1345.0,
2021,KIA,XCEED/GOLD/1.6 CRDI SCR/HP/MT6,ICE,diesel,1,138.0,100.0,1415.0,
2021,KIA,XCEED/GOLD/UVO/1.0 TGDI GPF/MT,ICE,petrol,1,146.0,88.0,1332.0,
2021,KIA,XCEED/GOLD/UVO/1.0 TGDI/MT6/12,ICE,petrol,26,137.0,88.0,1347.0,
2021,KIA,XCEED/GOLD/UVO/1.4 TGDI GPF/DC,ICE,petrol,11,156.0,103.0,1375.0,
2021,KIA,XCEED/GOLD/UVO/1.4 TGDI GPF/MT,ICE,petrol,13,150.0,103.0,1345.0,
2021,KIA,XCEED/GOLD/UVO/1.5 TGDI 48V/DC,HEV,petrol,61,137.0,117.0,1430.0,
2021,KIA,XCEED/GOLD/UVO/1.5 TGDI/MT6/16,ICE,petrol,118,142.0,117.0,1370.0,
2021,KIA,XCEED/GOLD/UVO/1.6 CRDI 48V/DC,HEV,diesel,29,133.0,100.0,1472.0,
2021,KIA,XCEED/GOLD/UVO/1.6 CRDI 48V/IM,HEV,diesel,23,133.0,100.0,1445.0,
2021,KIA,XCEED/GOLD/UVO/1.6 CRDI SCR/DC,ICE,diesel,3,151.0,85.0,1440.0,
2021,KIA,XCEED/GOLD/UVO/1.6 CRDI SCR/HP,ICE,diesel,1,139.0,100.0,1440.0,
2021,KIA,XCEED/GOLD/UVO/1.6 CRDI SCR/MT,ICE,diesel,9,147.0,85.0,1415.0,
2021,KIA,XCEED/PLATIN/UVO/1.4 TGDI GPF/,ICE,petrol,3,158.0,103.0,1375.0,
2021,KIA,XCEED/PLATIN/UVO/1.5 TGDI 48V/,HEV,petrol,37,138.0,117.0,1430.0,
2021,KIA,XCEED/PLATIN/UVO/1.5 TGDI/MT6/,ICE,petrol,4,142.0,117.0,1370.0,
2021,KIA,XCEED/PLATIN/UVO/1.6 CRDI 48V/,HEV,diesel,21,134.0,100.0,1468.0,
2021,KIA,XCEED/PLATIN/UVO/1.6 TGDI/DCT7,ICE,petrol,3,161.0,150.0,1417.0,
2021,KIA,XCEED/SILBER/1.0 TGDI GPF/MT6/,ICE,petrol,8,140.0,88.0,1332.0,
2021,KIA,XCEED/SILBER/1.0 TGDI/MT6/120,ICE,petrol,144,135.0,88.0,1347.0,
2021,KIA,XCEED/SILBER/1.0 TGDI/MT6/120/,ICE,petrol,1,135.0,88.0,1347.0,
2021,KIA,XCEED/SILBER/1.4 TGDI GPF/DCT7,ICE,petrol,7,148.0,103.0,1375.0,
2021,KIA,XCEED/SILBER/1.4 TGDI GPF/MT6/,ICE,petrol,37,146.0,103.0,1345.0,
2021,KIA,XCEED/SILBER/1.5 TGDI 48V/DCT7,HEV,petrol,31,136.0,117.0,1430.0,
2021,KIA,XCEED/SILBER/1.5 TGDI/MT6/160,ICE,petrol,85,137.0,117.0,1370.0,
2021,KIA,XCEED/SILBER/1.6 CRDI 48V/DCT7,HEV,diesel,7,135.0,100.0,1472.0,
2021,KIA,XCEED/SILBER/1.6 CRDI 48V/IMT6,HEV,diesel,29,131.0,100.0,1445.0,
2021,KIA,XCEED/SILBER/1.6 CRDI SCR/DCT7,ICE,diesel,1,150.0,85.0,1440.0,
2021,KIA,XCEED/SILBER/1.6 CRDI SCR/MT6/,ICE,diesel,22,141.0,85.0,1415.0,
2021,KIA,XCEED/TITAN/1.0 TGDI/MT6/120,ICE,petrol,3,135.0,88.0,1347.0,
2021,KIA,XCEED/YELLOW/UVO/1.5 TGDI/MT6/,ICE,petrol,3,142.0,117.0,1370.0,
2021,KIA,XCEEDPHEV/GOLD/UVO/1.6 GDI GPF,PHEV,petrol/electric,7,38.0,77.0,1609.0,132.0
2021,KIA,XCEEDPHEV/GOLD/UVO/1.6 GDI/DCT,PHEV,petrol/electric,1,38.0,77.0,1609.0,132.0
2021,KIA,XCEEDPHEV/OE25/1.6 GDI GPF/DCT,PHEV,petrol/electric,2,32.0,77.0,1594.0,123.0
2021,KIA,XCEEDPHEV/PLATIN/UVO/1.6 GDI G,PHEV,petrol/electric,4,38.0,77.0,1609.0,132.0
2021,KIA,XCEEDPHEV/PLATIN/UVO/1.6 GDI/D,PHEV,petrol/electric,2,38.0,77.0,1609.0,132.0
2021,KTM,X-BOW R - FACELIFT,ICE,petrol,1,190.0,220.0,875.0,
2021,LAMBORGHINI,AVENTADOR,ICE,petrol,9,470.0,561.0,1753.0,
2021,LAMBORGHINI,AVENTADOR (SIAN),HEV,petrol,1,447.0,577.0,1780.0,
2021,LAMBORGHINI,HURACAN,ICE,petrol,7,331.0,461.0,1574.0,
2021,LAMBORGHINI,HURACÁN,ICE,petrol,12,331.0,464.0,1577.0,
2021,LAMBORGHINI,URUS,ICE,petrol,20,325.0,478.0,2272.0,
2021,LAND ROVER,DEFENDER,PHEV,petrol/electric,1,78.0,221.0,2686.0,
2021,LAND ROVER,DEFENDER 110 3.0 I6 P400 AWD A,ICE,petrol,10,259.0,294.0,2431.0,
2021,LAND ROVER,DEFENDER 110 3.0 I6 P400 X AWD,ICE,petrol,1,262.0,294.0,2431.0,
2021,LAND ROVER,DEFENDER 110 D200,ICE,diesel,11,234.0,147.0,2521.0,
2021,LAND ROVER,DEFENDER 110 D200 HSE,ICE,diesel,2,237.0,147.0,2576.0,
2021,LAND ROVER,DEFENDER 110 D200 S,ICE,diesel,16,235.0,147.0,2530.0,
2021,LAND ROVER,DEFENDER 110 D200 SE,ICE,diesel,4,238.0,147.0,2520.0,
2021,LAND ROVER,DEFENDER 110 D200 X-DYNAMIC S,ICE,diesel,2,234.0,147.0,2520.0,
2021,LAND ROVER,DEFENDER 110 D250,ICE,diesel,2,242.0,183.0,2528.0,
2021,LAND ROVER,DEFENDER 110 D250 FIRST EDITIO,ICE,diesel,1,234.0,183.0,2520.0,
2021,LAND ROVER,DEFENDER 110 D250 HSE,ICE,diesel,4,237.0,183.0,2566.0,
2021,LAND ROVER,DEFENDER 110 D250 S,ICE,diesel,7,235.0,183.0,2520.0,
2021,LAND ROVER,DEFENDER 110 D250 SE,ICE,diesel,12,237.0,183.0,2524.0,
2021,LAND ROVER,DEFENDER 110 D250 X-DYNAMIC H,ICE,diesel,2,241.0,183.0,2528.0,
2021,LAND ROVER,DEFENDER 110 D250 X-DYNAMIC S,ICE,diesel,4,236.0,183.0,2520.0,
2021,LAND ROVER,DEFENDER 110 D300,ICE,diesel,3,240.0,221.0,2520.0,
2021,LAND ROVER,DEFENDER 110 D300 HSE,ICE,diesel,2,242.0,221.0,2520.0,
2021,LAND ROVER,DEFENDER 110 D300 S,ICE,diesel,1,234.0,221.0,2520.0,
2021,LAND ROVER,DEFENDER 110 D300 SE,ICE,diesel,4,237.0,221.0,2520.0,
2021,LAND ROVER,DEFENDER 110 D300 X,ICE,diesel,1,238.0,221.0,2520.0,
2021,LAND ROVER,DEFENDER 110 D300 X-DYNAMIC H,ICE,diesel,2,237.0,221.0,2520.0,
2021,LAND ROVER,DEFENDER 110 D300 X-DYNAMIC S,ICE,diesel,4,239.0,221.0,2520.0,
2021,LAND ROVER,DEFENDER 110 P300 AWD AUT.,ICE,petrol,1,273.0,221.0,2387.0,
2021,LAND ROVER,DEFENDER 110 P300 HSE,ICE,petrol,12,271.0,221.0,2387.0,
2021,LAND ROVER,DEFENDER 110 P300 S,ICE,petrol,14,268.0,221.0,2328.0,
2021,LAND ROVER,DEFENDER 110 P300 SE,ICE,petrol,4,270.0,221.0,2387.0,
2021,LAND ROVER,DEFENDER 110 P400,ICE,petrol,1,272.0,294.0,2431.0,
2021,LAND ROVER,DEFENDER 110 P400 HSE,ICE,petrol,1,263.0,294.0,2431.0,
2021,LAND ROVER,DEFENDER 110 P400 HSE AWD AUT,ICE,petrol,1,274.0,294.0,2431.0,
2021,LAND ROVER,DEFENDER 110 P400 S,ICE,petrol,3,263.0,294.0,2450.0,
2021,LAND ROVER,DEFENDER 110 P400 S AWD AUT.,ICE,petrol,2,264.0,294.0,2431.0,
2021,LAND ROVER,DEFENDER 110 P400 SE,ICE,petrol,1,261.0,294.0,2490.0,
2021,LAND ROVER,DEFENDER 110 P400 SE AWD AUT.,ICE,petrol,6,260.0,294.0,2440.0,
2021,LAND ROVER,DEFENDER 110 P400 X,ICE,petrol,2,265.0,294.0,2431.0,
2021,LAND ROVER,DEFENDER 110 P400 X AWD AUT.,ICE,petrol,2,262.0,294.0,2431.0,
2021,LAND ROVER,DEFENDER 110 P400E,PHEV,petrol/electric,4,79.0,221.0,2669.0,
2021,LAND ROVER,DEFENDER 110 P400E HSE,PHEV,petrol/electric,2,83.0,221.0,2677.0,
2021,LAND ROVER,DEFENDER 110 P400E HSE AWD AUT,PHEV,petrol/electric,1,79.0,221.0,2669.0,
2021,LAND ROVER,DEFENDER 110 P400E S,PHEV,petrol/electric,5,76.0,221.0,2672.0,
2021,LAND ROVER,DEFENDER 110 P400E SE,PHEV,petrol/electric,6,77.0,221.0,2669.0,
2021,LAND ROVER,DEFENDER 110 P400E X,PHEV,petrol/electric,2,80.0,221.0,2669.0,
2021,LAND ROVER,DEFENDER 110 P400E X-DYNAMIC H,PHEV,petrol/electric,5,82.0,221.0,2669.0,
2021,LAND ROVER,DEFENDER 110 P400E X-DYNAMIC S,PHEV,petrol/electric,7,79.0,221.0,2669.0,
2021,LAND ROVER,DEFENDER 110 P525,ICE,petrol,2,334.0,386.0,2678.0,
2021,LAND ROVER,DEFENDER 110 P525 CARPATHIAN E,ICE,petrol,6,334.0,386.0,2678.0,
2021,LAND ROVER,DEFENDER 110 SD4 D200 AWD AUT.,ICE,diesel,2,242.0,147.0,2392.0,
2021,LAND ROVER,DEFENDER 110 SD4 D200 S AWD AU,ICE,diesel,4,238.0,147.0,2406.0,
2021,LAND ROVER,DEFENDER 110 SD4 D240 FIRST ED,ICE,diesel,1,241.0,177.0,2451.0,
2021,LAND ROVER,DEFENDER 110 SD4 D240 S AWD AU,ICE,diesel,2,240.0,177.0,2421.0,
2021,LAND ROVER,DEFENDER 110 SD4 D240 SE AWD A,ICE,diesel,3,244.0,177.0,2431.0,
2021,LAND ROVER,DEFENDER 90 D200,ICE,diesel,17,230.0,147.0,2408.0,
2021,LAND ROVER,DEFENDER 90 D200 AWD AUT.,ICE,diesel,2,229.0,147.0,2406.0,
2021,LAND ROVER,DEFENDER 90 D200 S,ICE,diesel,12,232.0,147.0,2407.0,
2021,LAND ROVER,DEFENDER 90 D200 SE,ICE,diesel,3,236.0,147.0,2406.0,
2021,LAND ROVER,DEFENDER 90 D200 SE AWD AUT.,ICE,diesel,1,230.0,147.0,2424.0,
2021,LAND ROVER,DEFENDER 90 D200 X-DYNAMIC S,ICE,diesel,1,229.0,147.0,2406.0,
2021,LAND ROVER,DEFENDER 90 D200 X-DYNAMIC SE,ICE,diesel,1,230.0,147.0,2406.0,
2021,LAND ROVER,DEFENDER 90 D250,ICE,diesel,2,238.0,183.0,2415.0,
2021,LAND ROVER,DEFENDER 90 D250 S,ICE,diesel,4,234.0,183.0,2406.0,
2021,LAND ROVER,DEFENDER 90 D250 SE,ICE,diesel,7,232.0,183.0,2406.0,
2021,LAND ROVER,DEFENDER 90 D250 X-DYNAMIC HS,ICE,diesel,1,233.0,183.0,2406.0,
2021,LAND ROVER,DEFENDER 90 D250 X-DYNAMIC S,ICE,diesel,1,229.0,183.0,2406.0,
2021,LAND ROVER,DEFENDER 90 D250 X-DYNAMIC SE,ICE,diesel,1,236.0,183.0,2406.0,
2021,LAND ROVER,DEFENDER 90 D300,ICE,diesel,1,230.0,221.0,2406.0,
2021,LAND ROVER,DEFENDER 90 D300 HSE,ICE,diesel,1,234.0,221.0,2406.0,
2021,LAND ROVER,DEFENDER 90 D300 X-DYNAMIC HS,ICE,diesel,1,240.0,221.0,2406.0,
2021,LAND ROVER,DEFENDER 90 P300 SE,ICE,petrol,1,265.0,221.0,2204.0,
2021,LAND ROVER,DEFENDER 90 P400,ICE,petrol,1,254.0,294.0,2336.0,
2021,LAND ROVER,DEFENDER 90 P400 HSE,ICE,petrol,4,264.0,294.0,2330.0,
2021,LAND ROVER,DEFENDER 90 P400 X,ICE,petrol,2,259.0,294.0,2312.0,
2021,LAND ROVER,DEFENDER 90 P525,ICE,petrol,2,330.0,386.0,2546.0,
2021,LAND ROVER,DEFENDER 90 P525 CARPATHIAN ED,ICE,petrol,5,330.0,386.0,2546.0,
2021,LAND ROVER,DISCOVERY 2.0 SD4 S,ICE,diesel,2,229.0,177.0,2284.0,
2021,LAND ROVER,DISCOVERY 3.0 TDV6 HSE,ICE,diesel,2,242.0,225.0,2414.0,
2021,LAND ROVER,DISCOVERY 3.0 TDV6 SE,ICE,diesel,1,243.0,225.0,2449.0,
2021,LAND ROVER,DISCOVERY D250 AWD,ICE,diesel,1,221.0,183.0,2459.0,
2021,LAND ROVER,DISCOVERY D250 HSE AWD,ICE,diesel,7,225.0,183.0,2512.0,
2021,LAND ROVER,DISCOVERY D250 R-DYNAMIC HSE A,ICE,diesel,2,224.0,183.0,2512.0,
2021,LAND ROVER,DISCOVERY D250 R-DYNAMIC SE AW,ICE,diesel,6,221.0,183.0,2485.0,
2021,LAND ROVER,DISCOVERY D250 S AWD,ICE,diesel,4,221.0,183.0,2498.0,
2021,LAND ROVER,DISCOVERY D250 SE AWD,ICE,diesel,5,222.0,183.0,2501.0,
2021,LAND ROVER,DISCOVERY D300 HSE AWD,ICE,diesel,3,224.0,221.0,2517.0,
2021,LAND ROVER,DISCOVERY D300 R-DYNAMIC HSE A,ICE,diesel,5,224.0,221.0,2517.0,
2021,LAND ROVER,DISCOVERY D300 R-DYNAMIC S AWD,ICE,diesel,1,221.0,221.0,2465.0,
2021,LAND ROVER,DISCOVERY D300 R-DYNAMIC SE AW,ICE,diesel,4,222.0,221.0,2478.0,
2021,LAND ROVER,DISCOVERY P360 HSE AWD,ICE,petrol,1,244.0,265.0,2493.0,
2021,LAND ROVER,DISCOVERY P360 R-DYNAMIC HSE A,ICE,petrol,1,248.0,265.0,2493.0,
2021,LAND ROVER,DISCOVERY SPORT 2.0 SD4 D240,ICE,diesel,1,193.0,177.0,2069.0,
2021,LAND ROVER,DISCOVERY SPORT 2.0 SI4 P200,ICE,petrol,2,215.0,147.0,1959.0,
2021,LAND ROVER,DISCOVERY SPORT 2.0 SI4 P250,ICE,petrol,1,224.0,183.0,2078.0,
2021,LAND ROVER,DISCOVERY SPORT 2.0 TD4 D150,ICE,diesel,41,186.0,110.0,2008.0,
2021,LAND ROVER,DISCOVERY SPORT 2.0 TD4 D180,ICE,diesel,2,190.0,132.0,2007.0,
2021,LAND ROVER,DISCOVERY SPORT D165 AWD AUT.,ICE,diesel,79,177.0,120.0,2027.0,
2021,LAND ROVER,DISCOVERY SPORT D165 FWD,ICE,diesel,2,166.0,120.0,1915.0,
2021,LAND ROVER,DISCOVERY SPORT D165 R-DYNAMI,ICE,diesel,8,179.0,120.0,2025.0,
2021,LAND ROVER,DISCOVERY SPORT D165 S AWD AU,ICE,diesel,12,179.0,120.0,2031.0,
2021,LAND ROVER,DISCOVERY SPORT D165 S AWD AUT,ICE,diesel,4,178.0,120.0,2026.0,
2021,LAND ROVER,DISCOVERY SPORT D165 SE AWD A,ICE,diesel,6,181.0,120.0,2071.0,
2021,LAND ROVER,DISCOVERY SPORT D165 SE AWD AU,ICE,diesel,1,179.0,120.0,2026.0,
2021,LAND ROVER,DISCOVERY SPORT D200 AWD AUT.,ICE,diesel,1,179.0,150.0,2025.0,
2021,LAND ROVER,DISCOVERY SPORT D200 HSE AWD,ICE,diesel,1,180.0,150.0,2026.0,
2021,LAND ROVER,DISCOVERY SPORT D200 R-DYNAMI,ICE,diesel,12,179.0,150.0,2036.0,
2021,LAND ROVER,DISCOVERY SPORT D200 S AWD AU,ICE,diesel,7,179.0,150.0,2025.0,
2021,LAND ROVER,DISCOVERY SPORT D200 S AWD AUT,ICE,diesel,2,179.0,150.0,2026.0,
2021,LAND ROVER,DISCOVERY SPORT D200 SE AWD A,ICE,diesel,5,180.0,150.0,2025.0,
2021,LAND ROVER,DISCOVERY SPORT D200 SE AWD AU,ICE,diesel,1,182.0,150.0,2026.0,
2021,LAND ROVER,DISCOVERY SPORT P200 R-DYNAMI,ICE,petrol,2,209.0,147.0,1977.0,
2021,LAND ROVER,DISCOVERY SPORT P200 S AWD AU,ICE,petrol,4,212.0,147.0,1977.0,
2021,LAND ROVER,DISCOVERY SPORT P200 S AWD AUT,ICE,petrol,2,209.0,147.0,1977.0,
2021,LAND ROVER,DISCOVERY SPORT P200 SE AWD A,ICE,petrol,2,213.0,147.0,1977.0,
2021,LAND ROVER,DISCOVERY SPORT P250 R-DYNAMI,ICE,petrol,1,222.0,183.0,1996.0,
2021,LAND ROVER,DISCOVERY SPORT P300E AWD AUT,PHEV,petrol/electric,2,44.0,147.0,2229.0,
2021,LAND ROVER,DISCOVERY SPORT P300E HSE AWD,PHEV,petrol/electric,1,44.0,147.0,2229.0,
2021,LAND ROVER,DISCOVERY SPORT P300E R-DYNAM,PHEV,petrol/electric,23,44.0,147.0,2231.0,
2021,LAND ROVER,DISCOVERY SPORT P300E S AWD,PHEV,petrol/electric,3,44.0,147.0,2233.0,
2021,LAND ROVER,DISCOVERY SPORT P300E S AWD A,PHEV,petrol/electric,3,44.0,147.0,2229.0,
2021,LAND ROVER,DISCOVERY SPORT P300E SE AWD,PHEV,petrol/electric,1,44.0,147.0,2229.0,
2021,LAND ROVER,RANGE ROVER 2.0 SI4 PHEV VOQUE,PHEV,petrol/electric,2,83.0,221.0,2654.0,
2021,LAND ROVER,RANGE ROVER D300 VOQUE,ICE,diesel,1,227.0,221.0,2420.0,
2021,LAND ROVER,RANGE ROVER D350 AUTOBIOGRAPHY,ICE,diesel,4,252.0,258.0,2563.0,
2021,LAND ROVER,RANGE ROVER D350 FIFTY LWB,ICE,diesel,1,252.0,258.0,2608.0,
2021,LAND ROVER,RANGE ROVER EVOQUE 2.0 D150 AW,ICE,diesel,9,178.0,110.0,1948.0,
2021,LAND ROVER,RANGE ROVER EVOQUE 2.0 D150 R-,ICE,diesel,2,181.0,110.0,1948.0,
2021,LAND ROVER,RANGE ROVER EVOQUE 2.0 D150 S,ICE,diesel,11,180.0,110.0,1948.0,
2021,LAND ROVER,RANGE ROVER EVOQUE 2.0 D180 R-,ICE,diesel,2,184.0,132.0,1948.0,
2021,LAND ROVER,RANGE ROVER EVOQUE 300E AWD,PHEV,petrol/electric,2,44.0,147.0,2222.0,
2021,LAND ROVER,RANGE ROVER EVOQUE 300E DYNAM,PHEV,petrol/electric,8,44.0,147.0,2222.0,
2021,LAND ROVER,RANGE ROVER EVOQUE 300E R-DYN,PHEV,petrol/electric,1,44.0,147.0,2222.0,
2021,LAND ROVER,RANGE ROVER EVOQUE 300E SE AW,PHEV,petrol/electric,1,44.0,147.0,2222.0,
2021,LAND ROVER,RANGE ROVER EVOQUE D165 AWD AU,ICE,diesel,109,170.0,120.0,1967.0,
2021,LAND ROVER,RANGE ROVER EVOQUE D165 FWD,ICE,diesel,6,161.0,120.0,1855.0,
2021,LAND ROVER,RANGE ROVER EVOQUE D165 HSE A,ICE,diesel,2,174.0,120.0,1967.0,
2021,LAND ROVER,RANGE ROVER EVOQUE D165 LIMIT,ICE,diesel,1,175.0,120.0,1967.0,
2021,LAND ROVER,RANGE ROVER EVOQUE D165 R-DYN,ICE,diesel,31,173.0,120.0,1967.0,
2021,LAND ROVER,RANGE ROVER EVOQUE D165 R-DYNA,ICE,diesel,1,166.0,120.0,1855.0,
2021,LAND ROVER,RANGE ROVER EVOQUE D165 S AWD,ICE,diesel,41,171.0,120.0,1967.0,
2021,LAND ROVER,RANGE ROVER EVOQUE D165 S FWD,ICE,diesel,2,164.0,120.0,1855.0,
2021,LAND ROVER,RANGE ROVER EVOQUE D165 SE AW,ICE,diesel,5,173.0,120.0,1967.0,
2021,LAND ROVER,RANGE ROVER EVOQUE D165 SE AWD,ICE,diesel,1,173.0,120.0,1967.0,
2021,LAND ROVER,RANGE ROVER EVOQUE D200 AUTOB,ICE,diesel,1,180.0,150.0,1992.0,
2021,LAND ROVER,RANGE ROVER EVOQUE D200 AWD A,ICE,diesel,3,171.0,150.0,1992.0,
2021,LAND ROVER,RANGE ROVER EVOQUE D200 HSE A,ICE,diesel,1,174.0,150.0,1992.0,
2021,LAND ROVER,RANGE ROVER EVOQUE D200 R-DYN,ICE,diesel,16,173.0,150.0,1992.0,
2021,LAND ROVER,RANGE ROVER EVOQUE D200 S AWD,ICE,diesel,33,172.0,150.0,1992.0,
2021,LAND ROVER,RANGE ROVER EVOQUE D200 SE AW,ICE,diesel,1,173.0,150.0,1992.0,
2021,LAND ROVER,RANGE ROVER EVOQUE P160 R-DYNA,ICE,petrol,2,182.0,118.0,1845.0,
2021,LAND ROVER,RANGE ROVER EVOQUE P200 AWD AU,ICE,petrol,3,202.0,147.0,1917.0,
2021,LAND ROVER,RANGE ROVER EVOQUE P200 R-DYN,ICE,petrol,7,204.0,147.0,1917.0,
2021,LAND ROVER,RANGE ROVER EVOQUE P200 S AWD,ICE,petrol,8,203.0,147.0,1917.0,
2021,LAND ROVER,RANGE ROVER EVOQUE P200 SE AWD,ICE,petrol,1,204.0,147.0,1917.0,
2021,LAND ROVER,RANGE ROVER EVOQUE P250 AUTOB,ICE,petrol,1,213.0,183.0,1941.0,
2021,LAND ROVER,RANGE ROVER EVOQUE P300 HST A,ICE,petrol,2,207.0,221.0,1962.0,
2021,LAND ROVER,RANGE ROVER EVOQUE P300E AUTO,PHEV,petrol/electric,4,44.0,147.0,2192.0,
2021,LAND ROVER,RANGE ROVER EVOQUE P300E AWD,PHEV,petrol/electric,8,44.0,147.0,2192.0,
2021,LAND ROVER,RANGE ROVER EVOQUE P300E DYNA,PHEV,petrol/electric,2,44.0,147.0,2222.0,
2021,LAND ROVER,RANGE ROVER EVOQUE P300E LIMI,PHEV,petrol/electric,3,44.0,147.0,2192.0,
2021,LAND ROVER,RANGE ROVER EVOQUE P300E R-DY,PHEV,petrol/electric,23,44.0,147.0,2192.0,
2021,LAND ROVER,RANGE ROVER EVOQUE P300E S AW,PHEV,petrol/electric,17,44.0,147.0,2192.0,
2021,LAND ROVER,RANGE ROVER EVOQUE P300E SE A,PHEV,petrol/electric,5,44.0,147.0,2192.0,
2021,LAND ROVER,RANGE ROVER P400 HSE,ICE,petrol,37,241.0,294.0,2412.0,
2021,LAND ROVER,RANGE ROVER P400 LWB AUTOBIO,ICE,petrol,146,250.0,294.0,2523.0,
2021,LAND ROVER,RANGE ROVER P400 LWB VOGUE,ICE,petrol,1,246.0,294.0,2523.0,
2021,LAND ROVER,RANGE ROVER P400E PHEV AUTOBI,PHEV,petrol/electric,1,87.0,221.0,2751.0,
2021,LAND ROVER,RANGE ROVER P400E PHEV AUTOBIO,PHEV,petrol/electric,15,85.0,221.0,2654.0,
2021,LAND ROVER,RANGE ROVER P400E PHEV FIFTY,PHEV,petrol/electric,5,86.0,221.0,2654.0,
2021,LAND ROVER,RANGE ROVER P400E PHEV FIFTY L,PHEV,petrol/electric,1,89.0,221.0,2751.0,
2021,LAND ROVER,RANGE ROVER P400E PHEV VOQUE,PHEV,petrol/electric,4,82.0,221.0,2654.0,
2021,LAND ROVER,RANGE ROVER P400E PHEV WESTMIN,PHEV,petrol/electric,3,84.0,221.0,2654.0,
2021,LAND ROVER,RANGE ROVER P400E VOGUE LWB,PHEV,petrol/electric,1,79.0,221.0,2751.0,
2021,LAND ROVER,RANGE ROVER P525 AUTOBIOGRAPH,ICE,petrol,3,322.0,386.0,2524.0,
2021,LAND ROVER,RANGE ROVER P525 FIFTY,ICE,petrol,2,323.0,386.0,2524.0,
2021,LAND ROVER,RANGE ROVER P565 SV AUTOBIOGR,ICE,petrol,2,342.0,415.0,2524.0,
2021,LAND ROVER,RANGE ROVER SPORT 2.0 SI4 PHEV,PHEV,petrol/electric,6,76.0,221.0,2615.0,
2021,LAND ROVER,RANGE ROVER SPORT 3.0 I6 D300,ICE,diesel,3,237.0,221.0,2436.0,
2021,LAND ROVER,RANGE ROVER SPORT 3.0 I6 MHEV,ICE,petrol,1,241.0,294.0,2356.0,
2021,LAND ROVER,"RANGE ROVER SPORT 5,0 V8 S/C A",ICE,petrol,1,334.0,386.0,2448.0,
2021,LAND ROVER,RANGE ROVER SPORT D250 HSE A,ICE,diesel,7,222.0,183.0,2436.0,
2021,LAND ROVER,RANGE ROVER SPORT D250 HSE DY,ICE,diesel,10,224.0,183.0,2436.0,
2021,LAND ROVER,RANGE ROVER SPORT D250 S AWD,ICE,diesel,2,222.0,183.0,2436.0,
2021,LAND ROVER,RANGE ROVER SPORT D250 SE AW,ICE,diesel,3,225.0,183.0,2436.0,
2021,LAND ROVER,RANGE ROVER SPORT D300 HSE AWD,ICE,diesel,14,223.0,221.0,2435.0,
2021,LAND ROVER,RANGE ROVER SPORT D300 HSE DYN,ICE,diesel,26,228.0,221.0,2435.0,
2021,LAND ROVER,RANGE ROVER SPORT D300 TBC AWD,ICE,diesel,2,234.0,221.0,2436.0,
2021,LAND ROVER,RANGE ROVER SPORT D350 HSE DY,ICE,diesel,1,250.0,258.0,2436.0,
2021,LAND ROVER,RANGE ROVER SPORT D350 HST AW,ICE,diesel,2,246.0,258.0,2436.0,
2021,LAND ROVER,RANGE ROVER SPORT D350 TBC AW,ICE,diesel,2,248.0,258.0,2436.0,
2021,LAND ROVER,RANGE ROVER SPORT P300 HSE,ICE,petrol,30,252.0,221.0,2216.0,
2021,LAND ROVER,RANGE ROVER SPORT P400 MHEV HS,ICE,petrol,12,242.0,294.0,2362.0,
2021,LAND ROVER,RANGE ROVER SPORT P400 MHEV TB,ICE,petrol,1,250.0,294.0,2356.0,
2021,LAND ROVER,RANGE ROVER SPORT P400E PHEV A,PHEV,petrol/electric,4,78.0,221.0,2615.0,
2021,LAND ROVER,RANGE ROVER SPORT P400E PHEV H,PHEV,petrol/electric,47,78.0,221.0,2615.0,
2021,LAND ROVER,RANGE ROVER SPORT P400E PHEV S,PHEV,petrol/electric,1,83.0,221.0,2615.0,
2021,LAND ROVER,RANGE ROVER SPORT P400E PHEV T,PHEV,petrol/electric,1,84.0,221.0,2615.0,
2021,LAND ROVER,RANGE ROVER SPORT P525 AUTOBIO,ICE,petrol,2,322.0,386.0,2448.0,
2021,LAND ROVER,RANGE ROVER SPORT P575 SVR,ICE,petrol,8,331.0,423.0,2448.0,
2021,LAND ROVER,RANGE ROVER VELAR D180,ICE,diesel,1,177.0,132.0,1957.0,
2021,LAND ROVER,RANGE ROVER VELAR D180 R-DYNA,ICE,diesel,2,188.0,132.0,1957.0,
2021,LAND ROVER,RANGE ROVER VELAR D180 S,ICE,diesel,1,183.0,132.0,1957.0,
2021,LAND ROVER,RANGE ROVER VELAR D200,ICE,diesel,3,168.0,150.0,2049.0,
2021,LAND ROVER,RANGE ROVER VELAR D200 AWD AUT,ICE,diesel,1,167.0,150.0,2049.0,
2021,LAND ROVER,RANGE ROVER VELAR D200 R-DYNA,ICE,diesel,13,173.0,150.0,2049.0,
2021,LAND ROVER,RANGE ROVER VELAR D200 S,ICE,diesel,14,168.0,150.0,2049.0,
2021,LAND ROVER,RANGE ROVER VELAR D200 S AWD A,ICE,diesel,1,170.0,150.0,2049.0,
2021,LAND ROVER,RANGE ROVER VELAR D200 SE,ICE,diesel,18,168.0,150.0,2049.0,
2021,LAND ROVER,RANGE ROVER VELAR D240 R-DYNA,ICE,diesel,1,186.0,177.0,1968.0,
2021,LAND ROVER,RANGE ROVER VELAR D300 HSE,ICE,diesel,2,202.0,221.0,2164.0,
2021,LAND ROVER,RANGE ROVER VELAR D300 R-DYNA,ICE,diesel,25,203.0,221.0,2164.0,
2021,LAND ROVER,RANGE ROVER VELAR D300 S,ICE,diesel,2,197.0,221.0,2164.0,
2021,LAND ROVER,RANGE ROVER VELAR D300 SE,ICE,diesel,2,202.0,221.0,2164.0,
2021,LAND ROVER,RANGE ROVER VELAR P250 R-DYNA,ICE,petrol,1,223.0,184.0,1930.0,
2021,LAND ROVER,RANGE ROVER VELAR P250 S,ICE,petrol,1,218.0,184.0,1996.0,
2021,LAND ROVER,RANGE ROVER VELAR P400 LIMITE,ICE,petrol,1,232.0,294.0,2125.0,
2021,LAND ROVER,RANGE ROVER VELAR P400 R-DYNA,ICE,petrol,3,231.0,294.0,2125.0,
2021,LAND ROVER,RANGE ROVER VELAR P400E,PHEV,petrol/electric,3,51.0,221.0,2274.0,
2021,LAND ROVER,RANGE ROVER VELAR P400E HSE,PHEV,petrol/electric,2,55.0,221.0,2274.0,
2021,LAND ROVER,RANGE ROVER VELAR P400E LIMIT,PHEV,petrol/electric,5,52.0,221.0,2274.0,
2021,LAND ROVER,RANGE ROVER VELAR P400E R-DYN,PHEV,petrol/electric,17,54.0,221.0,2274.0,
2021,LAND ROVER,RANGE ROVER VELAR P400E S,PHEV,petrol/electric,2,50.0,221.0,2274.0,
2021,LAND ROVER,RANGE ROVER VELAR P550 SV AUT,ICE,petrol,1,279.0,405.0,2160.0,
2021,LEXUS,ES300H,HEV,petrol,26,123.0,131.0,1755.0,
2021,LEXUS,IS300H,HEV,petrol,10,136.4,133.0,1695.0,
2021,LEXUS,LC500,ICE,petrol,4,271.0,341.0,2083.0,
2021,LEXUS,NX300H,HEV,petrol,34,166.9,114.0,1839.0,
2021,LEXUS,RX450H,HEV,petrol,27,178.1,193.0,2175.0,
2021,LEXUS,RX450HL,HEV,petrol,2,184.0,193.0,2280.0,
2021,LEXUS,UX250H,HEV,petrol,62,126.2,112.0,1627.0,
2021,LOTUS,ELISE SPORT 220,ICE,petrol,1,174.0,161.0,999.0,
2021,LOTUS,EXIGE SPORT 410,ICE,petrol,1,230.0,306.0,1185.0,
2021,LOTUS,EXIGE SPORT 420,ICE,petrol,1,230.0,313.0,1185.0,
2021,MAHINDRA,XUV 500,ICE,diesel,1,214.0,103.0,2040.0,
2021,MAN,TGE,ICE,diesel,7,276.0,130.0,2684.0,
2021,MASERATI,GHIBLI,ICE,petrol,2,249.0,257.0,1925.0,
2021,MASERATI,GHIBLI HYBRID,HEV,petrol,5,201.0,243.0,1953.0,
2021,MASERATI,GHIBLI MODENA S Q4,ICE,petrol,1,258.0,316.0,2010.0,
2021,MASERATI,GHIBLI S Q4,ICE,petrol,2,278.0,316.0,2010.0,
2021,MASERATI,GHIBLI TROFEO,ICE,petrol,2,283.0,427.0,2035.0,
2021,MASERATI,LEVANTE,ICE,petrol,2,299.0,257.0,2184.0,
2021,MASERATI,LEVANTE GT HYBRID,HEV,petrol,3,234.0,243.0,2165.0,
2021,MASERATI,LEVANTE S,ICE,petrol,4,292.0,316.0,2184.0,
2021,MASERATI,LEVANTE TROFEO,ICE,petrol,3,348.0,427.0,2245.0,
2021,MASERATI,MC20,ICE,petrol,2,261.0,463.0,1550.0,
2021,MAXUS,EUNIQ 5,BEV,electric,1,0.0,130.0,1885.0,231.0
2021,MAZDA,CX-3/G121/100 YEARS,ICE,petrol,9,140.0,89.0,1259.0,
2021,MAZDA,CX-3/G121/100YEARS,ICE,petrol,18,140.0,89.0,1259.0,
2021,MAZDA,CX-3/G121/AT/REVOLUTION,ICE,petrol,255,160.0,89.0,1270.0,
2021,MAZDA,CX-3/G121/AT/REVOLUTION TOP,ICE,petrol,9,160.0,89.0,1270.0,
2021,MAZDA,CX-3/G121/AT/REVOLUTION/,ICE,petrol,12,160.0,89.0,1270.0,
2021,MAZDA,CX-3/G121/LIFE PLUS,ICE,petrol,65,140.0,89.0,1255.0,
2021,MAZDA,CX-3/G121/LIFE PLUS/NAVI,ICE,petrol,6,140.0,89.0,1254.0,
2021,MAZDA,CX-3/G121/PREMIUM MODERN,ICE,petrol,8,140.0,89.0,1259.0,
2021,MAZDA,CX-3/G121/REVOLUTION,ICE,petrol,366,140.0,89.0,1259.0,
2021,MAZDA,CX-3/G121/REVOLUTION TOP,ICE,petrol,35,140.0,89.0,1260.0,
2021,MAZDA,CX-3/G121/REVOLUTION/NAV,ICE,petrol,21,140.0,89.0,1259.0,
2021,MAZDA,CX-3/G121/TAKUMI,ICE,petrol,223,140.0,89.0,1255.0,
2021,MAZDA,CX-3/G121/TAKUMI/NAVI,ICE,petrol,4,140.0,89.0,1254.0,
2021,MAZDA,CX-30,HEV,petrol,4,134.0,90.0,1453.0,
2021,MAZDA,CX-30/D116/AT/COMFORT+/S,ICE,diesel,9,158.0,85.0,1446.0,
2021,MAZDA,CX-30/D116/AWD/AT/COMFOR,ICE,diesel,5,173.0,85.0,1522.0,
2021,MAZDA,CX-30/D116/AWD/COMFORT+,ICE,diesel,4,150.0,85.0,1499.0,
2021,MAZDA,CX-30/D116/AWD/COMFORT+/,ICE,diesel,3,150.0,85.0,1499.0,
2021,MAZDA,CX-30/D116/COMFORT+,ICE,diesel,14,135.0,85.0,1419.0,
2021,MAZDA,CX-30/D116/COMFORT+/SOUN,ICE,diesel,20,135.0,85.0,1419.0,
2021,MAZDA,CX-30/G122/AT/COMFORT+,HEV,petrol,72,144.0,90.0,1478.0,
2021,MAZDA,CX-30/G122/AT/COMFORT+/S,HEV,petrol,346,144.0,90.0,1475.0,
2021,MAZDA,CX-30/G122/AWD/AT/COMFOR,HEV,petrol,43,165.0,90.0,1505.0,
2021,MAZDA,CX-30/G122/AWD/COMFORT+/,HEV,petrol,2,153.0,90.0,1479.0,
2021,MAZDA,CX-30/G122/COMFORT,HEV,petrol,43,134.0,90.0,1395.0,
2021,MAZDA,CX-30/G122/COMFORT+,HEV,petrol,147,134.0,90.0,1447.0,
2021,MAZDA,CX-30/G122/COMFORT+/SOUN,HEV,petrol,324,134.0,90.0,1446.0,
2021,MAZDA,CX-30/G122/COMFORT+/STYL,HEV,petrol,205,134.0,90.0,1447.0,
2021,MAZDA,CX-30/G150/AT/COMFORT+,HEV,petrol,22,144.0,110.0,1481.0,
2021,MAZDA,CX-30/G150/AT/COMFORT+/S,HEV,petrol,136,143.0,110.0,1477.0,
2021,MAZDA,CX-30/G150/AWD/AT/COMFOR,HEV,petrol,92,156.0,110.0,1548.0,
2021,MAZDA,CX-30/G150/AWD/COMFORT+,HEV,petrol,20,144.0,110.0,1479.0,
2021,MAZDA,CX-30/G150/AWD/COMFORT+/,HEV,petrol,74,144.0,110.0,1530.0,
2021,MAZDA,CX-30/G150/COMFORT+,HEV,petrol,34,134.0,110.0,1453.0,
2021,MAZDA,CX-30/G150/COMFORT+/SOUN,HEV,petrol,129,134.0,110.0,1453.0,
2021,MAZDA,CX-30/SKYACTIV-D116/AWD/COMFOR,ICE,diesel,11,150.0,85.0,1499.0,
2021,MAZDA,CX-30/SKYACTIV-G122/AT/COMFORT,HEV,petrol,51,151.0,90.0,1422.0,
2021,MAZDA,CX-30/SKYACTIV-G122/AWD/AT/COM,HEV,petrol,18,165.0,90.0,1505.0,
2021,MAZDA,CX-30/SKYACTIV-G122/AWD/COMFOR,HEV,petrol,10,153.0,90.0,1479.0,
2021,MAZDA,CX-30/SKYACTIV-G122/COMFORT,HEV,petrol,9,141.0,90.0,1395.0,
2021,MAZDA,CX-30/SKYACTIV-G122/COMFORT+,HEV,petrol,22,141.0,90.0,1395.0,
2021,MAZDA,CX-30/SKYACTIV-G122/COMFORT+/S,HEV,petrol,157,141.0,90.0,1395.0,
2021,MAZDA,CX-30/SKYACTIV-X180/AT/GT+,HEV,petrol,4,146.0,132.0,1466.0,
2021,MAZDA,CX-30/SKYACTIV-X180/AT/GT+/SOU,HEV,petrol,7,146.0,132.0,1466.0,
2021,MAZDA,CX-30/SKYACTIV-X180/AWD/AT/100,HEV,petrol,46,160.0,132.0,1546.0,
2021,MAZDA,CX-30/SKYACTIV-X180/AWD/AT/GT+,HEV,petrol,3,160.0,132.0,1546.0,
2021,MAZDA,CX-30/SKYACTIV-X180/AWD/GT+,HEV,petrol,3,146.0,132.0,1528.0,
2021,MAZDA,CX-30/SKYACTIV-X180/AWD/GT+/SO,HEV,petrol,5,146.0,132.0,1528.0,
2021,MAZDA,CX-30/SKYACTIV-X180/GT+,HEV,petrol,3,133.0,132.0,1443.0,
2021,MAZDA,CX-30/SKYACTIV-X180/GT+/SOUND,HEV,petrol,3,133.0,132.0,1443.0,
2021,MAZDA,CX-30/SKYACTIV-X180/GT+/SOUND/,HEV,petrol,5,133.0,132.0,1443.0,
2021,MAZDA,CX-30/X180/AT/GT+/SOUND/,HEV,petrol,1,146.0,132.0,1466.0,
2021,MAZDA,CX-30/X180/AWD/AT/100YEA,HEV,petrol,5,160.0,132.0,1546.0,
2021,MAZDA,CX-30/X180/AWD/AT/GT+/SO,HEV,petrol,3,160.0,132.0,1546.0,
2021,MAZDA,CX-30/X180/AWD/GT+/SOUND,HEV,petrol,1,146.0,132.0,1528.0,
2021,MAZDA,CX-30/X180/GT+,HEV,petrol,1,133.0,132.0,1443.0,
2021,MAZDA,CX-30/X180/GT+/SOUND,HEV,petrol,1,133.0,132.0,1443.0,
2021,MAZDA,CX-30/X180/GT+/SOUND/PRE,HEV,petrol,1,133.0,132.0,1443.0,
2021,MAZDA,CX-30/X186/AT/GT+,HEV,petrol,19,138.0,137.0,1530.0,
2021,MAZDA,CX-30/X186/AT/GT+/SOUND,HEV,petrol,15,138.0,137.0,1530.0,
2021,MAZDA,CX-30/X186/AT/GT+/SOUND/,HEV,petrol,36,138.0,137.0,1530.0,
2021,MAZDA,CX-30/X186/AWD/AT/GT+,HEV,petrol,4,148.0,137.0,1546.0,
2021,MAZDA,CX-30/X186/AWD/AT/GT+/SO,HEV,petrol,61,148.0,137.0,1565.0,
2021,MAZDA,CX-30/X186/AWD/GT+,HEV,petrol,8,136.0,137.0,1528.0,
2021,MAZDA,CX-30/X186/AWD/GT+/SOUND,HEV,petrol,22,136.0,137.0,1561.0,
2021,MAZDA,CX-30/X186/GT+,HEV,petrol,16,128.0,137.0,1507.0,
2021,MAZDA,CX-30/X186/GT+/SOUND,HEV,petrol,13,128.0,137.0,1507.0,
2021,MAZDA,CX-30/X186/GT+/SOUND/PRE,HEV,petrol,27,128.0,137.0,1507.0,
2021,MAZDA,CX-5/CD150/AMBITION,ICE,diesel,10,147.0,110.0,1668.0,
2021,MAZDA,CX-5/CD150/AT/AMBITION,ICE,diesel,11,160.0,110.0,1695.0,
2021,MAZDA,CX-5/CD150/AWD/AMBITION,ICE,diesel,13,164.0,110.0,1743.0,
2021,MAZDA,CX-5/CD150/AWD/AT/AMBITI,ICE,diesel,15,173.0,110.0,1758.0,
2021,MAZDA,CX-5/CD150/AWD/AT/EDITIO,ICE,diesel,28,189.0,110.0,1746.0,
2021,MAZDA,CX-5/CD150/AWD/AT/EDITION 100,ICE,diesel,1,189.0,110.0,1746.0,
2021,MAZDA,CX-5/CD150/AWD/AT/HOMURA,ICE,diesel,39,173.0,110.0,1789.0,
2021,MAZDA,CX-5/CD150/AWD/AT/REVOLU,ICE,diesel,12,189.0,110.0,1746.0,
2021,MAZDA,CX-5/CD150/AWD/EDITION 100,ICE,diesel,1,175.0,110.0,1731.0,
2021,MAZDA,CX-5/CD150/AWD/EDITION10,ICE,diesel,23,175.0,110.0,1731.0,
2021,MAZDA,CX-5/CD150/AWD/HOMURA,ICE,diesel,13,165.0,110.0,1774.0,
2021,MAZDA,CX-5/CD150/AWD/REVOLUTIO,ICE,diesel,1,175.0,110.0,1731.0,
2021,MAZDA,CX-5/CD150/AWD/REVOLUTION,ICE,diesel,1,175.0,110.0,1731.0,
2021,MAZDA,CX-5/CD150/CHALLENGE,ICE,diesel,6,147.0,110.0,1654.0,
2021,MAZDA,CX-5/CD150/HOMURA,ICE,diesel,22,147.0,110.0,1704.0,
2021,MAZDA,CX-5/CD150/REVOLUTION,ICE,diesel,7,151.0,110.0,1665.0,
2021,MAZDA,CX-5/CD184/AWD/AT/HOMURA,ICE,diesel,46,173.0,135.0,1789.0,
2021,MAZDA,CX-5/CD184/AWD/AT/REVOLU,ICE,diesel,149,177.0,135.0,1778.0,
2021,MAZDA,CX-5/CD184/AWD/AT/REVOLUTION T,ICE,diesel,2,186.0,135.0,1759.0,
2021,MAZDA,CX-5/CD184/AWD/AT/TAKUMI,ICE,diesel,63,176.0,135.0,1780.0,
2021,MAZDA,CX-5/CD184/AWD/AT/TAKUMI PLUS,ICE,diesel,2,186.0,135.0,1759.0,
2021,MAZDA,CX-5/CD184/AWD/HOMURA,ICE,diesel,11,165.0,135.0,1776.0,
2021,MAZDA,CX-5/CD184/AWD/REVOLUTIO,ICE,diesel,1,175.0,135.0,1737.0,
2021,MAZDA,CX-5/CD184/HOMURA,ICE,diesel,1,147.0,135.0,1710.0,
2021,MAZDA,CX-5/G165/AMBITION,ICE,petrol,53,152.0,121.0,1500.0,
2021,MAZDA,CX-5/G165/AT/AMBITION,ICE,petrol,46,165.0,121.0,1557.0,
2021,MAZDA,CX-5/G165/AWD/AMBITION,ICE,petrol,18,172.0,121.0,1606.0,
2021,MAZDA,CX-5/G165/AWD/AT/AMBITIO,ICE,petrol,31,174.0,121.0,1624.0,
2021,MAZDA,CX-5/G165/AWD/AT/REVOLUT,ICE,petrol,6,188.0,121.0,1612.0,
2021,MAZDA,CX-5/G165/AWD/EDITION 100,ICE,petrol,14,179.0,121.0,1606.0,
2021,MAZDA,CX-5/G165/AWD/EDITION100,ICE,petrol,1,179.0,121.0,1606.0,
2021,MAZDA,CX-5/G165/AWD/HOMURA,ICE,petrol,54,172.0,121.0,1637.0,
2021,MAZDA,CX-5/G165/AWD/REVOLUTION,ICE,petrol,1,179.0,121.0,1606.0,
2021,MAZDA,CX-5/G165/AWD/REVOLUTION TOP,ICE,petrol,2,179.0,121.0,1606.0,
2021,MAZDA,CX-5/G165/CHALLENGE,ICE,petrol,9,154.0,121.0,1486.0,
2021,MAZDA,CX-5/G165/CHALLENGE PLUS,ICE,petrol,13,154.0,121.0,1486.0,
2021,MAZDA,CX-5/G165/EDITION 100,ICE,petrol,15,160.0,121.0,1500.0,
2021,MAZDA,CX-5/G165/EDITION100,ICE,petrol,1,160.0,121.0,1500.0,
2021,MAZDA,CX-5/G165/EMOTION,ICE,petrol,2,163.0,121.0,1486.0,
2021,MAZDA,CX-5/G165/HOMURA,ICE,petrol,67,153.0,121.0,1573.0,
2021,MAZDA,CX-5/G165/REVOLUTION,ICE,petrol,2,160.0,121.0,1500.0,
2021,MAZDA,CX-5/G165/REVOLUTION TOP,ICE,petrol,9,160.0,121.0,1500.0,
2021,MAZDA,CX-5/G165/TAKUMI PLUS,ICE,petrol,3,160.0,121.0,1500.0,
2021,MAZDA,CX-5/G194/AT/HOMURA,ICE,petrol,39,172.0,143.0,1629.0,
2021,MAZDA,CX-5/G194/AT/REVOLUTION,ICE,petrol,21,172.0,143.0,1629.0,
2021,MAZDA,CX-5/G194/AWD/AT/100YEAR,ICE,petrol,50,182.0,143.0,1690.0,
2021,MAZDA,CX-5/G194/AWD/AT/HOMURA,ICE,petrol,72,182.0,143.0,1690.0,
2021,MAZDA,CX-5/G194/AWD/AT/REVOLUT,ICE,petrol,95,183.0,143.0,1684.0,
2021,MAZDA,CX-5/G194/AWD/AT/REVOLUTION TO,ICE,petrol,1,192.0,143.0,1660.0,
2021,MAZDA,CX-5/G194/AWD/AT/TAKUMI,ICE,petrol,46,182.0,143.0,1688.0,
2021,MAZDA,CX-5/G194/AWD/AT/TAKUMI PLUS,ICE,petrol,11,192.0,143.0,1660.0,
2021,MAZDA,MAZDA2/G115/HOMURA,HEV,petrol,1,113.0,85.0,1117.0,
2021,MAZDA,MAZDA2/G115/REVOLUTION/NAVI,HEV,petrol,2,113.0,85.0,1117.0,
2021,MAZDA,MAZDA2/G75/HOMURA,ICE,petrol,29,109.0,55.0,1096.0,
2021,MAZDA,MAZDA2/G75/LIFE,HEV,petrol,56,120.0,55.0,1100.0,
2021,MAZDA,MAZDA2/G75/LIFE PLUS,HEV,petrol,126,120.0,55.0,1100.0,
2021,MAZDA,MAZDA2/G75/LIFE PLUS/NAVI,HEV,petrol,1,120.0,55.0,1100.0,
2021,MAZDA,MAZDA2/G75/LIFE+,ICE,petrol,6,109.0,55.0,1096.0,
2021,MAZDA,MAZDA2/G75/TAKUMI,HEV,petrol,434,120.0,55.0,1100.0,
2021,MAZDA,MAZDA2/G75/TAKUMI/NAVI,HEV,petrol,2,120.0,55.0,1100.0,
2021,MAZDA,MAZDA2/G90/100YEARS,HEV,petrol,10,120.0,66.0,1100.0,
2021,MAZDA,MAZDA2/G90/AT/HOMURA,ICE,petrol,29,122.0,66.0,1112.0,
2021,MAZDA,MAZDA2/G90/AT/HOMURA/NAVI,ICE,petrol,3,122.0,66.0,1112.0,
2021,MAZDA,MAZDA2/G90/AT/REVOLUTION,ICE,petrol,4,122.0,66.0,1112.0,
2021,MAZDA,MAZDA2/G90/HOMURA,ICE,petrol,59,109.0,66.0,1096.0,
2021,MAZDA,MAZDA2/G90/HOMURA/NAVI,ICE,petrol,3,109.0,66.0,1096.0,
2021,MAZDA,MAZDA2/G90/REVOLUTION,ICE,petrol,3,109.0,66.0,1096.0,
2021,MAZDA,MAZDA2/G90/REVOLUTION/NAVI,ICE,petrol,1,109.0,66.0,1096.0,
2021,MAZDA,MAZDA2/G90/TAKUMI,HEV,petrol,230,120.0,66.0,1100.0,
2021,MAZDA,MAZDA2/G90/TAKUMI PLUS,HEV,petrol,34,120.0,66.0,1100.0,
2021,MAZDA,MAZDA2/G90/TAKUMI/NAVI,HEV,petrol,16,120.0,66.0,1100.0,
2021,MAZDA,MAZDA3,HEV,petrol,3,126.0,105.0,1434.0,
2021,MAZDA,MAZDA3 SEDAN/G122/AT/COMFORT+,HEV,petrol,3,139.0,90.0,1437.0,
2021,MAZDA,MAZDA3 SEDAN/G122/AT/COMFORT+/,HEV,petrol,8,140.0,90.0,1413.0,
2021,MAZDA,MAZDA3 SEDAN/G122/COMFORT+,HEV,petrol,18,123.0,90.0,1402.0,
2021,MAZDA,MAZDA3 SEDAN/G122/COMFORT+/SOU,HEV,petrol,32,123.0,90.0,1404.0,
2021,MAZDA,MAZDA3 SEDAN/G150/AT/COMFORT+,HEV,petrol,1,139.0,110.0,1437.0,
2021,MAZDA,MAZDA3 SEDAN/G150/AT/COMFORT+/,HEV,petrol,14,139.0,110.0,1437.0,
2021,MAZDA,MAZDA3 SEDAN/G150/AT/EDITION10,HEV,petrol,3,144.0,110.0,1375.0,
2021,MAZDA,MAZDA3 SEDAN/G150/COMFORT+,HEV,petrol,1,124.0,110.0,1406.0,
2021,MAZDA,MAZDA3 SEDAN/G150/COMFORT+/SOU,HEV,petrol,11,124.0,110.0,1406.0,
2021,MAZDA,MAZDA3 SEDAN/X180/AT/GT+/SOUND,HEV,petrol,1,142.0,132.0,1426.0,
2021,MAZDA,MAZDA3 SEDAN/X180/GT+/SOUND/PR,HEV,petrol,1,127.0,132.0,1395.0,
2021,MAZDA,MAZDA3 SEDAN/X186/AT/GT+,HEV,petrol,1,134.0,137.0,1482.0,
2021,MAZDA,MAZDA3 SEDAN/X186/AT/GT+/SOUND,HEV,petrol,7,135.0,137.0,1510.0,
2021,MAZDA,MAZDA3 SEDAN/X186/GT+,HEV,petrol,4,117.0,137.0,1459.0,
2021,MAZDA,MAZDA3 SEDAN/X186/GT+/SOUND/PR,HEV,petrol,4,117.0,137.0,1459.0,
2021,MAZDA,MAZDA3/D116/COMFORT+,ICE,diesel,5,133.0,85.0,1374.0,
2021,MAZDA,MAZDA3/G122/AT/COMFORT+,HEV,petrol,31,140.0,90.0,1414.0,
2021,MAZDA,MAZDA3/G122/AT/COMFORT+/SOUND,HEV,petrol,1,147.0,90.0,1374.0,
2021,MAZDA,MAZDA3/G122/AT/COMFORT+/SOUND/,HEV,petrol,90,141.0,90.0,1409.0,
2021,MAZDA,MAZDA3/G122/AT/COMFORT+/STYLE,HEV,petrol,35,141.0,90.0,1409.0,
2021,MAZDA,MAZDA3/G122/COMFORT,HEV,petrol,43,125.0,90.0,1375.0,
2021,MAZDA,MAZDA3/G122/COMFORT+,HEV,petrol,112,128.0,90.0,1402.0,
2021,MAZDA,MAZDA3/G122/COMFORT+/SOUND,HEV,petrol,2,138.0,90.0,1349.0,
2021,MAZDA,MAZDA3/G122/COMFORT+/SOUND/PRE,HEV,petrol,6,138.0,90.0,1349.0,
2021,MAZDA,MAZDA3/G122/COMFORT+/SOUND/STY,HEV,petrol,229,128.0,90.0,1402.0,
2021,MAZDA,MAZDA3/G122/COMFORT+/STYLE,HEV,petrol,98,128.0,90.0,1401.0,
2021,MAZDA,MAZDA3/G150/AT/COMFORT+,HEV,petrol,4,140.0,110.0,1420.0,
2021,MAZDA,MAZDA3/G150/AT/COMFORT+/SOUND/,HEV,petrol,33,140.0,110.0,1420.0,
2021,MAZDA,MAZDA3/G150/COMFORT+,HEV,petrol,12,128.0,110.0,1411.0,
2021,MAZDA,MAZDA3/G150/COMFORT+/SOUND/STY,HEV,petrol,79,128.0,110.0,1411.0,
2021,MAZDA,MAZDA3/G150/EDITION100,HEV,petrol,3,138.0,110.0,1349.0,
2021,MAZDA,MAZDA3/SEDAN/SKYACTIV-G122/AT/,HEV,petrol,1,144.0,90.0,1375.0,
2021,MAZDA,MAZDA3/SEDAN/SKYACTIV-G122/COM,HEV,petrol,6,136.0,90.0,1350.0,
2021,MAZDA,MAZDA3/SEDAN/SKYACTIV-G150/EDI,HEV,petrol,1,136.0,110.0,1350.0,
2021,MAZDA,MAZDA3/SEDAN/SKYACTIV-X180/GT+,HEV,petrol,1,127.0,132.0,1395.0,
2021,MAZDA,MAZDA3/SKYACTIV-G122/AT/COMFOR,HEV,petrol,26,147.0,90.0,1374.0,
2021,MAZDA,MAZDA3/SKYACTIV-G122/COMFORT,HEV,petrol,4,136.0,90.0,1349.0,
2021,MAZDA,MAZDA3/SKYACTIV-G122/COMFORT+,HEV,petrol,17,138.0,90.0,1349.0,
2021,MAZDA,MAZDA3/SKYACTIV-G122/COMFORT+/,HEV,petrol,37,138.0,90.0,1349.0,
2021,MAZDA,MAZDA3/SKYACTIV-G150/AT/EDITIO,HEV,petrol,6,147.0,110.0,1374.0,
2021,MAZDA,MAZDA3/SKYACTIV-G150/EDITION 1,HEV,petrol,13,138.0,110.0,1349.0,
2021,MAZDA,MAZDA3/SKYACTIV-X180/100 YEARS,HEV,petrol,35,131.0,132.0,1395.0,
2021,MAZDA,MAZDA3/SKYACTIV-X180/AT/GT+/SO,HEV,petrol,4,142.0,132.0,1424.0,
2021,MAZDA,MAZDA3/SKYACTIV-X180/AWD/AT/GT,HEV,petrol,3,157.0,132.0,1484.0,
2021,MAZDA,MAZDA3/SKYACTIV-X180/AWD/GT,HEV,petrol,1,142.0,132.0,1451.0,
2021,MAZDA,MAZDA3/SKYACTIV-X180/AWD/GT+/S,HEV,petrol,2,142.0,132.0,1451.0,
2021,MAZDA,MAZDA3/SKYACTIV-X180/GT+/SOUND,HEV,petrol,3,131.0,132.0,1395.0,
2021,MAZDA,MAZDA3/X180/100YEARS,HEV,petrol,5,131.0,132.0,1395.0,
2021,MAZDA,MAZDA3/X180/AT/GT+/SOUND/PREMI,HEV,petrol,1,142.0,132.0,1424.0,
2021,MAZDA,MAZDA3/X180/AWD/GT+,HEV,petrol,1,142.0,132.0,1451.0,
2021,MAZDA,MAZDA3/X180/AWD/GT+/SOUND/PREM,HEV,petrol,1,142.0,132.0,1451.0,
2021,MAZDA,MAZDA3/X186/AT/GT+,HEV,petrol,2,136.0,137.0,1469.0,
2021,MAZDA,MAZDA3/X186/AT/GT+/SOUND/PREMI,HEV,petrol,19,137.0,137.0,1496.0,
2021,MAZDA,MAZDA3/X186/AWD/AT/GT+,HEV,petrol,1,146.0,137.0,1504.0,
2021,MAZDA,MAZDA3/X186/AWD/AT/GT+/SOUND/P,HEV,petrol,7,146.0,137.0,1563.0,
2021,MAZDA,MAZDA3/X186/AWD/GT+,HEV,petrol,3,135.0,137.0,1473.0,
2021,MAZDA,MAZDA3/X186/AWD/GT+/SOUND/PREM,HEV,petrol,4,135.0,137.0,1531.0,
2021,MAZDA,MAZDA3/X186/GT+,HEV,petrol,6,120.0,137.0,1451.0,
2021,MAZDA,MAZDA3/X186/GT+/SOUND,HEV,petrol,9,120.0,137.0,1451.0,
2021,MAZDA,MAZDA3/X186/GT+/SOUND/PREMIUM/,HEV,petrol,22,121.0,137.0,1477.0,
2021,MAZDA,MAZDA6/CD184/AT/REVOLUTION TOP,ICE,diesel,1,152.0,135.0,1636.0,
2021,MAZDA,MAZDA6/G165/REVOLUTION,ICE,petrol,6,152.0,121.0,1480.0,
2021,MAZDA,MAZDA6/G165/REVOLUTION TOP,ICE,petrol,3,152.0,121.0,1479.0,
2021,MAZDA,MAZDA6/G194/AT/REVOLUTION TOP,ICE,petrol,2,167.0,143.0,1539.0,
2021,MAZDA,MAZDA6/G194/AT/TAKUMI PLUS,ICE,petrol,3,167.0,143.0,1538.0,
2021,MAZDA,MAZDA6/SPC/CD150/ATTRACTION,ICE,diesel,5,141.0,110.0,1628.0,
2021,MAZDA,MAZDA6/SPC/CD150/REVOLUTION,ICE,diesel,9,141.0,110.0,1627.0,
2021,MAZDA,MAZDA6/SPC/CD184/AT/REVOLUTION,ICE,diesel,6,155.0,135.0,1652.0,
2021,MAZDA,MAZDA6/SPC/CD184/AT/TAKUMI PLU,ICE,diesel,5,155.0,135.0,1652.0,
2021,MAZDA,MAZDA6/SPC/CD184/AWD/AT/REVOLU,ICE,diesel,3,176.0,135.0,1714.0,
2021,MAZDA,MAZDA6/SPC/CD184/AWD/AT/TAKUMI,ICE,diesel,3,176.0,135.0,1714.0,
2021,MAZDA,MAZDA6/SPC/G145/ATTRACTION,ICE,petrol,8,155.0,107.0,1476.0,
2021,MAZDA,MAZDA6/SPC/G165/AT/REVOLUTION,ICE,petrol,13,163.0,121.0,1531.0,
2021,MAZDA,MAZDA6/SPC/G165/REVOLUTION,ICE,petrol,15,155.0,121.0,1497.0,
2021,MAZDA,MAZDA6/SPC/G165/REVOLUTION TOP,ICE,petrol,3,155.0,121.0,1497.0,
2021,MAZDA,MAZDA6/SPC/G165/TAKUMI PLUS,ICE,petrol,2,155.0,121.0,1497.0,
2021,MAZDA,MAZDA6/SPC/G194/AT/100 YEARS,ICE,petrol,1,172.0,143.0,1552.0,
2021,MAZDA,MAZDA6/SPC/G194/AT/100YEARS,ICE,petrol,7,172.0,143.0,1552.0,
2021,MAZDA,MAZDA6/SPC/G194/AT/HOMURA,ICE,petrol,12,172.0,143.0,1555.0,
2021,MAZDA,MAZDA6/SPC/G194/AT/REVOLUTION,ICE,petrol,20,172.0,143.0,1553.0,
2021,MAZDA,MAZDA6/SPC/G194/AT/TAKUMI PLUS,ICE,petrol,22,172.0,143.0,1554.0,
2021,MAZDA,MX-30/EDITION ONE-V,BEV,electric,1,0.0,107.0,1720.0,190.0
2021,MAZDA,MX-30/EDITION ONE/MODERN,BEV,electric,3,0.0,107.0,1720.0,190.0
2021,MAZDA,MX-30/GTE,BEV,electric,17,0.0,107.0,1720.0,190.0
2021,MAZDA,MX-30/GTE+,BEV,electric,31,0.0,107.0,1720.0,190.0
2021,MAZDA,MX-30/GTE+/PREMIUM MODERN,BEV,electric,1,0.0,107.0,1720.0,190.0
2021,MAZDA,MX-30/GTE+/PREMIUM MODERN/TECH,BEV,electric,3,0.0,107.0,1720.0,190.0
2021,MAZDA,MX-30/GTE+/PREMIUM VINTAGE/TEC,BEV,electric,3,0.0,107.0,1720.0,190.0
2021,MAZDA,MX-30/GTE+/PREMIUM-M,BEV,electric,20,0.0,107.0,1720.0,190.0
2021,MAZDA,MX-30/GTE+/PREMIUM-M/TEC,BEV,electric,35,0.0,107.0,1720.0,190.0
2021,MAZDA,MX-30/GTE+/PREMIUM-V,BEV,electric,12,0.0,107.0,1720.0,190.0
2021,MAZDA,MX-30/GTE+/PREMIUM-V/TEC,BEV,electric,62,0.0,107.0,1720.0,190.0
2021,MAZDA,MX-5,ICE,petrol,2,148.0,116.0,1085.0,
2021,MAZDA,MX-5/G132/100YEARS,ICE,petrol,23,142.0,97.0,1071.0,
2021,MAZDA,MX-5/G132/CHALLENGE,ICE,petrol,9,142.0,97.0,1071.0,
2021,MAZDA,MX-5/G132/EDITION 100,ICE,petrol,4,142.0,97.0,1071.0,
2021,MAZDA,MX-5/G132/EDITION100,ICE,petrol,1,142.0,97.0,1071.0,
2021,MAZDA,MX-5/G132/REVOLUTION,ICE,petrol,15,142.0,97.0,1071.0,
2021,MAZDA,MX-5/G184/30TH ANNIVERSARY,ICE,petrol,3,155.0,135.0,1120.0,
2021,MAZDA,MX-5/G184/REVOLUTION TOP,ICE,petrol,20,155.0,135.0,1100.0,
2021,MAZDA,MX-5/RF/G132/REVOLUTION,ICE,petrol,9,142.0,97.0,1112.0,
2021,MAZDA,MX-5/RF/G184/100YEARS,ICE,petrol,22,155.0,135.0,1147.0,
2021,MAZDA,MX-5/RF/G184/30TH ANNIVERSARY,ICE,petrol,1,155.0,135.0,1162.0,
2021,MAZDA,MX-5/RF/G184/EDITION 100,ICE,petrol,3,155.0,135.0,1147.0,
2021,MAZDA,MX-5/RF/G184/REVOLUTION,ICE,petrol,11,155.0,135.0,1147.0,
2021,MAZDA,MX-5/RF/G184/REVOLUTION TOP,ICE,petrol,1,155.0,135.0,1147.0,
2021,MCLAREN,600LT SPIDER,ICE,petrol,3,277.0,441.0,1479.0,
2021,MCLAREN,720S SPIDER,ICE,petrol,3,276.0,530.0,1543.0,
2021,MCLAREN,765LT COUPE,ICE,petrol,5,282.0,563.0,1414.0,
2021,MCLAREN,GT,ICE,petrol,2,270.0,456.0,1603.0,
2021,MERCEDES-AMG,AMG GT 43 4MATIC+,HEV,petrol,17,230.0,270.0,2040.0,
2021,MERCEDES-AMG,AMG GT 53 4MATIC+,HEV,petrol,3,228.0,320.0,2045.0,
2021,MERCEDES-AMG,AMG GT 63 S 4MATIC+,ICE,petrol,7,297.0,470.0,2124.0,
2021,MERCEDES-AMG,AMG GT BLACK SERIES,ICE,petrol,16,292.0,537.0,1615.0,
2021,MERCEDES-AMG,GT,ICE,petrol,2,283.0,370.0,1677.0,
2021,MERCEDES-AMG,GT C,ICE,petrol,3,290.0,410.0,1735.0,
2021,MERCEDES-AMG,GT R,ICE,petrol,4,291.0,430.0,1695.0,
2021,MERCEDES-BENZ,A 160,ICE,petrol,245,136.0,80.0,1350.0,
2021,MERCEDES-BENZ,A 160 D,ICE,diesel,6,118.0,70.0,1425.0,
2021,MERCEDES-BENZ,A 180,ICE,petrol,282,138.0,100.0,1364.0,
2021,MERCEDES-BENZ,A 180 D,ICE,diesel,624,131.0,85.0,1481.0,
2021,MERCEDES-BENZ,A 200,ICE,petrol,38,139.0,120.0,1378.0,
2021,MERCEDES-BENZ,A 200 4MATIC,ICE,petrol,7,156.0,120.0,1455.0,
2021,MERCEDES-BENZ,A 200 D,ICE,diesel,113,132.0,110.0,1491.0,
2021,MERCEDES-BENZ,A 200 D 4MATIC,ICE,diesel,102,137.0,110.0,1559.0,
2021,MERCEDES-BENZ,A 220 4MATIC,ICE,petrol,4,165.0,140.0,1518.0,
2021,MERCEDES-BENZ,A 220 D,ICE,diesel,4,135.0,140.0,1530.0,
2021,MERCEDES-BENZ,A 220 D 4MATIC,ICE,diesel,17,140.0,140.0,1579.0,
2021,MERCEDES-BENZ,A 250,ICE,petrol,3,164.0,165.0,1455.0,
2021,MERCEDES-BENZ,A 250 4MATIC,ICE,petrol,14,168.0,165.0,1521.0,
2021,MERCEDES-BENZ,A 250 E,PHEV,petrol/electric,150,24.0,118.0,1682.0,207.0
2021,MERCEDES-BENZ,AMG A 35,ICE,petrol,16,189.0,225.0,1578.0,
2021,MERCEDES-BENZ,AMG A 45,ICE,petrol,4,202.0,285.0,1640.0,
2021,MERCEDES-BENZ,AMG A 45 S,ICE,petrol,20,205.0,310.0,1658.0,
2021,MERCEDES-BENZ,AMG C 43,ICE,petrol,1,236.0,287.0,1885.0,
2021,MERCEDES-BENZ,AMG C 63,ICE,petrol,1,247.0,350.0,1810.0,
2021,MERCEDES-BENZ,AMG C 63 S,ICE,petrol,4,253.0,375.0,1852.0,
2021,MERCEDES-BENZ,AMG CLA 35,ICE,petrol,28,187.0,225.0,1625.0,
2021,MERCEDES-BENZ,AMG CLA 45,ICE,petrol,15,200.0,285.0,1685.0,
2021,MERCEDES-BENZ,AMG CLA 45 S,ICE,petrol,25,203.0,310.0,1703.0,
2021,MERCEDES-BENZ,AMG CLS 53 4MATIC,HEV,petrol,7,215.0,320.0,1980.0,
2021,MERCEDES-BENZ,AMG E 53 4MATIC,HEV,petrol,26,217.0,320.0,2003.0,
2021,MERCEDES-BENZ,AMG E 63 S,ICE,petrol,18,279.0,450.0,2031.0,
2021,MERCEDES-BENZ,AMG G 63,ICE,petrol,140,372.0,430.0,2560.0,
2021,MERCEDES-BENZ,AMG GLA 35,ICE,petrol,15,197.0,225.0,1680.0,
2021,MERCEDES-BENZ,AMG GLA 45,ICE,petrol,1,216.0,285.0,1745.0,
2021,MERCEDES-BENZ,AMG GLA 45 S,ICE,petrol,5,222.0,310.0,1765.0,
2021,MERCEDES-BENZ,AMG GLB 35,ICE,petrol,11,198.0,225.0,1755.0,
2021,MERCEDES-BENZ,AMG GLC 43 4MATIC,ICE,petrol,35,246.0,287.0,1878.0,
2021,MERCEDES-BENZ,AMG GLC 63 4MATIC,ICE,petrol,2,287.0,350.0,2017.0,
2021,MERCEDES-BENZ,AMG GLC 63 S 4MATIC,ICE,petrol,1,294.0,375.0,2030.0,
2021,MERCEDES-BENZ,AMG GLC 63 S 4MATIC+,ICE,petrol,12,296.0,375.0,2026.0,
2021,MERCEDES-BENZ,AMG GLE 53 4MATIC+,HEV,petrol,52,246.0,320.0,2305.0,
2021,MERCEDES-BENZ,AMG GLE 53 4MATIC+ COUPE,HEV,petrol,29,244.0,320.0,2325.0,
2021,MERCEDES-BENZ,AMG GLE 63 4MATIC+,HEV,petrol,4,281.0,420.0,2415.0,
2021,MERCEDES-BENZ,AMG GLE 63 S 4MATIC+,HEV,petrol,22,283.0,450.0,2420.0,
2021,MERCEDES-BENZ,AMG GLE 63 S 4MATIC+COUPE,HEV,petrol,8,281.0,450.0,2445.0,
2021,MERCEDES-BENZ,AMG GLS 63 4MATIC+,HEV,petrol,9,292.0,450.0,2630.0,
2021,MERCEDES-BENZ,B 160,ICE,petrol,21,138.0,80.0,1385.0,
2021,MERCEDES-BENZ,B 160 D,ICE,diesel,15,125.0,70.0,1465.0,
2021,MERCEDES-BENZ,B 180,ICE,petrol,81,139.0,100.0,1401.0,
2021,MERCEDES-BENZ,B 180 D,ICE,diesel,239,136.0,85.0,1528.0,
2021,MERCEDES-BENZ,B 200,ICE,petrol,24,140.0,120.0,1408.0,
2021,MERCEDES-BENZ,B 200 4MATIC,ICE,petrol,13,155.0,120.0,1495.0,
2021,MERCEDES-BENZ,B 200 D,ICE,diesel,89,133.0,110.0,1534.0,
2021,MERCEDES-BENZ,B 200 D 4MATIC,ICE,diesel,30,140.0,110.0,1615.0,
2021,MERCEDES-BENZ,B 220 4MATIC,ICE,petrol,1,177.0,140.0,1550.0,
2021,MERCEDES-BENZ,B 220 D,ICE,diesel,1,144.0,140.0,1565.0,
2021,MERCEDES-BENZ,B 220 D 4MATIC,ICE,diesel,6,144.0,140.0,1625.0,
2021,MERCEDES-BENZ,B 250,ICE,petrol,1,159.0,165.0,1495.0,
2021,MERCEDES-BENZ,B 250 4MATIC,ICE,petrol,1,165.0,165.0,1555.0,
2021,MERCEDES-BENZ,B 250 E,PHEV,petrol/electric,44,26.0,118.0,1725.0,208.0
2021,MERCEDES-BENZ,C 180,HEV,petrol,9,146.0,125.0,1625.0,
2021,MERCEDES-BENZ,C 180,ICE,petrol,56,167.0,115.0,1600.0,
2021,MERCEDES-BENZ,C 180 D,ICE,diesel,127,139.0,90.0,1595.0,
2021,MERCEDES-BENZ,C 200,HEV,petrol,44,155.0,144.0,1639.0,
2021,MERCEDES-BENZ,C 200 4MATIC,HEV,petrol,50,165.0,142.0,1662.0,
2021,MERCEDES-BENZ,C 200 4MATIC ALL-TERRAIN,HEV,petrol,2,159.0,150.0,1795.0,
2021,MERCEDES-BENZ,C 200 D,HEV,diesel,7,124.0,120.0,1764.0,
2021,MERCEDES-BENZ,C 200 D,ICE,diesel,145,139.0,118.0,1604.0,
2021,MERCEDES-BENZ,C 220 CDI,ICE,diesel,1,,125.0,1600.0,
2021,MERCEDES-BENZ,C 220 D,HEV,diesel,159,133.0,147.0,1771.0,
2021,MERCEDES-BENZ,C 220 D,ICE,diesel,19,140.0,143.0,1646.0,
2021,MERCEDES-BENZ,C 220 D 4MATIC,HEV,diesel,16,133.0,147.0,1840.0,
2021,MERCEDES-BENZ,C 220 D 4MATIC,ICE,diesel,82,148.0,143.0,1721.0,
2021,MERCEDES-BENZ,C 300,HEV,petrol,16,160.0,190.0,1680.0,
2021,MERCEDES-BENZ,C 300 4MATIC,HEV,petrol,4,171.0,190.0,1743.0,
2021,MERCEDES-BENZ,C 300 D,HEV,diesel,45,137.0,195.0,1796.0,
2021,MERCEDES-BENZ,C 300 D,ICE,diesel,1,154.0,180.0,1820.0,
2021,MERCEDES-BENZ,C 300 D 4MATIC,ICE,diesel,7,159.0,180.0,1726.0,
2021,MERCEDES-BENZ,C 300 DE,PHEV,diesel/electric,30,33.0,143.0,1953.0,216.0
2021,MERCEDES-BENZ,C 300 E,PHEV,petrol/electric,4,37.0,155.0,1870.0,222.0
2021,MERCEDES-BENZ,C 300 E 4MATIC,PHEV,petrol/electric,3,44.0,155.0,1895.0,248.0
2021,MERCEDES-BENZ,C 400 4MATIC,ICE,petrol,3,203.0,245.0,1663.0,
2021,MERCEDES-BENZ,CITAN,ICE,diesel,59,140.0,71.0,1616.0,
2021,MERCEDES-BENZ,CLA 180,ICE,petrol,99,142.0,100.0,1432.0,
2021,MERCEDES-BENZ,CLA 180 D,ICE,diesel,227,135.0,85.0,1574.0,
2021,MERCEDES-BENZ,CLA 200,ICE,petrol,59,145.0,120.0,1446.0,
2021,MERCEDES-BENZ,CLA 200 4MATIC,ICE,petrol,6,149.0,120.0,1500.0,
2021,MERCEDES-BENZ,CLA 200 D,ICE,diesel,282,133.0,110.0,1575.0,
2021,MERCEDES-BENZ,CLA 200 D 4MATIC,ICE,diesel,94,139.0,110.0,1634.0,
2021,MERCEDES-BENZ,CLA 220,ICE,petrol,20,168.0,140.0,1515.0,
2021,MERCEDES-BENZ,CLA 220 4MATIC,ICE,petrol,1,170.0,140.0,1545.0,
2021,MERCEDES-BENZ,CLA 220 D,ICE,diesel,40,135.0,140.0,1577.0,
2021,MERCEDES-BENZ,CLA 220 D 4MATIC,ICE,diesel,49,141.0,140.0,1630.0,
2021,MERCEDES-BENZ,CLA 250,ICE,petrol,7,162.0,165.0,1500.0,
2021,MERCEDES-BENZ,CLA 250 4MATIC,ICE,petrol,12,168.0,165.0,1558.0,
2021,MERCEDES-BENZ,CLA 250 E,PHEV,petrol/electric,89,26.0,118.0,1741.0,203.0
2021,MERCEDES-BENZ,CLS 350 D,ICE,diesel,1,178.0,210.0,1875.0,
2021,MERCEDES-BENZ,CLS 350 D 4MATIC,ICE,diesel,3,193.0,210.0,1935.0,
2021,MERCEDES-BENZ,CLS 400 D 4MATIC,ICE,diesel,14,190.0,244.0,1935.0,
2021,MERCEDES-BENZ,CLS 450 4MATIC,HEV,petrol,3,199.0,270.0,1925.0,
2021,MERCEDES-BENZ,E 200,HEV,petrol,23,173.0,145.0,1738.0,
2021,MERCEDES-BENZ,E 200 4MATIC,HEV,petrol,21,183.0,145.0,1830.0,
2021,MERCEDES-BENZ,E 200 D,ICE,diesel,211,136.0,118.0,1758.0,
2021,MERCEDES-BENZ,E 220 D,ICE,diesel,84,149.0,143.0,1790.0,
2021,MERCEDES-BENZ,E 220 D 4MATIC,ICE,diesel,282,156.0,143.0,1863.0,
2021,MERCEDES-BENZ,E 220 D 4MATIC ALLTERRAIN,ICE,diesel,8,167.0,143.0,1965.0,
2021,MERCEDES-BENZ,E 300,HEV,petrol,10,182.0,190.0,1815.0,
2021,MERCEDES-BENZ,E 300 D,ICE,diesel,4,175.0,180.0,1810.0,
2021,MERCEDES-BENZ,E 300 D 4MATIC,HEV,diesel,3,165.0,195.0,1980.0,
2021,MERCEDES-BENZ,E 300 DE,PHEV,diesel/electric,12,34.0,143.0,2102.0,225.0
2021,MERCEDES-BENZ,E 300 DE 4MATIC,PHEV,diesel/electric,119,37.0,143.0,2191.0,236.0
2021,MERCEDES-BENZ,E 300 E,PHEV,petrol/electric,9,36.0,155.0,2018.0,215.0
2021,MERCEDES-BENZ,E 300 E 4MATIC,PHEV,petrol/electric,9,40.0,155.0,2065.0,229.0
2021,MERCEDES-BENZ,E 350,HEV,petrol,2,189.0,220.0,1870.0,
2021,MERCEDES-BENZ,E 400 D 4 MATIC,ICE,diesel,52,183.0,243.0,1962.0,
2021,MERCEDES-BENZ,E 400 D 4MATIC,ICE,diesel,5,192.0,243.0,2007.0,
2021,MERCEDES-BENZ,E 400 D 4MATIC ALLTERRAIN,ICE,diesel,8,194.0,243.0,2060.0,
2021,MERCEDES-BENZ,E 450 4MATIC,HEV,petrol,18,197.0,270.0,1984.0,
2021,MERCEDES-BENZ,E 450 4MATIC ALLTERRAIN,HEV,petrol,2,204.0,270.0,2065.0,
2021,MERCEDES-BENZ,EQA 250,BEV,electric,229,0.0,80.0,2040.0,182.0
2021,MERCEDES-BENZ,EQA 300 4MATIC,BEV,electric,7,0.0,139.0,2105.0,179.0
2021,MERCEDES-BENZ,EQB 300 4MATIC,BEV,electric,1,0.0,139.0,2175.0,188.0
2021,MERCEDES-BENZ,EQB 350 4MATIC,BEV,electric,1,0.0,139.0,2175.0,189.0
2021,MERCEDES-BENZ,EQC 400 4MATIC,BEV,electric,410,0.0,145.0,2495.0,230.0
2021,MERCEDES-BENZ,EQS 450+,BEV,electric,9,0.0,109.0,2480.0,175.0
2021,MERCEDES-BENZ,EQS 580 4MATIC,BEV,electric,6,0.0,135.0,2585.0,192.0
2021,MERCEDES-BENZ,EQV,BEV,electric,483,0.0,70.0,2636.0,289.0
2021,MERCEDES-BENZ,EVITO TOURER,BEV,electric,98,0.0,70.0,2537.0,282.0
2021,MERCEDES-BENZ,EVITO TOURER 129,BEV,electric,1,0.0,70.0,2530.0,283.0
2021,MERCEDES-BENZ,G 350 D,ICE,diesel,28,283.0,210.0,2461.0,
2021,MERCEDES-BENZ,G 400 D,ICE,diesel,45,283.0,243.0,2462.0,
2021,MERCEDES-BENZ,G 400D,ICE,diesel,2,299.0,243.0,2564.0,
2021,MERCEDES-BENZ,G 500,ICE,petrol,38,341.0,313.0,2456.0,
2021,MERCEDES-BENZ,GLA 180,ICE,petrol,41,152.0,100.0,1480.0,
2021,MERCEDES-BENZ,GLA 180 D,ICE,diesel,80,141.0,85.0,1615.0,
2021,MERCEDES-BENZ,GLA 200,ICE,petrol,46,153.0,119.0,1483.0,
2021,MERCEDES-BENZ,GLA 200 4MATIC,ICE,petrol,17,168.0,120.0,1555.0,
2021,MERCEDES-BENZ,GLA 200 D,ICE,diesel,108,142.0,110.0,1615.0,
2021,MERCEDES-BENZ,GLA 200 D 4MATIC,ICE,diesel,241,148.0,110.0,1670.0,
2021,MERCEDES-BENZ,GLA 220 D,ICE,diesel,5,145.0,140.0,1615.0,
2021,MERCEDES-BENZ,GLA 220 D 4MATIC,ICE,diesel,34,151.0,140.0,1670.0,
2021,MERCEDES-BENZ,GLA 250,ICE,petrol,2,171.0,165.0,1540.0,
2021,MERCEDES-BENZ,GLA 250 4MATIC,ICE,petrol,20,176.0,165.0,1600.0,
2021,MERCEDES-BENZ,GLA 250 E,PHEV,petrol/electric,103,32.0,118.0,1775.0,219.0
2021,MERCEDES-BENZ,GLB 180,ICE,petrol,8,159.0,100.0,1550.0,
2021,MERCEDES-BENZ,GLB 180 D,ICE,diesel,79,146.0,85.0,1680.0,
2021,MERCEDES-BENZ,GLB 200,ICE,petrol,16,160.0,120.0,1555.0,
2021,MERCEDES-BENZ,GLB 200 4MATIC,ICE,petrol,15,172.0,120.0,1625.0,
2021,MERCEDES-BENZ,GLB 200 D,ICE,diesel,140,146.0,110.0,1680.0,
2021,MERCEDES-BENZ,GLB 200 D 4MATIC,ICE,diesel,343,152.0,110.0,1735.0,
2021,MERCEDES-BENZ,GLB 220 D,ICE,diesel,4,148.0,140.0,1685.0,
2021,MERCEDES-BENZ,GLB 220 D 4MATIC,ICE,diesel,86,156.0,140.0,1735.0,
2021,MERCEDES-BENZ,GLB 250 4MATIC,ICE,petrol,28,186.0,165.0,1670.0,
2021,MERCEDES-BENZ,GLC 200 4MATIC,HEV,petrol,74,189.0,145.0,1809.0,
2021,MERCEDES-BENZ,GLC 200 D,ICE,diesel,17,160.0,120.0,1802.0,
2021,MERCEDES-BENZ,GLC 200 D 4MATIC,ICE,diesel,322,164.0,120.0,1838.0,
2021,MERCEDES-BENZ,GLC 220 D,ICE,diesel,3,159.0,143.0,1800.0,
2021,MERCEDES-BENZ,GLC 220 D 4MATIC,ICE,diesel,457,166.0,143.0,1839.0,
2021,MERCEDES-BENZ,GLC 300 4MATIC,HEV,petrol,8,191.0,190.0,1812.0,
2021,MERCEDES-BENZ,GLC 300 D 4MATIC,ICE,diesel,83,177.0,180.0,1861.0,
2021,MERCEDES-BENZ,GLC 300 DE 4MATIC,PHEV,diesel/electric,447,50.0,143.0,2123.0,269.0
2021,MERCEDES-BENZ,GLC 300 E 4MATIC,PHEV,petrol/electric,151,51.0,155.0,2034.0,266.0
2021,MERCEDES-BENZ,GLC 400 D 4MATIC,ICE,diesel,49,193.0,243.0,1925.0,
2021,MERCEDES-BENZ,GLE 300 D 4MATIC,HEV,diesel,2,183.0,200.0,2280.0,
2021,MERCEDES-BENZ,GLE 300 D 4MATIC,ICE,diesel,58,197.0,180.0,2165.0,
2021,MERCEDES-BENZ,GLE 350 D 4MATIC,ICE,diesel,231,212.0,200.0,2235.0,
2021,MERCEDES-BENZ,GLE 350 D 4MATIC COUPE,ICE,diesel,115,216.0,200.0,2290.0,
2021,MERCEDES-BENZ,GLE 350 DE 4MATIC,PHEV,diesel/electric,300,21.0,143.0,2655.0,332.0
2021,MERCEDES-BENZ,GLE 350 DE 4MATIC COUPE,PHEV,diesel/electric,114,23.0,143.0,2690.0,336.0
2021,MERCEDES-BENZ,GLE 350 E 4MATIC,PHEV,petrol/electric,44,24.0,155.0,2605.0,324.0
2021,MERCEDES-BENZ,GLE 350 E 4MATIC COUPE,PHEV,petrol/electric,31,26.0,155.0,2625.0,331.0
2021,MERCEDES-BENZ,GLE 400 D 4MATIC,ICE,diesel,130,216.0,243.0,2265.0,
2021,MERCEDES-BENZ,GLE 400 D 4MATIC COUPE,ICE,diesel,80,219.0,243.0,2295.0,
2021,MERCEDES-BENZ,GLE 450 4MATIC,HEV,petrol,39,226.0,270.0,2220.0,
2021,MERCEDES-BENZ,GLE 580 4MATIC,HEV,petrol,15,270.0,360.0,2345.0,
2021,MERCEDES-BENZ,GLS 350 D 4MATIC,ICE,diesel,10,227.0,210.0,2498.0,
2021,MERCEDES-BENZ,GLS 400 D 4MATIC,ICE,diesel,50,230.0,243.0,2504.0,
2021,MERCEDES-BENZ,GLS 450 4MATIC,HEV,petrol,6,249.0,270.0,2460.0,
2021,MERCEDES-BENZ,GLS 580 4MATIC,HEV,petrol,5,284.0,360.0,2545.0,
2021,MERCEDES-BENZ,GLS 600 4MATIC MAYBACH,HEV,petrol,9,300.0,410.0,2785.0,
2021,MERCEDES-BENZ,MARCO POLO,ICE,diesel,51,222.0,137.0,2359.0,
2021,MERCEDES-BENZ,S 350 D,ICE,diesel,8,179.0,210.0,2025.0,
2021,MERCEDES-BENZ,S 350 D 4MATIC,ICE,diesel,66,184.0,210.0,2077.0,
2021,MERCEDES-BENZ,S 400 D 4MATIC,ICE,diesel,72,191.0,243.0,2081.0,
2021,MERCEDES-BENZ,S 450,HEV,petrol,1,189.0,270.0,2015.0,
2021,MERCEDES-BENZ,S 450 4MATIC,HEV,petrol,11,192.0,270.0,2005.0,
2021,MERCEDES-BENZ,S 500 4MATIC,HEV,petrol,42,198.0,320.0,2056.0,
2021,MERCEDES-BENZ,S 560 4MATIC,ICE,petrol,1,255.0,345.0,2135.0,
2021,MERCEDES-BENZ,S 580 4MATIC,HEV,petrol,7,243.0,370.0,2106.0,
2021,MERCEDES-BENZ,S 580 MAYBACH,HEV,petrol,1,250.0,370.0,2290.0,
2021,MERCEDES-BENZ,SLC 200,ICE,petrol,2,174.0,135.0,1480.0,
2021,MERCEDES-BENZ,SPRINTER,ICE,diesel,55,304.0,118.0,2588.0,
2021,MERCEDES-BENZ,V-KLASSE,ICE,diesel,410,217.0,154.0,2205.0,
2021,MERCEDES-BENZ,VITO TOURER,ICE,diesel,472,207.0,116.0,2080.0,
2021,MG,EHS PLUG-IN HYBRID,PHEV,petrol/electric,18,41.0,119.0,1850.0,240.0
2021,MG,EHS PLUG-IN HYBRID (RX6),PHEV,petrol/electric,220,41.0,119.0,1849.0,240.0
2021,MG,MARVEL R ELECTRIC,BEV,electric,75,0.0,191.0,1967.0,205.0
2021,MG,ZS EV,BEV,electric,403,0.0,105.0,1609.0,185.0
2021,MINI,CLUBMAN COOPER,ICE,petrol,57,138.0,100.0,1431.0,
2021,MINI,CLUBMAN COOPER D,ICE,diesel,15,133.0,110.0,1540.0,
2021,MINI,CLUBMAN COOPER S,ICE,petrol,15,149.0,131.0,1485.0,
2021,MINI,CLUBMAN COOPER S ALL4,ICE,petrol,16,158.0,131.0,1575.0,
2021,MINI,CLUBMAN COOPER SD,ICE,diesel,3,133.0,140.0,1560.0,
2021,MINI,CLUBMAN COOPER SD ALL4,ICE,diesel,6,147.0,140.0,1615.0,
2021,MINI,CLUBMAN JCW ALL4,ICE,petrol,27,174.0,225.0,1629.0,
2021,MINI,CLUBMAN ONE,ICE,petrol,4,137.0,75.0,1412.0,
2021,MINI,CLUBMAN ONE D,ICE,diesel,7,126.0,85.0,1471.0,
2021,MINI,COOPER,ICE,petrol,556,133.0,100.0,1295.0,
2021,MINI,COOPER S,ICE,petrol,225,143.0,132.0,1347.0,
2021,MINI,COOPER SE,BEV,electric,753,0.0,,1440.0,155.0
2021,MINI,COUNTRYMAN COOPER,ICE,petrol,107,147.0,100.0,1501.0,
2021,MINI,COUNTRYMAN COOPER ALL4,ICE,petrol,25,162.0,100.0,1580.0,
2021,MINI,COUNTRYMAN COOPER D,ICE,diesel,32,135.0,110.0,1575.0,
2021,MINI,COUNTRYMAN COOPER D ALL4,ICE,diesel,55,144.0,110.0,1644.0,
2021,MINI,COUNTRYMAN COOPER S,ICE,petrol,11,149.0,131.0,1553.0,
2021,MINI,COUNTRYMAN COOPER S ALL4,ICE,petrol,26,162.0,131.0,1645.0,
2021,MINI,COUNTRYMAN COOPER SD,ICE,diesel,3,138.0,140.0,1610.0,
2021,MINI,COUNTRYMAN COOPER SD ALL4,ICE,diesel,8,145.0,140.0,1675.0,
2021,MINI,COUNTRYMAN COOPER SE ALL4,PHEV,petrol/electric,153,41.0,92.0,1790.0,151.0
2021,MINI,COUNTRYMAN JCW ALL4,ICE,petrol,35,185.0,225.0,1680.0,
2021,MINI,COUNTRYMAN ONE,ICE,petrol,11,143.0,75.0,1478.0,
2021,MINI,COUNTRYMAN ONE D,ICE,diesel,6,130.0,85.0,1515.0,
2021,MINI,JOHN COOPER WORKS,ICE,petrol,125,157.0,170.0,1395.0,
2021,MINI,JOHN COOPER WORKS GP,ICE,petrol,1,189.0,225.0,1330.0,
2021,MINI,ONE,ICE,petrol,252,129.0,74.0,1273.0,
2021,MINI,ONE FIRST,ICE,petrol,40,125.0,55.0,1274.0,
2021,MITSUBISHI,"ASX 2,0 MIVEC 2WD",ICE,petrol,69,171.0,110.0,1450.0,
2021,MITSUBISHI,"ASX 2,0 MIVEC CVT 2WD",ICE,petrol,60,176.0,110.0,1480.0,
2021,MITSUBISHI,"ASX 2,0 MIVEC CVT 4WD",ICE,petrol,116,185.0,110.0,1545.0,
2021,MITSUBISHI,ECLIPSE CROSS,PHEV,petrol/electric,165,46.0,72.0,1975.0,175.0
2021,MITSUBISHI,"ECLIPSE CROSS 1,5 TC CVT 2WD",ICE,petrol,4,185.0,120.0,1530.0,
2021,MITSUBISHI,"ECLIPSE CROSS 1,5 TC CVT 4WD",ICE,petrol,4,196.0,120.0,1595.0,
2021,MITSUBISHI,"ECLIPSE CROSS 2,2 DI-D AT 4WD",ICE,diesel,53,194.0,109.0,1720.0,
2021,MITSUBISHI,"OUTLANDER 2,0 2WD AS&G",ICE,petrol,14,173.0,110.0,1485.0,
2021,MITSUBISHI,"OUTLANDER PHEV 2,4 4WD",PHEV,petrol/electric,190,46.0,99.0,1965.0,169.0
2021,MITSUBISHI,SPACE STAR,ICE,petrol,1,116.0,52.0,950.0,
2021,MITSUBISHI,"SPACE STAR 1,0 AS&G",ICE,petrol,581,115.0,52.0,945.0,
2021,MITSUBISHI,"SPACE STAR 1,2 AS&G",ICE,petrol,613,114.0,52.0,949.0,
2021,MITSUBISHI,"SPACE STAR 1,2 CVT AS&G",ICE,petrol,160,125.0,52.0,984.0,
2021,NISSAN,E-NV200,BEV,electric,30,0.0,80.0,1682.0,259.0
2021,NISSAN,GT-R,ICE,petrol,2,316.0,419.0,1821.0,
2021,NISSAN,JUKE,ICE,petrol,524,137.0,84.0,1270.0,
2021,NISSAN,LEAF,BEV,electric,1,0.0,160.0,1756.0,185.0
2021,NISSAN,LEAF 40KWH,BEV,electric,93,0.0,89.0,1580.0,181.0
2021,NISSAN,LEAF 62KWH,BEV,electric,147,0.0,89.0,1756.0,185.0
2021,NISSAN,MICRA,ICE,petrol,450,125.0,68.0,1133.0,
2021,NISSAN,NV300,ICE,diesel,20,190.0,111.0,2065.0,
2021,NISSAN,QASHQAI,ICE,diesel,39,145.0,90.0,1496.0,
2021,NISSAN,QASHQAI,HEV,petrol,498,145.0,111.0,1441.0,
2021,NISSAN,QASHQAI,ICE,petrol,528,146.0,107.0,1398.0,
2021,NISSAN,X-TRAIL,ICE,diesel,37,173.0,110.0,1740.0,
2021,NISSAN,X-TRAIL,ICE,petrol,37,164.0,116.0,1556.0,
2021,OPEL,ASTRA,ICE,diesel,28,113.0,77.0,1371.0,
2021,OPEL,ASTRA,ICE,petrol,67,119.0,82.0,1281.0,
2021,OPEL,ASTRA SPORTS TOURER,ICE,diesel,76,116.0,80.0,1403.0,
2021,OPEL,ASTRA SPORTS TOURER,ICE,petrol,54,122.0,82.0,1355.0,
2021,OPEL,ASTRA SPORTS TOURER+,ICE,diesel,208,119.0,85.0,1408.0,
2021,OPEL,ASTRA SPORTS TOURER+,ICE,petrol,165,123.0,87.0,1356.0,
2021,OPEL,ASTRA+,ICE,diesel,40,121.0,85.0,1379.0,
2021,OPEL,ASTRA+,ICE,petrol,116,121.0,88.0,1287.0,
2021,OPEL,COMBO LIFE,ICE,diesel,123,139.0,85.0,1536.0,
2021,OPEL,COMBO LIFE,ICE,petrol,147,151.0,88.0,1514.0,
2021,OPEL,COMBO-E LIFE,BEV,electric,22,0.0,57.0,1739.0,201.0
2021,OPEL,CORSA,ICE,diesel,73,105.0,75.0,1184.0,
2021,OPEL,CORSA,BEV,electric,444,0.0,58.0,1530.0,165.0
2021,OPEL,CORSA,ICE,petrol,1678,118.0,61.0,1090.0,
2021,OPEL,CROSSLAND,ICE,diesel,273,126.0,83.0,1308.0,
2021,OPEL,CROSSLAND,ICE,petrol,1219,133.0,83.0,1249.0,
2021,OPEL,CROSSLAND X,ICE,diesel,15,126.0,76.0,1287.0,
2021,OPEL,CROSSLAND X,ICE,petrol,117,134.0,78.0,1239.0,
2021,OPEL,GRANDLAND X,ICE,diesel,412,134.0,96.0,1491.0,
2021,OPEL,GRANDLAND X,ICE,petrol,401,143.0,97.0,1399.0,
2021,OPEL,GRANDLAND X,PHEV,petrol/electric,151,30.0,143.0,1856.0,154.0
2021,OPEL,INSIGNIA GRAND SPORT,ICE,diesel,101,130.0,114.0,1588.0,
2021,OPEL,INSIGNIA GRAND SPORT,ICE,petrol,36,183.0,156.0,1684.0,
2021,OPEL,INSIGNIA SPORTS TOURER,ICE,diesel,240,136.0,108.0,1620.0,
2021,OPEL,INSIGNIA SPORTS TOURER,ICE,petrol,33,188.0,157.0,1700.0,
2021,OPEL,MOKKA,ICE,diesel,83,117.0,81.0,1295.0,
2021,OPEL,MOKKA,BEV,electric,356,0.0,57.0,1598.0,168.0
2021,OPEL,MOKKA,ICE,petrol,1229,130.0,88.0,1283.0,
2021,OPEL,VIVARO / ZAFIRA LIFE,ICE,diesel,315,182.0,106.0,1834.0,
2021,OPEL,VIVARO / ZAFIRA LIFE,BEV,electric,160,0.0,57.0,2185.0,271.0
2021,OPEL,ZAFIRA LIFE,ICE,diesel,1,168.0,88.0,1734.0,
2021,PEUGEOT,108,ICE,petrol,341,110.0,53.0,918.0,
2021,PEUGEOT,2008,ICE,diesel,439,120.0,87.0,1308.0,
2021,PEUGEOT,2008,BEV,electric,537,0.0,57.0,1623.0,175.0
2021,PEUGEOT,2008,ICE,petrol,652,127.0,83.0,1268.0,
2021,PEUGEOT,208,ICE,diesel,149,107.0,75.0,1165.0,
2021,PEUGEOT,208,BEV,electric,569,0.0,57.0,1530.0,164.0
2021,PEUGEOT,208,ICE,petrol,871,120.0,70.0,1139.0,
2021,PEUGEOT,3008,ICE,diesel,1266,136.0,96.0,1504.0,
2021,PEUGEOT,3008,ICE,petrol,283,145.0,96.0,1395.0,
2021,PEUGEOT,3008,PHEV,petrol/electric,288,30.0,144.0,1898.0,154.0
2021,PEUGEOT,308,ICE,diesel,283,122.0,94.0,1385.0,
2021,PEUGEOT,308,ICE,petrol,109,129.0,89.0,1299.0,
2021,PEUGEOT,308,PHEV,petrol/electric,6,26.0,124.0,1698.0,154.0
2021,PEUGEOT,5008,ICE,diesel,739,142.0,99.0,1610.0,
2021,PEUGEOT,5008,ICE,petrol,38,149.0,96.0,1506.0,
2021,PEUGEOT,508,ICE,diesel,140,126.0,97.0,1509.0,
2021,PEUGEOT,508,ICE,petrol,10,148.0,129.0,1497.0,
2021,PEUGEOT,508,PHEV,petrol/electric,70,40.0,140.0,1877.0,159.0
2021,PEUGEOT,BOXER,ICE,diesel,6,258.0,103.0,2485.0,
2021,PEUGEOT,E-RIFTER,BEV,electric,44,0.0,57.0,1765.0,201.0
2021,PEUGEOT,EXPERT,ICE,diesel,21,172.0,93.0,1755.0,
2021,PEUGEOT,EXPERT,BEV,electric,19,0.0,57.0,2150.0,267.0
2021,PEUGEOT,EXPERT TRAVELLER,ICE,diesel,149,185.0,115.0,1905.0,
2021,PEUGEOT,EXPERT TRAVELLER,BEV,electric,129,0.0,57.0,2186.0,271.0
2021,PEUGEOT,RIFTER,ICE,diesel,360,141.0,87.0,1547.0,
2021,PEUGEOT,RIFTER,ICE,petrol,106,155.0,90.0,1515.0,
2021,PEUGEOT,TRAVELLER,ICE,diesel,13,185.0,120.0,1918.0,
2021,PEUGEOT,TRAVELLER,BEV,electric,17,0.0,57.0,2178.0,270.0
2021,POLESTAR,1,PHEV,petrol/electric,1,13.0,227.0,2420.0,241.0
2021,POLESTAR,2,BEV,electric,124,0.0,156.0,2191.0,199.0
2021,PORSCHE,718 BOXSTER,ICE,petrol,15,202.0,220.0,1438.0,
2021,PORSCHE,718 BOXSTER GTS,ICE,petrol,19,231.0,294.0,1506.0,
2021,PORSCHE,718 BOXSTER S,ICE,petrol,1,218.0,257.0,1460.0,
2021,PORSCHE,718 BOXSTER SPYDER,ICE,petrol,24,245.0,309.0,1513.0,
2021,PORSCHE,718 BOXSTER T,ICE,petrol,1,203.0,220.0,1455.0,
2021,PORSCHE,718 CAYMAN,ICE,petrol,5,206.0,220.0,1428.0,
2021,PORSCHE,718 CAYMAN GT4,ICE,petrol,22,246.0,309.0,1510.0,
2021,PORSCHE,718 CAYMAN GTS,ICE,petrol,8,236.0,294.0,1498.0,
2021,PORSCHE,718 CAYMAN T,ICE,petrol,2,207.0,220.0,1440.0,
2021,PORSCHE,911 CARRERA,ICE,petrol,49,236.0,283.0,1615.0,
2021,PORSCHE,911 CARRERA 4,ICE,petrol,34,236.0,283.0,1667.0,
2021,PORSCHE,911 CARRERA 4 GTS,ICE,petrol,2,251.0,353.0,1740.0,
2021,PORSCHE,911 CARRERA 4S,ICE,petrol,54,243.0,332.0,1673.0,
2021,PORSCHE,911 CARRERA GTS,ICE,petrol,1,245.0,353.0,1620.0,
2021,PORSCHE,911 CARRERA S,ICE,petrol,30,239.0,331.0,1619.0,
2021,PORSCHE,911 GT3,ICE,petrol,51,293.0,375.0,1508.0,
2021,PORSCHE,911 TARGA 4,ICE,petrol,29,239.0,283.0,1740.0,
2021,PORSCHE,911 TARGA 4 GTS,ICE,petrol,1,251.0,353.0,1760.0,
2021,PORSCHE,911 TARGA 4S,ICE,petrol,64,244.0,331.0,1747.0,
2021,PORSCHE,911 TURBO,ICE,petrol,14,274.0,427.0,1755.0,
2021,PORSCHE,911 TURBO S,ICE,petrol,61,273.0,481.0,1744.0,
2021,PORSCHE,CAYENNE E-HYBRID,PHEV,petrol/electric,254,74.0,250.0,2406.0,254.0
2021,PORSCHE,CAYENNE GTS,ICE,petrol,5,304.0,338.0,2226.0,
2021,PORSCHE,CAYENNE S,ICE,petrol,3,272.0,324.0,2105.0,
2021,PORSCHE,CAYENNE TURBO,ICE,petrol,1,311.0,404.0,2250.0,
2021,PORSCHE,CAYENNE TURBO GT,ICE,petrol,2,319.0,471.0,2295.0,
2021,PORSCHE,CAYENNE TURBO S E-HYBRID,PHEV,petrol/electric,37,88.0,404.0,2586.0,253.0
2021,PORSCHE,MACAN,ICE,petrol,97,231.0,183.0,1880.0,
2021,PORSCHE,MACAN GTS,ICE,petrol,33,255.0,294.0,2001.0,
2021,PORSCHE,MACAN S,ICE,petrol,29,247.0,269.0,1971.0,
2021,PORSCHE,MACAN TURBO,ICE,petrol,8,258.0,324.0,2020.0,
2021,PORSCHE,PANAMERA 4 E-HYBRID,PHEV,petrol/electric,44,57.0,243.0,2288.0,233.0
2021,PORSCHE,PANAMERA 4S E-HYBRID,PHEV,petrol/electric,58,60.0,324.0,2309.0,237.0
2021,PORSCHE,PANAMERA GTS,ICE,petrol,2,283.0,353.0,2095.0,
2021,PORSCHE,PANAMERA TURBO S,ICE,petrol,2,291.0,463.0,2155.0,
2021,PORSCHE,PANAMERA TURBO S E-HYBRID,PHEV,petrol/electric,20,65.0,419.0,2441.0,240.0
2021,PORSCHE,TAYCAN,BEV,electric,32,0.0,120.0,2177.0,215.0
2021,PORSCHE,TAYCAN 4,BEV,electric,26,0.0,140.0,2320.0,236.0
2021,PORSCHE,TAYCAN 4S,BEV,electric,106,0.0,139.0,2298.0,234.0
2021,PORSCHE,TAYCAN TURBO,BEV,electric,42,0.0,142.0,2382.0,244.0
2021,PORSCHE,TAYCAN TURBO S,BEV,electric,27,0.0,142.0,2374.0,248.0
2021,RENAULT,ARKANA,HEV,petrol,451,132.0,103.0,1411.0,
2021,RENAULT,ARKANA E-TECH,HEV,petrol,248,111.0,69.0,1510.0,
2021,RENAULT,CAPTUR,ICE,diesel,55,125.0,85.0,1398.0,
2021,RENAULT,CAPTUR,HEV,petrol,475,135.0,103.0,1376.0,
2021,RENAULT,CAPTUR,ICE,petrol,1234,134.0,71.0,1290.0,
2021,RENAULT,CAPTUR,PHEV,petrol/electric,361,33.0,68.0,1637.0,143.0
2021,RENAULT,CLIO,ICE,diesel,46,109.0,65.0,1262.0,
2021,RENAULT,CLIO,HEV,petrol,196,99.0,67.0,1314.0,
2021,RENAULT,CLIO,ICE,petrol,1819,119.0,62.0,1146.0,
2021,RENAULT,ESPACE,ICE,diesel,125,172.0,132.0,1865.0,
2021,RENAULT,ESPACE,ICE,petrol,5,191.0,165.0,1735.0,
2021,RENAULT,KADJAR,ICE,diesel,87,135.0,86.0,1528.0,
2021,RENAULT,KADJAR,ICE,petrol,501,144.0,103.0,1411.0,
2021,RENAULT,KANGOO,ICE,diesel,104,143.0,70.0,1596.0,
2021,RENAULT,KANGOO,ICE,petrol,106,155.0,84.0,1550.0,
2021,RENAULT,KOLEOS,ICE,diesel,159,177.0,135.0,1841.0,
2021,RENAULT,KOLEOS,ICE,petrol,87,152.0,116.0,1590.0,
2021,RENAULT,MASTER,ICE,diesel,5,280.0,107.0,2361.0,
2021,RENAULT,MEGANE,ICE,diesel,457,121.0,85.0,1433.0,
2021,RENAULT,MEGANE,ICE,petrol,793,135.0,101.0,1331.0,
2021,RENAULT,MEGANE,PHEV,petrol/electric,151,30.0,67.0,1667.0,162.0
2021,RENAULT,SCENIC,ICE,diesel,213,152.0,89.0,1666.0,
2021,RENAULT,SCENIC,ICE,petrol,623,150.0,99.0,1533.0,
2021,RENAULT,TALISMAN,ICE,diesel,63,155.0,128.0,1721.0,
2021,RENAULT,TALISMAN,ICE,petrol,31,146.0,117.0,1511.0,
2021,RENAULT,TRAFIC,ICE,diesel,139,192.0,103.0,2131.0,
2021,RENAULT,TWINGO,BEV,electric,419,0.0,31.0,1203.0,161.0
2021,RENAULT,TWINGO,ICE,petrol,236,117.0,48.0,994.0,
2021,RENAULT,ZOE,BEV,electric,2000,0.0,51.0,1577.0,177.0
2021,ROLLS-ROYCE,GHOST,ICE,petrol,1,357.0,420.0,2565.0,
2021,ROLLS-ROYCE,PHANTOM,ICE,petrol,1,352.0,420.0,2685.0,
2021,ROLLS-ROYCE,WRAITH,ICE,petrol,1,,465.0,,
2021,SEAT,ALHAMBRA,ICE,diesel,204,180.0,116.0,1895.0,
2021,SEAT,ALHAMBRA,ICE,petrol,723,188.0,110.0,1794.0,
2021,SEAT,ALTEA XL,ICE,petrol,1,,63.0,1375.0,
2021,SEAT,ARONA,ICE,diesel,2,125.0,70.0,1288.0,
2021,SEAT,ARONA,ICE,ng,9,104.0,66.0,1309.0,
2021,SEAT,ARONA,ICE,petrol,3076,126.0,73.0,1185.0,
2021,SEAT,ATECA,ICE,diesel,686,146.0,103.0,1554.0,
2021,SEAT,ATECA,ICE,petrol,1853,152.0,103.0,1402.0,
2021,SEAT,CUPRA ATECA,ICE,petrol,12,198.0,221.0,1626.0,
2021,SEAT,CUPRA LEON SPORTSTOURER,PHEV,petrol/electric,15,31.0,110.0,1717.0,157.0
2021,SEAT,IBIZA,ICE,diesel,17,121.0,70.0,1243.0,
2021,SEAT,IBIZA,ICE,ng,1,102.0,66.0,1250.0,
2021,SEAT,IBIZA,ICE,petrol,3573,123.0,66.0,1126.0,
2021,SEAT,LEON,ICE,diesel,111,117.0,96.0,1422.0,
2021,SEAT,LEON,ICE,ng,2,111.0,96.0,1411.0,
2021,SEAT,LEON,HEV,petrol,169,131.3,104.8,1359.0,
2021,SEAT,LEON,ICE,petrol,686,126.2,84.5,1304.0,
2021,SEAT,LEON,PHEV,petrol/electric,58,27.0,110.0,1614.0,151.0
2021,SEAT,LEON E-HYBRID150,PHEV,petrol/electric,6,26.0,110.0,1614.0,147.0
2021,SEAT,LEON SP,ICE,diesel,404,121.0,94.0,1493.0,
2021,SEAT,LEON SP,ICE,ng,1,110.0,96.0,1457.0,
2021,SEAT,LEON SP,HEV,petrol,296,132.0,107.0,1414.0,
2021,SEAT,LEON SP,ICE,petrol,396,127.0,87.0,1358.0,
2021,SEAT,LEON SP E-HYBRID150,PHEV,petrol/electric,32,26.0,110.0,1657.0,148.0
2021,SEAT,LEON SPORTSTOURER,ICE,diesel,66,120.0,110.0,1491.0,
2021,SEAT,LEON SPORTSTOURER,HEV,petrol,132,133.0,110.0,1410.0,
2021,SEAT,LEON SPORTSTOURER,ICE,petrol,445,125.0,77.0,1337.0,
2021,SEAT,LEON SPORTSTOURER,PHEV,petrol/electric,128,28.0,110.0,1658.0,152.0
2021,SEAT,MII,BEV,electric,925,0.0,,1235.0,148.0
2021,SEAT,TARRACO,ICE,diesel,279,162.0,130.0,1760.0,
2021,SEAT,TARRACO,ICE,petrol,423,166.0,115.0,1618.0,
2021,SEAT,TARRACO,PHEV,petrol/electric,318,42.0,110.0,1867.0,166.0
2021,SKODA,CITIGO,BEV,electric,10,0.0,61.0,1235.0,146.0
2021,SKODA,ENYAQ 60,BEV,electric,595,0.0,70.0,1969.0,159.0
2021,SKODA,ENYAQ 80,BEV,electric,1687,0.0,70.0,2114.0,173.0
2021,SKODA,ENYAQ 80X,BEV,electric,34,0.0,77.0,2195.0,182.0
2021,SKODA,FABIA,ICE,petrol,3908,124.0,63.0,1124.0,
2021,SKODA,KAMIQ,ICE,diesel,13,137.0,85.0,1353.0,
2021,SKODA,KAMIQ,ICE,ng,12,101.0,66.0,1335.0,
2021,SKODA,KAMIQ,ICE,petrol,2100,130.0,80.0,1242.0,
2021,SKODA,KAROQ,ICE,diesel,1612,145.0,100.0,1540.0,
2021,SKODA,KAROQ,ICE,petrol,1285,145.0,98.0,1382.0,
2021,SKODA,KODIAQ,ICE,diesel,1403,163.0,124.0,1753.0,
2021,SKODA,KODIAQ,ICE,petrol,186,169.0,128.0,1642.0,
2021,SKODA,OCTAVIA,ICE,diesel,4480,123.0,101.0,1469.0,
2021,SKODA,OCTAVIA,ICE,ng,13,109.0,96.0,1420.0,
2021,SKODA,OCTAVIA,HEV,petrol,243,123.0,97.0,1371.0,
2021,SKODA,OCTAVIA,ICE,petrol,559,125.0,93.0,1330.0,
2021,SKODA,OCTAVIA,PHEV,petrol/electric,136,24.0,110.0,1619.0,144.0
2021,SKODA,OCTAVIA RS,ICE,diesel,310,141.0,147.0,1574.0,
2021,SKODA,OCTAVIA RS,ICE,petrol,186,158.0,180.0,1528.0,
2021,SKODA,OCTAVIA RS,PHEV,petrol/electric,126,28.0,110.0,1705.0,149.0
2021,SKODA,OCTAVIA SCOUT,ICE,diesel,169,145.0,125.0,1605.0,
2021,SKODA,SCALA,ICE,diesel,9,126.0,85.0,1317.0,
2021,SKODA,SCALA,ICE,ng,4,99.0,66.0,1316.0,
2021,SKODA,SCALA,ICE,petrol,909,124.0,81.0,1223.0,
2021,SKODA,SUPERB,ICE,diesel,1540,138.0,115.0,1614.0,
2021,SKODA,SUPERB,ICE,petrol,52,158.0,135.0,1534.0,
2021,SKODA,SUPERB,PHEV,petrol/electric,186,30.0,115.0,1752.0,159.0
2021,SKYWELL,ET5,BEV,electric,3,0.0,65.0,1955.0,193.0
2021,SMART,EQ FORFOUR,BEV,electric,37,0.0,41.0,1200.0,176.0
2021,SMART,EQ FORTWO CABRIO,BEV,electric,46,0.0,41.0,1124.0,173.0
2021,SMART,EQ FORTWO COUPE,BEV,electric,85,0.0,41.0,1093.0,175.0
2021,SSANGYONG,KORANDO,ICE,diesel,8,167.0,100.0,1658.0,
2021,SSANGYONG,KORANDO,ICE,petrol,2,197.0,120.0,1612.0,
2021,SSANGYONG,REXTON,ICE,diesel,8,212.0,147.0,2152.0,
2021,SSANGYONG,SSANGYONGKORANDO,ICE,diesel,6,158.0,100.0,1615.0,
2021,SSANGYONG,SSANGYONGTIVOLI,ICE,diesel,1,162.0,100.0,1555.0,
2021,SSANGYONG,SSANGYONGTIVOLI,ICE,petrol,9,158.0,94.0,1369.0,
2021,SSANGYONG,TIVOLI,ICE,diesel,3,159.0,94.0,1489.0,
2021,SSANGYONG,TIVOLI,ICE,petrol,2,158.0,94.0,1369.0,
2021,SUBARU,FORESTER,HEV,petrol,92,185.0,110.0,1742.0,
2021,SUBARU,IMPREZA,HEV,petrol,17,174.0,110.0,1589.0,
2021,SUBARU,IMPREZA,ICE,petrol,3,175.0,84.0,1450.0,
2021,SUBARU,LEVORG,ICE,petrol,3,196.0,110.0,1620.0,
2021,SUBARU,OUTBACK,ICE,petrol,111,193.0,124.0,1723.0,
2021,SUBARU,XV,HEV,petrol,109,180.0,110.0,1627.0,
2021,SUBARU,XV,ICE,petrol,83,180.0,84.0,1500.0,
2021,SUZUKI,ACROSS,PHEV,petrol/electric,79,22.0,136.0,2015.0,166.0
2021,SUZUKI,IGNIS,HEV,petrol,1023,120.0,61.0,977.0,
2021,SUZUKI,SWACE,HEV,petrol,352,103.0,72.0,1475.0,
2021,SUZUKI,SWIFT,HEV,petrol,1231,114.0,64.0,1009.0,
2021,SUZUKI,SX4,HEV,petrol,1555,135.0,95.0,1332.0,
2021,SUZUKI,VITARA,HEV,petrol,1373,136.0,95.0,1317.0,
2021,SUZUKI,VITARA,ICE,petrol,1,167.0,103.0,1270.0,
2021,TESLA,MODEL 3,BEV,electric,3530,0.0,140.0,1885.0,149.0
2021,TESLA,MODEL S,BEV,electric,16,0.0,186.0,2255.0,185.0
2021,TESLA,MODEL X,BEV,electric,2,0.0,186.0,2505.0,220.0
2021,TESLA,MODEL Y,BEV,electric,1147,0.0,153.0,2056.0,169.0
2021,TOYOTA,AYGO,ICE,petrol,534,113.0,53.0,930.0,
2021,TOYOTA,"AYGO 1,0 VVT-I",ICE,petrol,8,113.0,53.0,930.0,
2021,TOYOTA,C-HR,HEV,petrol,735,113.0,84.0,1515.0,
2021,TOYOTA,C-HR,ICE,petrol,5,154.0,85.0,1450.0,
2021,TOYOTA,"C-HR 1,2 T 2WD",ICE,petrol,1,154.0,85.0,1450.0,
2021,TOYOTA,"C-HR 1,8 HYBRID 2WD",HEV,petrol,13,110.0,72.0,1495.0,
2021,TOYOTA,"C-HR 2,0 HYBRID 2WD",HEV,petrol,5,119.0,112.0,1560.0,
2021,TOYOTA,CAMRY,HEV,petrol,75,123.0,131.0,1670.0,
2021,TOYOTA,"CAMRY 2,5",HEV,petrol,2,125.0,131.0,1670.0,
2021,TOYOTA,COROLLA,HEV,petrol,777,109.0,78.0,1427.0,
2021,TOYOTA,COROLLA,ICE,petrol,93,141.0,85.0,1342.0,
2021,TOYOTA,"COROLLA 1,2 TURBO",ICE,petrol,19,140.0,85.0,1315.0,
2021,TOYOTA,"COROLLA 1,2 TURBO TOURING SPOR",ICE,petrol,32,142.0,85.0,1380.0,
2021,TOYOTA,"COROLLA 1,8 HYBRID",HEV,petrol,10,103.0,72.0,1360.0,
2021,TOYOTA,"COROLLA 1,8 HYBRID TOURING SPO",HEV,petrol,12,106.0,72.0,1365.0,
2021,TOYOTA,"COROLLA 2,0 HYBRID",HEV,petrol,5,114.0,112.0,1415.0,
2021,TOYOTA,"COROLLA 2,0 HYBRID TOURING SPO",HEV,petrol,7,120.0,112.0,1445.0,
2021,TOYOTA,GR YARIS,ICE,petrol,131,186.0,192.0,1355.0,
2021,TOYOTA,HIGHLANDER,HEV,petrol,92,158.0,140.0,2123.0,
2021,TOYOTA,LAND CRUISER (150 SERIES),ICE,diesel,72,249.0,149.0,2192.0,
2021,TOYOTA,MIRAI,ICE,hydrogen,7,0.0,,1995.0,
2021,TOYOTA,PRIUS,HEV,petrol,33,107.0,72.0,1515.0,
2021,TOYOTA,PRIUS PHV,PHEV,petrol/electric,7,28.0,72.0,1605.0,99.0
2021,TOYOTA,PRIUS PLUS,HEV,petrol,222,131.0,73.0,1575.0,
2021,TOYOTA,PROACE,ICE,diesel,223,188.0,110.0,1817.0,
2021,TOYOTA,PROACE CITY VERSO,ICE,diesel,129,145.0,90.0,1587.0,
2021,TOYOTA,PROACE CITY VERSO,ICE,petrol,77,148.0,81.0,1454.0,
2021,TOYOTA,RAV4,HEV,petrol,979,129.0,131.0,1702.0,
2021,TOYOTA,RAV4,ICE,petrol,1,165.0,129.0,1585.0,
2021,TOYOTA,RAV4,PHEV,petrol/electric,43,22.0,136.0,2002.0,166.0
2021,TOYOTA,"RAV4 2,5 HYBRID AWD-I",HEV,petrol,11,128.0,131.0,1720.0,
2021,TOYOTA,SUPRA,ICE,petrol,19,181.0,234.0,1543.0,
2021,TOYOTA,YARIS,HEV,petrol,1010,92.0,68.0,1162.0,
2021,TOYOTA,YARIS,ICE,petrol,564,125.0,64.0,1058.0,
2021,TOYOTA,"YARIS 1,0 VVT-I",ICE,petrol,2,131.0,53.0,1060.0,
2021,TOYOTA,"YARIS 1,5 VVT-I HYBRID",HEV,petrol,4,109.0,54.0,1150.0,
2021,TOYOTA,"YARIS 1,5 VVT-IE",ICE,petrol,2,135.0,82.0,1120.0,
2021,TOYOTA,YARIS CROSS,HEV,petrol,233,112.0,68.0,1319.0,
2021,TOYOTA,YARIS CROSS,ICE,petrol,52,133.0,92.0,1190.0,
2021,TOYOTA,YARIS HYBRID,HEV,petrol,42,112.0,54.0,1150.0,
2021,VOLKSWAGEN,ARTEON,ICE,diesel,275,143.0,125.0,1682.0,
2021,VOLKSWAGEN,ARTEON,ICE,petrol,7,208.0,235.0,1788.0,
2021,VOLKSWAGEN,ARTEON,PHEV,petrol/electric,59,30.0,115.0,1809.0,158.0
2021,VOLKSWAGEN,CADDY,ICE,diesel,2081,134.0,83.0,1654.0,
2021,VOLKSWAGEN,CADDY,ICE,ng,2,132.0,81.0,1561.0,
2021,VOLKSWAGEN,CADDY,ICE,petrol,249,149.0,83.0,1565.0,
2021,VOLKSWAGEN,CALIFORNIA,ICE,diesel,38,218.0,122.0,2550.0,
2021,VOLKSWAGEN,CALIFORNIA BEACH,ICE,diesel,772,215.0,119.0,2416.0,
2021,VOLKSWAGEN,CRAFTER,ICE,diesel,2,299.0,130.0,2996.0,
2021,VOLKSWAGEN,GOLF,ICE,diesel,2085,122.0,91.0,1442.0,
2021,VOLKSWAGEN,GOLF,BEV,electric,1,0.0,100.0,1615.0,154.0
2021,VOLKSWAGEN,GOLF,ICE,ng,4,110.0,96.0,1432.0,
2021,VOLKSWAGEN,GOLF,HEV,petrol,526,125.0,91.0,1341.0,
2021,VOLKSWAGEN,GOLF,ICE,petrol,2110,127.0,88.0,1295.0,
2021,VOLKSWAGEN,GOLF,PHEV,petrol/electric,30,22.0,110.0,1590.0,140.0
2021,VOLKSWAGEN,GOLF GTE,PHEV,petrol/electric,49,26.0,110.0,1624.0,147.0
2021,VOLKSWAGEN,GOLF SPORTSVAN,ICE,diesel,1,140.0,85.0,1440.0,
2021,VOLKSWAGEN,GOLF SPORTSVAN,ICE,petrol,4,134.0,85.0,1330.0,
2021,VOLKSWAGEN,ID.3 PRO 107 KW,BEV,electric,872,0.0,70.0,1806.0,156.0
2021,VOLKSWAGEN,ID.3 PRO 150 KW,BEV,electric,1168,0.0,70.0,1805.0,157.0
2021,VOLKSWAGEN,ID.3 PRO S 150 KW,BEV,electric,731,0.0,70.0,1933.0,161.0
2021,VOLKSWAGEN,ID.3 PURE 110 KW,BEV,electric,121,0.0,70.0,1776.0,150.0
2021,VOLKSWAGEN,ID.4 GTX 220 KW,BEV,electric,183,0.0,77.0,2220.0,187.0
2021,VOLKSWAGEN,ID.4 PRO 150 KW,BEV,electric,2221,0.0,70.0,2123.0,180.0
2021,VOLKSWAGEN,ID.4 PURE 109 KW,BEV,electric,49,0.0,70.0,1967.0,168.0
2021,VOLKSWAGEN,ID.4 PURE 125 KW,BEV,electric,30,0.0,70.0,1966.0,169.0
2021,VOLKSWAGEN,KOMBI,ICE,diesel,1476,204.0,102.0,2002.0,
2021,VOLKSWAGEN,MULTIVAN,ICE,diesel,1913,210.0,117.0,2166.0,
2021,VOLKSWAGEN,MULTIVAN,ICE,petrol,5,195.0,130.0,2025.0,
2021,VOLKSWAGEN,MULTIVAN,PHEV,petrol/electric,58,42.0,85.0,2177.0,173.0
2021,VOLKSWAGEN,PASSAT,ICE,diesel,1464,133.0,113.0,1600.0,
2021,VOLKSWAGEN,PASSAT,ICE,petrol,41,146.0,110.0,1470.0,
2021,VOLKSWAGEN,PASSAT,PHEV,petrol/electric,99,28.0,115.0,1756.0,155.0
2021,VOLKSWAGEN,POLO,ICE,diesel,1,127.0,70.0,1270.0,
2021,VOLKSWAGEN,POLO,ICE,ng,3,101.0,66.0,1269.0,
2021,VOLKSWAGEN,POLO,ICE,petrol,3885,126.0,62.0,1142.0,
2021,VOLKSWAGEN,SHARAN,ICE,diesel,146,183.0,117.0,1909.0,
2021,VOLKSWAGEN,SHARAN,ICE,petrol,187,191.0,110.0,1776.0,
2021,VOLKSWAGEN,T-CROSS,ICE,diesel,30,141.0,70.0,1388.0,
2021,VOLKSWAGEN,T-CROSS,ICE,petrol,3396,136.0,76.0,1277.0,
2021,VOLKSWAGEN,T-ROC,ICE,diesel,873,136.0,99.0,1473.0,
2021,VOLKSWAGEN,T-ROC,ICE,petrol,3476,143.0,89.0,1333.0,
2021,VOLKSWAGEN,TAIGO,ICE,petrol,1,124.0,70.0,1220.0,
2021,VOLKSWAGEN,TIGUAN,ICE,diesel,1622,161.0,111.0,1692.0,
2021,VOLKSWAGEN,TIGUAN,ICE,petrol,975,159.0,109.0,1539.0,
2021,VOLKSWAGEN,TIGUAN,PHEV,petrol/electric,256,40.0,110.0,1811.0,168.0
2021,VOLKSWAGEN,TOUAREG,ICE,diesel,70,219.0,190.0,2090.0,
2021,VOLKSWAGEN,TOUAREG EHYBRID,PHEV,petrol/electric,65,62.0,250.0,2426.0,243.0
2021,VOLKSWAGEN,TOUAREG R,PHEV,petrol/electric,174,66.0,250.0,2465.0,247.0
2021,VOLKSWAGEN,TOURAN,ICE,diesel,1105,135.0,94.0,1603.0,
2021,VOLKSWAGEN,TOURAN,ICE,petrol,136,149.0,110.0,1518.0,
2021,VOLKSWAGEN,TRANSPORTER,ICE,diesel,3,212.0,110.0,2438.0,
2021,VOLKSWAGEN,UP!,BEV,electric,488,0.0,61.0,1242.0,144.0
2021,VOLKSWAGEN,UP!,ICE,ng,8,104.0,50.0,1071.0,
2021,VOLKSWAGEN,UP!,ICE,petrol,253,118.0,54.0,1003.0,
2021,VOLVO,C40,BEV,electric,9,0.0,160.0,2185.0,210.0
2021,VOLVO,S60,HEV,petrol,39,154.0,137.0,1755.0,
2021,VOLVO,S60,ICE,petrol,6,169.0,147.0,1688.0,
2021,VOLVO,S60,PHEV,petrol/electric,10,43.0,228.0,2054.0,153.0
2021,VOLVO,S90,HEV,diesel,4,152.0,173.0,1916.0,
2021,VOLVO,S90,ICE,diesel,4,156.0,140.0,1752.0,
2021,VOLVO,S90,HEV,petrol,11,156.0,145.0,1825.0,
2021,VOLVO,S90,ICE,petrol,1,170.0,140.0,1703.0,
2021,VOLVO,S90,PHEV,petrol/electric,6,45.0,223.0,2094.0,148.0
2021,VOLVO,V60,HEV,diesel,61,146.0,145.0,1803.0,
2021,VOLVO,V60,ICE,diesel,10,144.0,113.0,1728.0,
2021,VOLVO,V60,HEV,petrol,55,154.0,126.0,1762.0,
2021,VOLVO,V60,ICE,petrol,1,169.0,140.0,1703.0,
2021,VOLVO,V60,PHEV,petrol/electric,134,42.0,189.0,2075.0,158.0
2021,VOLVO,V60 CROSS COUNTRY,HEV,diesel,53,157.0,145.0,1924.0,
2021,VOLVO,V60 CROSS COUNTRY,ICE,diesel,3,163.0,140.0,1854.0,
2021,VOLVO,V60 CROSS COUNTRY,HEV,petrol,3,171.0,184.0,1886.0,
2021,VOLVO,V60 T6 TWIN ENGINE,PHEV,petrol/electric,1,43.0,186.0,2061.0,172.0
2021,VOLVO,V60 T8 TWIN ENGINE,PHEV,petrol/electric,1,45.0,223.0,2061.0,165.0
2021,VOLVO,V90,HEV,diesel,34,152.0,145.0,1922.0,
2021,VOLVO,V90,ICE,diesel,5,163.0,141.0,1785.0,
2021,VOLVO,V90,HEV,petrol,2,160.0,145.0,1831.0,
2021,VOLVO,V90,PHEV,petrol/electric,60,46.0,188.0,2099.0,148.0
2021,VOLVO,V90 CROSS COUNTRY,HEV,diesel,53,166.0,150.0,1983.0,
2021,VOLVO,V90 CROSS COUNTRY,ICE,diesel,1,173.0,140.0,1866.0,
2021,VOLVO,V90 CROSS COUNTRY,HEV,petrol,6,180.0,184.0,1930.0,
2021,VOLVO,V90 T8 TWIN ENGINE,PHEV,petrol/electric,1,46.0,223.0,2050.0,158.0
2021,VOLVO,XC40,ICE,diesel,72,160.0,112.0,1713.0,
2021,VOLVO,XC40,BEV,electric,169,0.0,160.0,2188.0,241.0
2021,VOLVO,XC40,HEV,petrol,161,174.0,145.0,1758.0,
2021,VOLVO,XC40,ICE,petrol,565,164.0,104.0,1613.0,
2021,VOLVO,XC40,PHEV,petrol/electric,351,48.0,105.0,1812.0,153.0
2021,VOLVO,XC40 T5 TWIN ENGINE,PHEV,petrol/electric,1,47.0,132.0,1812.0,159.0
2021,VOLVO,XC60,HEV,diesel,424,168.0,145.0,1961.0,
2021,VOLVO,XC60,ICE,diesel,2,157.0,140.0,1791.0,
2021,VOLVO,XC60,HEV,petrol,46,173.0,149.0,1874.0,
2021,VOLVO,XC60,PHEV,petrol/electric,379,55.0,189.0,2170.0,160.0
2021,VOLVO,XC60 T8 TWIN ENGINE,PHEV,petrol/electric,7,56.0,223.0,2161.0,164.0
2021,VOLVO,XC90,HEV,diesel,150,183.0,173.0,2157.0,
2021,VOLVO,XC90,PHEV,petrol/electric,157,65.0,223.0,2325.0,165.0
2021,VOLVO,XC90 T8 TWIN ENGINE,PHEV,petrol/electric,1,74.0,223.0,2329.0,218.0
2022,ACHLEITNER,MANTRA 4X4,ICE,diesel,1,281.0,125.0,2642.0,
2022,ALFA ROMEO,ALFA GIULIA,ICE,diesel,52,138.0,145.0,1607.0,
2022,ALFA ROMEO,ALFA GIULIA,ICE,petrol,92,181.0,202.0,1598.0,
2022,ALFA ROMEO,ALFA STELVIO,ICE,diesel,123,161.0,148.0,1818.0,
2022,ALFA ROMEO,ALFA STELVIO,ICE,petrol,118,200.0,205.0,1762.0,
2022,ALFA ROMEO,ALFA TONALE,HEV,petrol,539,137.0,102.0,1600.0,
2022,ALFA ROMEO,ALFA TONALE,PHEV,petrol/electric,20,30.0,132.0,1879.0,179.0
2022,ALPINA,BMW ALPINA B3 TOURING,ICE,petrol,2,247.0,340.0,1940.0,
2022,ALPINA,BMW ALPINA B5 TOURING ALLRAD,ICE,petrol,4,272.0,457.0,2155.0,
2022,ALPINA,BMW ALPINA D3 S TOURING,HEV,diesel,2,198.0,261.0,2010.0,
2022,ALPINA,BMW ALPINA D5 S TOURING ALLRAD,ICE,diesel,1,227.0,300.0,2095.0,
2022,ALPINA,BMW ALPINA XD3,ICE,diesel,2,224.0,290.0,2145.0,
2022,ALPINE,A110,ICE,petrol,42,154.0,208.0,1180.0,
2022,ASTON MARTIN,DB11,ICE,petrol,4,266.0,413.0,1862.0,
2022,ASTON MARTIN,DB11 VOLANTE,ICE,petrol,1,257.0,375.0,1945.0,
2022,ASTON MARTIN,DBS,ICE,petrol,2,306.0,533.0,1920.0,
2022,ASTON MARTIN,DBS VOLANTE,ICE,petrol,1,306.0,533.0,2020.0,
2022,ASTON MARTIN,DBX,ICE,petrol,9,323.0,405.0,2320.0,
2022,ASTON MARTIN,DBX707,ICE,petrol,5,323.0,520.0,2320.0,
2022,ASTON MARTIN,VALKYRIE,HEV,petrol,1,543.0,747.0,1435.0,
2022,ASTON MARTIN,VANTAGE,ICE,petrol,2,264.0,375.0,1700.0,
2022,ASTON MARTIN,VANTAGE F1 EDITION,ICE,petrol,5,264.0,394.0,1700.0,
2022,ASTON MARTIN,VANTAGE ROADSTER,ICE,petrol,3,263.0,375.0,1800.0,
2022,ASTON MARTIN,VANTAGE ROADSTER F1 EDITION,ICE,petrol,1,263.0,394.0,1800.0,
2022,AUDI,A1 ALLSTREET,ICE,petrol,36,135.0,77.0,1231.0,
2022,AUDI,A1 CITYCARVER,ICE,petrol,86,139.0,83.0,1243.0,
2022,AUDI,A1 SPORTBACK,ICE,petrol,482,130.0,76.0,1189.0,
2022,AUDI,A3 40 TFSIE,PHEV,petrol/electric,22,26.0,110.0,1631.0,147.0
2022,AUDI,A3 45 TFSIE,PHEV,petrol/electric,25,29.0,110.0,1658.0,153.0
2022,AUDI,A3 LIMOUSINE,ICE,diesel,53,122.0,102.0,1473.0,
2022,AUDI,A3 LIMOUSINE,HEV,petrol,49,125.0,97.0,1380.0,
2022,AUDI,A3 LIMOUSINE,ICE,petrol,30,134.0,102.0,1373.0,
2022,AUDI,A3 SPORTBACK,ICE,diesel,876,129.0,106.0,1478.0,
2022,AUDI,A3 SPORTBACK,HEV,petrol,304,120.0,85.0,1361.0,
2022,AUDI,A3 SPORTBACK,ICE,petrol,498,129.0,86.0,1313.0,
2022,AUDI,A4 ALLROAD QUATTRO,HEV,diesel,97,157.0,156.0,1737.0,
2022,AUDI,A4 ALLROAD QUATTRO,HEV,petrol,7,179.0,195.0,1705.0,
2022,AUDI,A4 AVANT,HEV,diesel,1010,135.0,124.0,1631.0,
2022,AUDI,A4 AVANT,HEV,petrol,124,151.0,129.0,1615.0,
2022,AUDI,A4 LIMOUSINE,HEV,diesel,82,130.0,121.0,1587.0,
2022,AUDI,A4 LIMOUSINE,HEV,petrol,43,142.0,115.0,1542.0,
2022,AUDI,A5 CABRIOLET,HEV,diesel,9,145.0,125.0,1783.0,
2022,AUDI,A5 CABRIOLET,HEV,petrol,47,164.0,150.0,1771.0,
2022,AUDI,A5 COUP,HEV,diesel,6,147.0,151.0,1658.0,
2022,AUDI,A5 COUP,HEV,petrol,9,154.0,155.0,1592.0,
2022,AUDI,A5 SPORTBACK,HEV,diesel,151,144.0,143.0,1661.0,
2022,AUDI,A5 SPORTBACK,HEV,petrol,46,158.0,151.0,1633.0,
2022,AUDI,A5 SPORTBACK G-TRON,ICE,ng,1,120.0,125.0,1650.0,
2022,AUDI,A6 50 TFSI E,PHEV,petrol/electric,19,27.0,195.0,2085.0,184.0
2022,AUDI,A6 55 TFSI E,PHEV,petrol/electric,7,29.0,195.0,2085.0,187.0
2022,AUDI,A6 ALLROAD QUATTRO,HEV,diesel,68,180.0,200.0,2013.0,
2022,AUDI,A6 ALLROAD QUATTRO,HEV,petrol,1,203.0,250.0,1945.0,
2022,AUDI,A6 AVANT,HEV,diesel,338,158.0,157.0,1870.0,
2022,AUDI,A6 AVANT,HEV,petrol,10,186.0,218.0,1864.0,
2022,AUDI,A6 AVANT 50 TFSI E,PHEV,petrol/electric,72,30.0,195.0,2150.0,190.0
2022,AUDI,A6 AVANT 55 TFSI E,PHEV,petrol/electric,74,32.0,195.0,2150.0,192.0
2022,AUDI,A6 LIMOUSINE,HEV,diesel,149,153.0,155.0,1785.0,
2022,AUDI,A6 LIMOUSINE,HEV,petrol,8,181.0,218.0,1803.0,
2022,AUDI,A7 50 TFSI E,PHEV,petrol/electric,1,29.0,195.0,2140.0,187.0
2022,AUDI,A7 55 TFSI E,PHEV,petrol/electric,4,32.0,195.0,2140.0,193.0
2022,AUDI,A7 SPORTBACK,HEV,diesel,17,172.0,180.0,1912.0,
2022,AUDI,A7 SPORTBACK,HEV,petrol,3,183.0,213.0,1813.0,
2022,AUDI,A8,HEV,diesel,12,192.0,210.0,2117.0,
2022,AUDI,A8,HEV,petrol,13,212.0,256.0,2058.0,
2022,AUDI,A8,PHEV,petrol/electric,11,47.0,250.0,2405.0,223.0
2022,AUDI,E-TRON 50,BEV,electric,172,0.0,158.0,2445.0,233.0
2022,AUDI,E-TRON 55,BEV,electric,207,0.0,158.0,2593.0,236.0
2022,AUDI,E-TRON GT,BEV,electric,192,0.0,140.0,2350.0,209.0
2022,AUDI,E-TRON S,BEV,electric,42,0.0,226.0,2730.0,278.0
2022,AUDI,E-TRON S SPORTBACK,BEV,electric,61,0.0,226.0,2729.0,275.0
2022,AUDI,E-TRON SPORTBACK 50,BEV,electric,63,0.0,158.0,2445.0,231.0
2022,AUDI,E-TRON SPORTBACK 55,BEV,electric,124,0.0,158.0,2594.0,234.0
2022,AUDI,Q2,ICE,diesel,157,134.0,99.0,1509.0,
2022,AUDI,Q2,ICE,petrol,279,135.0,93.0,1351.0,
2022,AUDI,Q3,ICE,diesel,573,149.0,111.0,1703.0,
2022,AUDI,Q3,HEV,petrol,161,148.0,110.0,1605.0,
2022,AUDI,Q3,ICE,petrol,125,160.0,122.0,1609.0,
2022,AUDI,Q3 E-TRON,PHEV,petrol/electric,81,40.0,110.0,1815.0,165.0
2022,AUDI,Q3 SPORTBACK,ICE,diesel,625,164.0,129.0,1718.0,
2022,AUDI,Q3 SPORTBACK,HEV,petrol,78,154.0,110.0,1605.0,
2022,AUDI,Q3 SPORTBACK,ICE,petrol,109,169.0,128.0,1627.0,
2022,AUDI,Q3 SPORTBACK E-TRON,PHEV,petrol/electric,205,42.0,110.0,1815.0,167.0
2022,AUDI,Q4 35 E-TRON,BEV,electric,55,0.0,70.0,1965.0,173.0
2022,AUDI,Q4 40 E-TRON,BEV,electric,239,0.0,70.0,2125.0,179.0
2022,AUDI,Q4 45 E-TRON,BEV,electric,28,0.0,77.0,2210.0,184.0
2022,AUDI,Q4 50 E-TRON,BEV,electric,332,0.0,77.0,2210.0,187.0
2022,AUDI,Q4 SPORTBACK 35 E-TRON,BEV,electric,53,0.0,70.0,1970.0,174.0
2022,AUDI,Q4 SPORTBACK 40 E-TRON,BEV,electric,73,0.0,70.0,2120.0,175.0
2022,AUDI,Q4 SPORTBACK 50 E-TRON,BEV,electric,293,0.0,77.0,2215.0,186.0
2022,AUDI,Q5,HEV,diesel,536,168.0,146.0,1872.0,
2022,AUDI,Q5,HEV,petrol,9,196.0,195.0,1835.0,
2022,AUDI,Q5 50 TFSI E,PHEV,petrol/electric,54,38.0,195.0,2150.0,208.0
2022,AUDI,Q5 55 TFSI E,PHEV,petrol/electric,21,39.0,195.0,2150.0,211.0
2022,AUDI,Q5 SPORTBACK,HEV,diesel,483,170.0,143.0,1884.0,
2022,AUDI,Q5 SPORTBACK,HEV,petrol,3,202.0,195.0,1850.0,
2022,AUDI,Q5 SPORTBACK 50 TFSI E,PHEV,petrol/electric,65,40.0,195.0,2150.0,214.0
2022,AUDI,Q5 SPORTBACK 55 TFSI E,PHEV,petrol/electric,37,41.0,195.0,2150.0,214.0
2022,AUDI,Q7,HEV,diesel,82,215.0,201.0,2244.0,
2022,AUDI,Q7,HEV,petrol,10,241.0,250.0,2179.0,
2022,AUDI,Q7 55 TFSI E,PHEV,petrol/electric,30,55.0,250.0,2460.0,238.0
2022,AUDI,Q7 60 TFSI E,PHEV,petrol/electric,8,62.0,250.0,2460.0,245.0
2022,AUDI,Q8,HEV,diesel,277,222.0,208.0,2244.0,
2022,AUDI,Q8,HEV,petrol,60,245.0,250.0,2183.0,
2022,AUDI,Q8 55 TFSI E,PHEV,petrol/electric,24,65.0,250.0,2514.0,248.0
2022,AUDI,Q8 60 TFSI E,PHEV,petrol/electric,22,66.0,250.0,2515.0,248.0
2022,AUDI,R8 COUP,ICE,petrol,1,296.0,456.0,1670.0,
2022,AUDI,RS 3 LIMOUSINE,ICE,petrol,17,203.0,294.0,1650.0,
2022,AUDI,RS 3 SPORTBACK,ICE,petrol,161,206.0,294.0,1645.0,
2022,AUDI,RS 4 AVANT,ICE,petrol,24,226.0,331.0,1820.0,
2022,AUDI,RS 5 COUP,ICE,petrol,2,219.0,331.0,1770.0,
2022,AUDI,RS 5 SPORTBACK,ICE,petrol,5,221.0,331.0,1810.0,
2022,AUDI,RS 6 AVANT,HEV,petrol,155,293.0,441.0,2175.0,
2022,AUDI,RS 7 SPORTBACK,HEV,petrol,12,290.0,441.0,2150.0,
2022,AUDI,RS E-TRON GT,BEV,electric,62,0.0,142.0,2420.0,214.0
2022,AUDI,RS Q3,ICE,petrol,8,224.0,294.0,1790.0,
2022,AUDI,RS Q3 SPORTBACK,ICE,petrol,120,227.0,294.0,1775.0,
2022,AUDI,RS Q8,HEV,petrol,91,303.0,441.0,2390.0,
2022,AUDI,S3 LIMOUSINE,ICE,petrol,9,180.0,228.0,1580.0,
2022,AUDI,S3 SPORTBACK,ICE,petrol,76,186.0,228.0,1575.0,
2022,AUDI,S4 AVANT,HEV,diesel,19,192.0,251.0,1910.0,
2022,AUDI,S4 LIMOUSINE,HEV,diesel,1,188.0,251.0,1870.0,
2022,AUDI,S5 CABRIOLET,ICE,petrol,7,209.0,260.0,1915.0,
2022,AUDI,S5 COUP,HEV,diesel,1,187.0,251.0,1860.0,
2022,AUDI,S5 SPORTBACK,HEV,diesel,11,190.0,251.0,1895.0,
2022,AUDI,S6 AVANT,HEV,diesel,83,190.0,253.0,2095.0,
2022,AUDI,S6 LIMOUSINE,HEV,diesel,8,184.0,253.0,2030.0,
2022,AUDI,S7 SPORTBACK,HEV,diesel,5,190.0,253.0,2085.0,
2022,AUDI,S8,HEV,petrol,18,262.0,420.0,2296.0,
2022,AUDI,SQ2,ICE,petrol,6,191.0,221.0,1610.0,
2022,AUDI,SQ5,HEV,diesel,75,216.0,251.0,2085.0,
2022,AUDI,SQ5 SPORTBACK,HEV,diesel,138,217.0,251.0,2085.0,
2022,AUDI,SQ7,ICE,petrol,21,284.0,373.0,2330.0,
2022,AUDI,SQ8,ICE,petrol,69,288.0,373.0,2345.0,
2022,AUDI,TT COUP,ICE,petrol,38,158.0,154.0,1382.0,
2022,AUDI,TT ROADSTER,ICE,petrol,8,161.0,149.0,1446.0,
2022,AUDI,TT RS COUP,ICE,petrol,4,202.0,294.0,1550.0,
2022,AUDI,TT RS ROADSTER,ICE,petrol,1,209.0,294.0,1640.0,
2022,AUDI,TTS COUP,ICE,petrol,3,189.0,235.0,1495.0,
2022,AUDI,TTS ROADSTER,ICE,petrol,3,194.0,235.0,1585.0,
2022,AUTOMOBILI LAMBORGHINI S.,AVENTADOR,ICE,petrol,1,442.0,574.0,1740.0,
2022,BAIC,X35,ICE,petrol,4,198.0,85.0,1400.0,
2022,BENTLEY,BENTAYGA EXTENDED WHEELBASE AZ,ICE,petrol,1,294.0,404.0,2571.0,
2022,BENTLEY,BENTAYGA HYBRID,PHEV,petrol/electric,11,82.0,250.0,2720.0,253.0
2022,BENTLEY,BENTAYGA V8,ICE,petrol,2,294.0,404.0,2490.0,
2022,BENTLEY,CONTINENTAL GT SPEED,ICE,petrol,3,311.0,485.0,2348.0,
2022,BENTLEY,CONTINENTAL GT V8,ICE,petrol,6,276.0,404.0,2268.0,
2022,BENTLEY,CONTINENTAL GT V8 CONVERTIBLE,ICE,petrol,3,284.0,404.0,2410.0,
2022,BENTLEY,FLYING SPUR HYBRID,PHEV,petrol/electric,7,74.0,306.0,2580.0,244.0
2022,BENTLEY,FLYING SPUR S HYBRID,PHEV,petrol/electric,1,75.0,306.0,2580.0,244.0
2022,BENTLEY,FLYING SPUR V8,ICE,petrol,1,288.0,404.0,2405.0,
2022,BMW,116D 5-TÜRER F40 B37,ICE,diesel,278,121.0,85.0,1455.0,
2022,BMW,116I 5-TÜRER F40 B38,ICE,petrol,141,133.0,80.0,1405.0,
2022,BMW,118D 5-TÜRER F40 B47,ICE,diesel,240,129.0,110.0,1500.0,
2022,BMW,118I 5-TÜRER F40 B38,ICE,petrol,115,132.0,100.0,1387.0,
2022,BMW,120D XDRIVE 5-TÜRER F40 B47,ICE,diesel,113,139.0,140.0,1590.0,
2022,BMW,120I 5-TÜRER F40 B48,ICE,petrol,29,142.0,131.0,1465.0,
2022,BMW,128TI 5-TÜRER F40 B48,ICE,petrol,8,162.0,195.0,1520.0,
2022,BMW,216D GRAN COUPÉ F44 B37,ICE,diesel,13,123.0,85.0,1505.0,
2022,BMW,216D GRAN TOURER F46 B37,ICE,diesel,72,132.0,85.0,1578.0,
2022,BMW,216I GRAN TOURER F46 B38,ICE,petrol,1,145.0,80.0,1500.0,
2022,BMW,218D ACTIVE TOURER U06 B47,ICE,diesel,375,128.0,110.0,1620.0,
2022,BMW,218D GRAN COUPÉ F44 B47,ICE,diesel,100,129.0,110.0,1541.0,
2022,BMW,218D GRAN TOURER F46 B47,ICE,diesel,133,134.0,110.0,1624.0,
2022,BMW,218D XDRIVE GRAN TOURER F46 B4,ICE,diesel,69,142.0,110.0,1694.0,
2022,BMW,218I ACTIVE TOURER U06 B38,ICE,petrol,180,143.0,100.0,1545.0,
2022,BMW,218I COUPE G42 B48,ICE,petrol,1,147.0,115.0,1560.0,
2022,BMW,218I GRAN COUPÉ F44 B38,ICE,petrol,42,134.0,100.0,1445.0,
2022,BMW,218I GRAN TOURER F46 B38,ICE,petrol,9,145.0,100.0,1541.0,
2022,BMW,220D COUPE G42 B47,HEV,diesel,22,124.0,140.0,1655.0,
2022,BMW,220D GRAN COUPÉ F44 B47,ICE,diesel,3,133.0,140.0,1580.0,
2022,BMW,220D GRAN TOURER F46 B47,ICE,diesel,9,136.0,140.0,1668.0,
2022,BMW,220D XDRIVE GRAN COUPÉ F44 B47,ICE,diesel,18,141.0,140.0,1640.0,
2022,BMW,220D XDRIVE GRAN TOURER F46 B4,ICE,diesel,15,143.0,140.0,1698.0,
2022,BMW,220I ACTIVE TOURER U06 B38,HEV,petrol,69,138.0,115.0,1595.0,
2022,BMW,220I COUPE G42 B48,ICE,petrol,38,146.0,135.0,1565.0,
2022,BMW,220I GRAN COUPÉ F44 B48,ICE,petrol,9,141.0,131.0,1505.0,
2022,BMW,220I GRAN TOURER F46 B48,ICE,petrol,2,147.0,131.0,1570.0,
2022,BMW,220I XDRIVE GRAN COUPÉ F44 B48,ICE,petrol,11,154.0,131.0,1595.0,
2022,BMW,223I ACTIVE TOURER U06 B48,HEV,petrol,13,142.0,150.0,1620.0,
2022,BMW,223I XDRIVE ACTIVE TOURER U06,HEV,petrol,9,150.0,150.0,1690.0,
2022,BMW,225E XDRIVE ACTIVE TOURER U06,PHEV,petrol/electric,105,15.0,100.0,1900.0,144.0
2022,BMW,225XE ACTIVE TOURER F45 XB2,PHEV,petrol/electric,1,46.0,100.0,1750.0,145.0
2022,BMW,230E XDRIVE ACTIVE TOURER U06,PHEV,petrol/electric,48,15.0,110.0,1920.0,149.0
2022,BMW,230I COUPE G42 B48,ICE,petrol,7,153.0,180.0,1600.0,
2022,BMW,316D LIMOUSINE G20 B47,HEV,diesel,19,123.0,90.0,1629.0,
2022,BMW,316D LIMOUSINE G20 B47,ICE,diesel,4,124.0,90.0,1560.0,
2022,BMW,316D LIMOUSINE MX G20 B47,HEV,diesel,1,129.0,90.0,1660.0,
2022,BMW,316D TOURING G21 B47,HEV,diesel,42,129.0,90.0,1714.0,
2022,BMW,316D TOURING G21 B47,ICE,diesel,7,133.0,90.0,1650.0,
2022,BMW,318D LIMOUSINE G20 B47,HEV,diesel,73,124.0,110.0,1632.0,
2022,BMW,318D LIMOUSINE G20 B47,ICE,diesel,5,126.0,110.0,1560.0,
2022,BMW,318D LIMOUSINE MX G20 B47,HEV,diesel,8,131.0,110.0,1660.0,
2022,BMW,318D TOURING G21 B47,HEV,diesel,241,130.0,110.0,1717.0,
2022,BMW,318D TOURING G21 B47,ICE,diesel,10,134.0,110.0,1650.0,
2022,BMW,318I LIMOUSINE G20 B48,ICE,petrol,24,147.0,115.0,1563.0,
2022,BMW,318I TOURING G21 B48,ICE,petrol,11,154.0,115.0,1644.0,
2022,BMW,320D LIMOUSINE B47 G20,ICE,diesel,3,128.0,140.0,1570.0,
2022,BMW,320D LIMOUSINE G20 B47,HEV,diesel,10,129.0,140.0,1670.0,
2022,BMW,320D LIMOUSINE G20 XD5,HEV,diesel,16,123.0,140.0,1615.0,
2022,BMW,320D TOURING G21 B47,HEV,diesel,46,134.0,140.0,1740.0,
2022,BMW,320D TOURING G21 B47,ICE,diesel,2,134.0,140.0,1655.0,
2022,BMW,320D TOURING G21 XD5,HEV,diesel,45,128.0,140.0,1705.0,
2022,BMW,320D XDRIVE LIMOUSINE G20 B47,HEV,diesel,28,140.0,140.0,1735.0,
2022,BMW,320D XDRIVE LIMOUSINE G20 XD5,HEV,diesel,64,135.0,140.0,1695.0,
2022,BMW,320D XDRIVE LIMOUSINE MX G20 B,HEV,diesel,12,141.0,140.0,1735.0,
2022,BMW,320D XDRIVE TOURING G21 B47,HEV,diesel,189,141.0,140.0,1800.0,
2022,BMW,320D XDRIVE TOURING G21 XD5,HEV,diesel,204,136.0,140.0,1765.0,
2022,BMW,320E LIMOUSINE G20 XB1,PHEV,petrol/electric,31,32.0,120.0,1842.0,164.0
2022,BMW,320E LIMOUSINE MX G20 XB1,PHEV,petrol/electric,1,31.0,120.0,1845.0,160.0
2022,BMW,320E TOURING G21 XB1,PHEV,petrol/electric,45,33.0,120.0,1900.0,167.0
2022,BMW,320E XDRIVE TOURING G21 XB1,PHEV,petrol/electric,156,37.0,120.0,1955.0,174.0
2022,BMW,320I LIMOUSINE G20 B48,ICE,petrol,11,146.0,135.0,1577.0,
2022,BMW,320I TOURING G21 B48,ICE,petrol,8,152.0,135.0,1652.0,
2022,BMW,320I XDRIVE LIMOUSINE G20 B48,ICE,petrol,14,159.0,135.0,1640.0,
2022,BMW,330D LIMOUSINE G20 B57,HEV,diesel,13,135.0,210.0,1773.0,
2022,BMW,330D TOURING G21 B57,HEV,diesel,5,144.0,210.0,1845.0,
2022,BMW,330D XDRIVE LIMOUSINE G20 B57,HEV,diesel,7,147.0,210.0,1837.0,
2022,BMW,330D XDRIVE TOURING G21 B57,HEV,diesel,45,151.0,210.0,1902.0,
2022,BMW,330E LIMOUSINE G20 XB1,PHEV,petrol/electric,6,31.0,135.0,1845.0,166.0
2022,BMW,330E TOURING G21 XB1,PHEV,petrol/electric,22,33.0,135.0,1903.0,166.0
2022,BMW,330E XDRIVE LIMOUSINE G20 XB1,PHEV,petrol/electric,72,36.0,135.0,1895.0,173.0
2022,BMW,330E XDRIVE LIMOUSINE MX G20 X,PHEV,petrol/electric,8,37.0,135.0,1899.0,174.0
2022,BMW,330E XDRIVE TOURING G21 XB1,PHEV,petrol/electric,328,39.0,135.0,1959.0,177.0
2022,BMW,330I LIMOUSINE G20 B48,ICE,petrol,1,149.0,190.0,1580.0,
2022,BMW,330I TOURING G21 B48,ICE,petrol,2,161.0,190.0,1670.0,
2022,BMW,330I XDRIVE LIMOUSINE G20 B48,ICE,petrol,7,159.0,187.0,1662.0,
2022,BMW,330I XDRIVE TOURING G21 B48,ICE,petrol,15,167.0,188.0,1731.0,
2022,BMW,420D CABRIO G23 B47,HEV,diesel,40,133.0,140.0,1850.0,
2022,BMW,420D COUPÉ G22 B47,HEV,diesel,10,126.0,140.0,1680.0,
2022,BMW,420D GRAN COUPE G26 B47,HEV,diesel,68,129.0,140.0,1780.0,
2022,BMW,420D GRAN COUPE XDRIVE G26 B47,HEV,diesel,36,140.0,140.0,1835.0,
2022,BMW,420D XDRIVE COUPÉ G22 B47,HEV,diesel,63,135.0,140.0,1745.0,
2022,BMW,420D XDRIVE GRAN COUPE G26 B47,HEV,diesel,178,138.0,140.0,1835.0,
2022,BMW,420I CABRIO G23 B48,ICE,petrol,44,159.0,135.0,1765.0,
2022,BMW,420I COUPÉ G22 B48,ICE,petrol,21,148.0,135.0,1600.0,
2022,BMW,420I GRAN COUPE G26 B48,ICE,petrol,36,155.0,135.0,1695.0,
2022,BMW,420I XDRIVE COUPÉ G22 B48,ICE,petrol,4,162.0,135.0,1665.0,
2022,BMW,430D CABRIO G23 B57,HEV,diesel,5,143.0,210.0,1955.0,
2022,BMW,430D XDRIVE COUPÉ G22 B57,HEV,diesel,18,142.0,210.0,1855.0,
2022,BMW,430D XDRIVE GRAN COUPE G26 B57,HEV,diesel,14,152.0,210.0,1920.0,
2022,BMW,430I CABRIO G23 B48,ICE,petrol,15,165.0,180.0,1790.0,
2022,BMW,430I COUPÉ G22 B48,ICE,petrol,8,154.0,180.0,1620.0,
2022,BMW,430I GRAN COUPE G26 B48,ICE,petrol,7,160.0,180.0,1720.0,
2022,BMW,430I XDRIVE CABRIO G23 B48,ICE,petrol,12,172.0,180.0,1840.0,
2022,BMW,430I XDRIVE COUPÉ G22 B48,ICE,petrol,5,164.0,180.0,1680.0,
2022,BMW,430I XDRIVE G26 B48,ICE,petrol,6,166.0,180.0,1775.0,
2022,BMW,518D LIMOUSINE G30 B47,HEV,diesel,14,128.0,110.0,1745.0,
2022,BMW,518D TOURING G31 B47,HEV,diesel,14,135.0,110.0,1830.0,
2022,BMW,520D LIMOUSINE G30 B47,HEV,diesel,51,128.0,140.0,1750.0,
2022,BMW,520D TOURING G31 B47,HEV,diesel,87,135.0,140.0,1855.0,
2022,BMW,520D XDRIVE LIMOUSINE G30 B47,HEV,diesel,183,139.0,140.0,1810.0,
2022,BMW,520D XDRIVE TOURING G31 B47,HEV,diesel,283,145.0,140.0,1915.0,
2022,BMW,520E LIMOUSINE G30 XB1,PHEV,petrol/electric,17,33.0,120.0,1910.0,167.0
2022,BMW,520E TOURING G31 XB1,PHEV,petrol/electric,11,36.0,120.0,1975.0,172.0
2022,BMW,520I LIMOUSINE G30 B48,HEV,petrol,2,145.0,135.0,1685.0,
2022,BMW,520I TOURING G31 B48,HEV,petrol,1,154.0,135.0,1790.0,
2022,BMW,530D LIMOUSINE G30 B57,HEV,diesel,14,140.0,210.0,1835.0,
2022,BMW,530D TOURING G31 B57,HEV,diesel,5,146.0,210.0,1940.0,
2022,BMW,530D XDRIVE LIMOUSINE G30 B57,HEV,diesel,68,148.0,210.0,1895.0,
2022,BMW,530D XDRIVE TOURING G31 B57,HEV,diesel,160,159.0,210.0,2000.0,
2022,BMW,530E LIMOUSINE G30 XB1,PHEV,petrol/electric,15,33.0,135.0,1910.0,168.0
2022,BMW,530E TOURING G31 XB1,PHEV,petrol/electric,20,36.0,135.0,1975.0,173.0
2022,BMW,530E XDRIVE LIMOUSINE G30 XB1,PHEV,petrol/electric,121,40.0,135.0,1970.0,181.0
2022,BMW,530E XDRIVE TOURING G31 XB1,PHEV,petrol/electric,224,44.0,135.0,2035.0,190.0
2022,BMW,530I LIMOUSINE G30 B48,HEV,petrol,5,147.0,182.0,1700.0,
2022,BMW,530I XDRIVE LIMOUSINE G30 B48,HEV,petrol,15,161.0,182.0,1755.0,
2022,BMW,530I XDRIVE TOURING G31 B48,HEV,petrol,5,166.0,182.0,1865.0,
2022,BMW,540D XDRIVE LIMOUSINE G30 B57,HEV,diesel,12,152.0,250.0,1925.0,
2022,BMW,540D XDRIVE TOURING G31 B57,HEV,diesel,41,163.0,250.0,2000.0,
2022,BMW,540I LIMOUSINE G30 B58,HEV,petrol,2,165.0,245.0,1760.0,
2022,BMW,540I XDRIVE LIMOUSINE G30 B58,HEV,petrol,6,181.0,245.0,1820.0,
2022,BMW,540I XDRIVE TOURING G31 B58,HEV,petrol,7,185.0,245.0,1925.0,
2022,BMW,545E XDRIVE LIMOUSINE G30 XB1,PHEV,petrol/electric,55,43.0,210.0,2020.0,181.0
2022,BMW,620D GRAN TURISMO G32 B47,HEV,diesel,1,150.0,140.0,1910.0,
2022,BMW,630D XDRIVE GRAN TURISMO G32 B,HEV,diesel,4,170.0,210.0,2065.0,
2022,BMW,640D XDRIVE GRAN TURISMO G32 B,HEV,diesel,8,172.0,250.0,2085.0,
2022,BMW,640I GRAN TURISMO G32 B58,HEV,petrol,1,181.0,245.0,1930.0,
2022,BMW,640I XDRIVE GRAN TURISMO G32 B,HEV,petrol,4,198.0,245.0,1985.0,
2022,BMW,730D XDRIVE LIMOUSINE G11 B57,HEV,diesel,15,167.0,210.0,2010.0,
2022,BMW,730LD LIMOUSINE G12 B57,HEV,diesel,1,157.0,210.0,1990.0,
2022,BMW,730LD XDRIVE LIMOUSINE G12 B57,HEV,diesel,6,170.0,210.0,2050.0,
2022,BMW,740D XDRIVE LIMOUSINE G11 B57,HEV,diesel,2,167.0,250.0,2030.0,
2022,BMW,740D XDRIVE LIMOUSINE G70 B57,HEV,diesel,3,164.0,210.0,2255.0,
2022,BMW,740LD XDRIVE LIMOUSINE G12 B57,HEV,diesel,4,170.0,250.0,2075.0,
2022,BMW,745E LIMOUSINE G11 XB1,PHEV,petrol/electric,2,44.0,210.0,2075.0,184.0
2022,BMW,745LE XDRIVE G12 XB1,PHEV,petrol/electric,19,53.0,210.0,2180.0,197.0
2022,BMW,750I XDRIVE G11 N63,ICE,petrol,1,241.0,390.0,2045.0,
2022,BMW,750LI XDRIVE G12 N63,ICE,petrol,1,249.0,390.0,2095.0,
2022,BMW,840D XDRIVE CABRIO G14 B57,HEV,diesel,2,176.0,250.0,2102.0,
2022,BMW,840D XDRIVE COUPÉ G15 B57,HEV,diesel,4,175.0,250.0,1990.0,
2022,BMW,840D XDRIVE GRAN COUPÉ G16 B57,HEV,diesel,35,178.0,250.0,2070.0,
2022,BMW,840I CABRIO G14 B58,ICE,petrol,1,196.0,245.0,1915.0,
2022,BMW,840I COUPÉ G15 B58,ICE,petrol,1,187.0,245.0,1805.0,
2022,BMW,840I GRAN COUPÉ G16 B58,ICE,petrol,1,189.0,245.0,1890.0,
2022,BMW,840I XDRIVE CABRIO G14 B58,ICE,petrol,3,202.0,245.0,1990.0,
2022,BMW,840I XDRIVE COUPÉ G15 B58,ICE,petrol,3,199.0,245.0,1870.0,
2022,BMW,840I XDRIVE GRAN COUPÉ G16 B58,ICE,petrol,9,202.0,245.0,1950.0,
2022,BMW,I4 EDRIVE35 GRAN COUPE G26 HA0,BEV,electric,1,0.0,80.0,2065.0,165.0
2022,BMW,I4 EDRIVE40 GRAN COUPE G26 HA0,BEV,electric,190,0.0,105.0,2125.0,168.0
2022,BMW,I4 M50 XDRIVE GRAN COUPE G26 X,BEV,electric,371,0.0,125.0,2290.0,197.0
2022,BMW,I7 XDRIVE60 G70 XE2,BEV,electric,51,0.0,135.0,2715.0,191.0
2022,BMW,IX M60 I20 XE2,BEV,electric,23,0.0,140.0,2662.0,227.0
2022,BMW,IX XDRIVE40 I20 XE2,BEV,electric,439,0.0,102.0,2440.0,205.0
2022,BMW,IX XDRIVE50 I20 XE2,BEV,electric,272,0.0,140.0,2585.0,210.0
2022,BMW,IX1 XDRIVE30 U11 XE2,BEV,electric,78,0.0,94.0,2085.0,175.0
2022,BMW,IX3 G08 HA0,BEV,electric,926,0.0,80.0,2255.0,187.0
2022,BMW,M135I XDRIVE 5-TÜRER F40 B48,ICE,petrol,16,170.0,225.0,1600.0,
2022,BMW,M235I XDRIVE GRAN COUPÉ F44 B4,ICE,petrol,12,168.0,225.0,1645.0,
2022,BMW,M240I XDRIVE COUPE G42 B58,ICE,petrol,53,191.0,275.0,1765.0,
2022,BMW,M3 COMPETITION LIMOUSINE G80 S,ICE,petrol,13,224.0,375.0,1805.0,
2022,BMW,M3 COMPETITION M XDRIVE G80 S5,ICE,petrol,100,229.0,375.0,1855.0,
2022,BMW,M3 COMPETITION M XDRIVE TOURIN,ICE,petrol,29,232.0,375.0,1940.0,
2022,BMW,M3 LIMOUSINE G80 S58,ICE,petrol,1,229.0,353.0,1780.0,
2022,BMW,M340D XDRIVE LIMOUSINE G20 B57,HEV,diesel,3,161.0,250.0,1875.0,
2022,BMW,M340D XDRIVE LIMOUSINE G20 XD5,HEV,diesel,4,159.0,250.0,1895.0,
2022,BMW,M340D XDRIVE LIMOUSINE MX G20,HEV,diesel,1,162.0,250.0,1875.0,
2022,BMW,M340D XDRIVE TOURING G21 B57,HEV,diesel,20,165.0,250.0,1945.0,
2022,BMW,M340D XDRIVE TOURING G21 XD5,HEV,diesel,13,167.0,250.0,1955.0,
2022,BMW,M340I XDRIVE LIMOUSINE G20 B58,HEV,petrol,17,180.0,275.0,1804.0,
2022,BMW,M340I XDRIVE TOURING G21 B58,HEV,petrol,39,187.0,275.0,1874.0,
2022,BMW,M4 COMPETITION COUPÉ G82 S58,ICE,petrol,20,223.0,375.0,1800.0,
2022,BMW,M4 COMPETITION M XDRIVE G82 S5,ICE,petrol,81,228.0,375.0,1850.0,
2022,BMW,M4 COMPETITION M XDRIVE G83 S5,ICE,petrol,48,232.0,375.0,1995.0,
2022,BMW,M4 COUPÉ G82 S58,ICE,petrol,4,227.0,353.0,1775.0,
2022,BMW,M4 CSL COUPE G82 S58,ICE,petrol,2,225.0,405.0,1700.0,
2022,BMW,M440D XDRIVE CABRIO G23 B57,HEV,diesel,6,163.0,250.0,2055.0,
2022,BMW,M440D XDRIVE COUPÉ G22 B57,HEV,diesel,8,156.0,250.0,1905.0,
2022,BMW,M440I CABRIO G23 B58,HEV,petrol,1,181.0,275.0,1925.0,
2022,BMW,M440I COUPÉ G22 B58,HEV,petrol,2,173.0,275.0,1770.0,
2022,BMW,M440I GRAN COUPE G26 B58,HEV,petrol,1,175.0,275.0,1840.0,
2022,BMW,M440I XDRIVE CABRIO G23 B58,HEV,petrol,51,183.0,275.0,1965.0,
2022,BMW,M440I XDRIVE COUPÉ G22 B58,HEV,petrol,22,175.0,275.0,1815.0,
2022,BMW,M440I XDRIVE GRAN COUPE G26 B5,HEV,petrol,77,186.0,275.0,1900.0,
2022,BMW,M5 CS LIMOUSINE F90 S63,ICE,petrol,4,256.0,467.0,1900.0,
2022,BMW,M5 LIMOUSINE F90 S63,ICE,petrol,15,256.0,458.0,1970.0,
2022,BMW,M550I XDRIVE LIMOUSINE G30 N63,ICE,petrol,4,243.0,390.0,1990.0,
2022,BMW,M8 CABRIO F91 S63,ICE,petrol,6,263.0,460.0,2100.0,
2022,BMW,M8 COUPE F92 S63,ICE,petrol,3,259.0,460.0,1975.0,
2022,BMW,M8 GRAN COUPÉ F93 S63,ICE,petrol,14,263.0,458.0,2070.0,
2022,BMW,M850I XDRIVE CABRIO G14 N63,ICE,petrol,10,245.0,390.0,2125.0,
2022,BMW,M850I XDRIVE COUPÉ G15 N63,ICE,petrol,8,243.0,390.0,2005.0,
2022,BMW,M850I XDRIVE GRAN COUPÉ G16 N6,ICE,petrol,15,248.0,390.0,2085.0,
2022,BMW,X1 SDRIVE16D F48 B37,ICE,diesel,131,134.0,85.0,1570.0,
2022,BMW,X1 SDRIVE18D F48 B47,ICE,diesel,191,136.0,110.0,1606.0,
2022,BMW,X1 SDRIVE18D U11 B47,ICE,diesel,233,133.0,110.0,1650.0,
2022,BMW,X1 SDRIVE18I F48 B38,ICE,petrol,106,146.0,100.0,1507.0,
2022,BMW,X1 SDRIVE18I U11 B38,ICE,petrol,95,147.0,100.0,1575.0,
2022,BMW,X1 SDRIVE20D F48 B47,ICE,diesel,5,140.0,140.0,1630.0,
2022,BMW,X1 SDRIVE20I F48 B48,ICE,petrol,9,150.0,131.0,1570.0,
2022,BMW,X1 SDRIVE20I U11 B38,HEV,petrol,8,139.0,115.0,1625.0,
2022,BMW,X1 XDRIVE18D F48 B47,ICE,diesel,368,145.0,110.0,1685.0,
2022,BMW,X1 XDRIVE20D F48 B47,ICE,diesel,47,147.0,140.0,1695.0,
2022,BMW,X1 XDRIVE20D U11 B47,HEV,diesel,24,130.0,110.0,1765.0,
2022,BMW,X1 XDRIVE20I F48 B48,ICE,petrol,28,161.0,131.0,1655.0,
2022,BMW,X1 XDRIVE23D U11 B47,HEV,diesel,173,131.0,145.0,1765.0,
2022,BMW,X1 XDRIVE23I U11 B48,HEV,petrol,64,153.0,150.0,1730.0,
2022,BMW,X1 XDRIVE25D F48 B47,ICE,diesel,13,154.0,170.0,1695.0,
2022,BMW,X1 XDRIVE25E F48 XB2,PHEV,petrol/electric,210,41.0,92.0,1820.0,151.0
2022,BMW,X1 XDRIVE30E U11 XB2,PHEV,petrol/electric,14,18.0,110.0,1935.0,154.0
2022,BMW,X2 M35I F39 B48,ICE,petrol,8,176.0,225.0,1690.0,
2022,BMW,X2 SDRIVE16D F39 B47,ICE,diesel,30,134.0,85.0,1564.0,
2022,BMW,X2 SDRIVE18D F39 B47,ICE,diesel,54,137.0,110.0,1611.0,
2022,BMW,X2 SDRIVE18I F39 B38,ICE,petrol,21,144.0,100.0,1499.0,
2022,BMW,X2 SDRIVE20D F39 B47,ICE,diesel,5,140.0,140.0,1620.0,
2022,BMW,X2 SDRIVE20I F39 B48,ICE,petrol,6,148.0,131.0,1545.0,
2022,BMW,X2 XDRIVE18D F39 B47,ICE,diesel,80,146.0,110.0,1680.0,
2022,BMW,X2 XDRIVE20D F39 B47,ICE,diesel,19,147.0,140.0,1680.0,
2022,BMW,X2 XDRIVE20I F39 B48,ICE,petrol,24,160.0,131.0,1640.0,
2022,BMW,X2 XDRIVE25D F39 B47,ICE,diesel,6,154.0,170.0,1695.0,
2022,BMW,X2 XDRIVE25E F39 XB2,PHEV,petrol/electric,59,39.0,92.0,1805.0,150.0
2022,BMW,X3 M F97 S58,ICE,petrol,18,249.0,375.0,2084.0,
2022,BMW,X3 M40D G01 B57,HEV,diesel,28,179.0,250.0,2080.0,
2022,BMW,X3 M40D G01 B57 ZA,HEV,diesel,81,180.0,250.0,2080.0,
2022,BMW,X3 M40I G01 B58,HEV,petrol,12,203.0,265.0,1985.0,
2022,BMW,X3 M40I G01 B58 ZA,HEV,petrol,18,205.0,265.0,1985.0,
2022,BMW,X3 SDRIVE18D G01 B47,HEV,diesel,5,149.0,110.0,1885.0,
2022,BMW,X3 SDRIVE18D G01 B47 ZA,HEV,diesel,30,148.0,110.0,1885.0,
2022,BMW,X3 XDRIVE20D G01 B47,HEV,diesel,78,155.0,140.0,1915.0,
2022,BMW,X3 XDRIVE20D G01 B47 ZA,HEV,diesel,663,154.0,140.0,1915.0,
2022,BMW,X3 XDRIVE20D G01 XD5 ZA,HEV,diesel,1,157.0,140.0,1910.0,
2022,BMW,X3 XDRIVE20I,HEV,petrol,2,174.0,135.0,1875.0,
2022,BMW,X3 XDRIVE20I G01 B48,HEV,petrol,7,174.0,135.0,1875.0,
2022,BMW,X3 XDRIVE20I G01 B48 ZA,HEV,petrol,38,175.0,135.0,1875.0,
2022,BMW,X3 XDRIVE30D,HEV,diesel,2,167.0,210.0,2010.0,
2022,BMW,X3 XDRIVE30D G01 B57,HEV,diesel,29,167.0,210.0,2010.0,
2022,BMW,X3 XDRIVE30D G01 B57 ZA,HEV,diesel,111,167.0,210.0,2010.0,
2022,BMW,X3 XDRIVE30D ZA G01 B57,HEV,diesel,2,167.0,210.0,2005.0,
2022,BMW,X3 XDRIVE30E G01 XB1,PHEV,petrol/electric,582,47.0,135.0,2065.0,192.0
2022,BMW,X3 XDRIVE30I G01 B48 ZA,HEV,petrol,12,178.0,180.0,1885.0,
2022,BMW,X4 M F98 S58,ICE,petrol,16,245.0,375.0,2085.0,
2022,BMW,X4 M40D G02 B57,HEV,diesel,64,177.0,250.0,2095.0,
2022,BMW,X4 M40I G02 B58,HEV,petrol,17,204.0,265.0,1995.0,
2022,BMW,X4 XDRIVE20D G02 B47,HEV,diesel,296,153.0,140.0,1915.0,
2022,BMW,X4 XDRIVE20I G02 B48,HEV,petrol,22,173.0,135.0,1875.0,
2022,BMW,X4 XDRIVE30D G02 B57,HEV,diesel,53,166.0,210.0,2010.0,
2022,BMW,X4 XDRIVE30I G02 B48,HEV,petrol,12,175.0,180.0,1890.0,
2022,BMW,X5 M F95 S63,ICE,petrol,15,306.0,460.0,2410.0,
2022,BMW,X5 M50I G05 N63,ICE,petrol,13,269.0,390.0,2335.0,
2022,BMW,X5 XDRIVE25D G05 B47,ICE,diesel,12,194.0,170.0,2161.0,
2022,BMW,X5 XDRIVE30D G05 B57,HEV,diesel,372,187.0,210.0,2268.0,
2022,BMW,X5 XDRIVE30D G05 B57,ICE,diesel,1,212.0,195.0,2185.0,
2022,BMW,X5 XDRIVE40D G05 XD5,HEV,diesel,86,191.0,250.0,2279.0,
2022,BMW,X5 XDRIVE40I G05 B58,HEV,petrol,16,216.0,245.0,2179.0,
2022,BMW,X5 XDRIVE45E G05 XB1,PHEV,petrol/electric,777,30.0,210.0,2510.0,253.0
2022,BMW,X6 M F96 S63,ICE,petrol,16,303.0,460.0,2395.0,
2022,BMW,X6 M50I G06 N63,ICE,petrol,17,260.0,390.0,2315.0,
2022,BMW,X6 XDRIVE30D G06 B57,HEV,diesel,120,180.0,210.0,2260.0,
2022,BMW,X6 XDRIVE40D G06 XD5,HEV,diesel,94,186.0,250.0,2290.0,
2022,BMW,X6 XDRIVE40I G06 B58,HEV,petrol,26,215.0,245.0,2170.0,
2022,BMW,X7 M50I G07 N63,ICE,petrol,11,286.0,390.0,2565.0,
2022,BMW,X7 M60I XDRIVE G07 S68,HEV,petrol,7,287.0,390.0,2675.0,
2022,BMW,X7 XDRIVE40D G07 B57,HEV,diesel,101,209.0,250.0,2549.0,
2022,BMW,X7 XDRIVE40I G07 B58,HEV,petrol,12,235.0,262.0,2462.0,
2022,BMW,Z4 M40I G29 B58,ICE,petrol,57,182.0,250.0,1631.0,
2022,BMW,Z4 SDRIVE20I G29 B48,ICE,petrol,86,162.0,145.0,1504.0,
2022,BMW,Z4 SDRIVE30I G29 B48,ICE,petrol,12,163.0,190.0,1508.0,
2022,BMW I,I3 EDRIVE BEV I01 IB1,BEV,electric,651,0.0,75.0,1345.0,157.0
2022,BMW I,I3S EDRIVE BEV I01 IB1,BEV,electric,160,0.0,75.0,1365.0,164.0
2022,CADILLAC,XT4,ICE,petrol,2,213.0,169.0,1839.0,
2022,CATERHAM,S3,ICE,petrol,1,145.0,100.0,700.0,
2022,CATERHAM,SEVEN CSR (D8 VARIANT),ICE,petrol,1,191.0,177.0,700.0,
2022,CATERHAM,SEVEN S3,ICE,petrol,1,109.0,63.0,645.0,
2022,CATERHAM,SEVEN SV (D8 VARIANT),ICE,petrol,1,191.0,177.0,725.0,
2022,CATERHAM,SEVEN SV (SG VARIANT),ICE,petrol,1,145.0,100.0,700.0,
2022,CHEVROLET,CORVETTE,ICE,petrol,9,275.0,354.0,1750.0,
2022,CHRYSLER,PACIFICA HYBRID,HEV,petrol,1,67.0,194.0,2317.0,
2022,CHRYSLER,PACIFICA HYBRID,PHEV,petrol/electric,16,,166.1,2358.0,106.0
2022,CHRYSLER,PACIFICA HYBRID LIMIT,PHEV,petrol/electric,1,,162.0,2360.0,
2022,CITROEN,BERLINGO,ICE,diesel,148,137.0,85.0,1537.0,
2022,CITROEN,BERLINGO,ICE,petrol,54,150.0,89.0,1500.0,
2022,CITROEN,C1,ICE,petrol,25,109.0,53.0,916.0,
2022,CITROEN,C3,ICE,diesel,85,111.0,75.0,1165.0,
2022,CITROEN,C3,ICE,petrol,942,127.0,69.0,1101.0,
2022,CITROEN,C3 AIRCROSS,ICE,diesel,250,128.0,83.0,1303.0,
2022,CITROEN,C3 AIRCROSS,ICE,petrol,403,137.0,86.0,1263.0,
2022,CITROEN,C4,ICE,diesel,225,119.0,93.0,1386.0,
2022,CITROEN,C4,ICE,petrol,203,127.0,96.0,1342.0,
2022,CITROEN,C4 SPACETOURER,ICE,diesel,357,135.0,96.0,1504.0,
2022,CITROEN,C4 SPACETOURER,ICE,petrol,37,144.0,96.0,1433.0,
2022,CITROEN,C5 AIRCROSS,ICE,diesel,372,136.0,96.0,1565.0,
2022,CITROEN,C5 AIRCROSS,ICE,petrol,46,145.0,96.0,1499.0,
2022,CITROEN,C5 AIRCROSS,PHEV,petrol/electric,99,32.0,133.0,1845.0,158.0
2022,CITROEN,C5 X,ICE,petrol,13,136.0,98.0,1496.0,
2022,CITROEN,C5 X,PHEV,petrol/electric,208,29.0,132.0,1797.0,159.0
2022,CITROEN,E-BERLINGO,BEV,electric,30,0.0,57.0,1770.0,197.0
2022,CITROEN,E-C4,BEV,electric,355,0.0,57.0,1636.0,154.0
2022,CITROEN,E-C4 X,BEV,electric,1,0.0,57.0,1659.0,153.0
2022,CITROEN,JUMPY,ICE,diesel,34,169.0,90.0,1743.0,
2022,CITROEN,JUMPY,BEV,electric,11,0.0,57.0,2118.0,264.0
2022,CITROEN,JUMPY SPACETOURER,ICE,diesel,7,183.0,112.0,1839.0,
2022,CITROEN,SPACETOURER,ICE,diesel,91,187.0,120.0,1892.0,
2022,CITROEN,SPACETOURER,BEV,electric,20,0.0,57.0,2161.0,268.0
2022,CUPRA,ATECA,ICE,petrol,159,204.0,221.0,1627.0,
2022,CUPRA,BORN,BEV,electric,864,0.0,70.0,1811.0,156.0
2022,CUPRA,BORN 150 KW 58/62 KWH,BEV,electric,953,0.0,70.0,1812.0,157.0
2022,CUPRA,BORN 170 KW 58/62 KWH,BEV,electric,138,0.0,70.0,1830.0,158.0
2022,CUPRA,BORN 170 KW 77/82 KWH,BEV,electric,388,0.0,70.0,1947.0,163.0
2022,CUPRA,FORMENTOR,ICE,diesel,355,145.0,110.0,1580.0,
2022,CUPRA,FORMENTOR,ICE,petrol,2083,162.0,134.0,1489.0,
2022,CUPRA,FORMENTOR E-HYBRID,PHEV,petrol/electric,32,28.0,110.0,1680.0,152.0
2022,CUPRA,FORMENTOR VZ E-HYBRID,PHEV,petrol/electric,129,33.0,110.0,1699.0,159.0
2022,CUPRA,LEON,HEV,petrol,60,135.0,110.0,1395.0,
2022,CUPRA,LEON,ICE,petrol,26,166.0,194.0,1499.0,
2022,CUPRA,LEON,PHEV,petrol/electric,1,30.0,110.0,1671.0,155.0
2022,CUPRA,LEON E-HYBRID150,PHEV,petrol/electric,3,26.0,110.0,1633.0,148.0
2022,CUPRA,LEON E-HYBRID180,PHEV,petrol/electric,9,29.0,110.0,1663.0,154.0
2022,CUPRA,LEON SP,HEV,petrol,10,137.0,110.0,1441.0,
2022,CUPRA,LEON SP,ICE,petrol,41,184.0,219.0,1620.0,
2022,CUPRA,LEON SP E-HYBRID150,PHEV,petrol/electric,7,27.0,110.0,1682.0,149.0
2022,CUPRA,LEON SP E-HYBRID180,PHEV,petrol/electric,37,29.0,110.0,1707.0,155.0
2022,DACIA,DUSTER,ICE,diesel,1530,138.0,84.0,1506.0,
2022,DACIA,DUSTER,ICE,lpg,1,145.0,67.0,1371.0,
2022,DACIA,DUSTER,ICE,petrol,965,145.0,99.0,1343.0,
2022,DACIA,JOGGER,ICE,lpg,2,119.0,74.0,1298.0,
2022,DACIA,JOGGER,ICE,petrol,1408,128.0,81.0,1261.0,
2022,DACIA,LODGY,ICE,diesel,50,128.0,82.0,1387.0,
2022,DACIA,LODGY,ICE,petrol,51,141.0,82.0,1318.0,
2022,DACIA,SANDERO,ICE,lpg,1,117.0,67.0,1182.0,
2022,DACIA,SANDERO,ICE,petrol,3246,127.0,64.0,1161.0,
2022,DACIA,SPRING,BEV,electric,408,0.0,19.0,1012.0,139.0
2022,DALLARA,STRADALE,ICE,petrol,2,216.0,293.0,1010.0,
2022,DFSK,FENGON 500,ICE,petrol,6,171.0,78.0,1455.0,
2022,DFSK,FENGON 580,ICE,petrol,1,222.0,107.0,1585.0,
2022,DFSK,FENGON5,ICE,petrol,1,224.0,101.0,1665.0,
2022,DS,3 CROSSBACK,BEV,electric,5,0.0,57.0,1598.0,161.0
2022,DS,3 CROSSBACK,ICE,petrol,4,134.0,90.0,1271.0,
2022,DS,7 CROSSBACK,ICE,diesel,25,139.0,96.0,1575.0,
2022,DS,7 CROSSBACK,ICE,petrol,4,157.0,133.0,1503.0,
2022,DS,7 CROSSBACK,PHEV,petrol/electric,64,33.0,144.0,1891.0,160.0
2022,DS,9,PHEV,petrol/electric,7,34.0,133.0,1917.0,154.0
2022,DS,DS3,BEV,electric,1,0.0,62.0,1625.0,156.0
2022,DS,DS4,ICE,diesel,56,127.0,96.0,1489.0,
2022,DS,DS4,ICE,petrol,27,143.0,118.0,1464.0,
2022,DS,DS4,PHEV,petrol/electric,46,30.0,132.0,1728.0,161.0
2022,DS,DS7,PHEV,petrol/electric,1,27.0,147.0,1911.0,164.0
2022,FERRARI,296 GTB,PHEV,petrol/electric,6,149.0,488.0,1735.0,140.0
2022,FERRARI,812 COMETIZIONE,ICE,petrol,1,385.0,607.0,1740.0,
2022,FERRARI,812 COMPETIZIONE,ICE,petrol,1,385.0,607.0,1740.0,
2022,FERRARI,812 GTS,ICE,petrol,5,373.0,585.0,1865.0,
2022,FERRARI,F8 SPIDER,ICE,petrol,19,296.0,530.0,1675.0,
2022,FERRARI,F8 TRIBUTO,ICE,petrol,7,292.0,530.0,1605.0,
2022,FERRARI,PORTOFINO M,ICE,petrol,11,256.0,456.0,1750.0,
2022,FERRARI,ROMA,ICE,petrol,21,255.0,456.0,1655.0,
2022,FERRARI,SF90 SPIDER,PHEV,petrol/electric,4,158.0,574.0,1910.0,126.0
2022,FERRARI,SF90 STRADALE,PHEV,petrol/electric,22,156.0,574.0,1839.0,121.0
2022,FIAT,500,BEV,electric,681,0.0,43.0,1368.0,142.0
2022,FIAT,500,HEV,petrol,1426,107.0,52.0,1070.0,
2022,FIAT,500L,ICE,diesel,15,130.0,70.0,1475.0,
2022,FIAT,500L,ICE,petrol,70,168.0,70.0,1360.0,
2022,FIAT,500X,ICE,diesel,37,131.0,93.0,1496.0,
2022,FIAT,500X,HEV,petrol,115,132.0,96.0,1480.0,
2022,FIAT,500X,ICE,petrol,265,146.0,100.0,1392.0,
2022,FIAT,ABARTH 500,ICE,petrol,209,155.0,123.0,1141.0,
2022,FIAT,DUCATO,ICE,diesel,10,209.0,103.0,2320.0,
2022,FIAT,E-DOBLÒ,BEV,electric,24,0.0,57.0,1739.0,194.0
2022,FIAT,PANDA,ICE,ng-biomethane,8,123.0,62.0,1155.0,
2022,FIAT,PANDA,HEV,petrol,789,111.0,52.0,1067.0,
2022,FIAT,PANDA,ICE,petrol,217,156.0,62.0,1164.0,
2022,FIAT,TIPO,ICE,diesel,145,118.0,87.0,1436.0,
2022,FIAT,TIPO,HEV,petrol,180,118.0,96.0,1448.0,
2022,FIAT,TIPO,ICE,petrol,376,127.0,73.0,1334.0,
2022,FIAT,ULYSSE,BEV,electric,59,0.0,57.0,2160.0,264.0
2022,FORD,ECOSPORT,ICE,petrol,1,141.0,92.0,1359.0,
2022,FORD,ECOSPORT ACTIVE,ICE,petrol,56,141.0,92.0,1359.0,
2022,FORD,ECOSPORT COOL & CONNECT,ICE,petrol,42,134.0,74.0,1359.0,
2022,FORD,ECOSPORT COOL + CONNECT,ICE,petrol,2,133.0,74.0,1359.0,
2022,FORD,ECOSPORT ST- LINE,ICE,petrol,22,138.0,92.0,1359.0,
2022,FORD,ECOSPORT ST-LINE,ICE,petrol,79,143.0,92.0,1359.0,
2022,FORD,ECOSPORT TITANIUM,ICE,petrol,194,139.0,92.0,1359.0,
2022,FORD,EXPLORER PLATINUM,PHEV,petrol/electric,26,71.0,267.0,2541.0,220.0
2022,FORD,EXPLORER ST- LINE,PHEV,petrol/electric,38,71.0,267.0,2541.0,220.0
2022,FORD,FIESTA ACTIVE,HEV,petrol,15,120.0,92.0,1235.0,
2022,FORD,FIESTA ACTIVE,ICE,petrol,25,123.0,74.0,1180.0,
2022,FORD,FIESTA ACTIVE VIGNALE,HEV,petrol,2,126.0,92.0,1231.0,
2022,FORD,FIESTA ACTIVE X,HEV,petrol,12,121.0,92.0,1247.0,
2022,FORD,FIESTA ACTIVE X,ICE,petrol,7,128.0,74.0,1185.0,
2022,FORD,FIESTA COOL & CONNECT,HEV,petrol,7,119.0,92.0,1251.0,
2022,FORD,FIESTA COOL & CONNECT,ICE,petrol,477,121.0,58.0,1166.0,
2022,FORD,FIESTA ST EDITION,ICE,petrol,4,149.0,147.0,1262.0,
2022,FORD,FIESTA ST X,ICE,petrol,8,151.0,147.0,1282.0,
2022,FORD,FIESTA ST- LINE,ICE,petrol,4,122.0,59.0,1188.0,
2022,FORD,FIESTA ST-LINE,HEV,petrol,83,116.0,92.0,1226.0,
2022,FORD,FIESTA ST-LINE,ICE,petrol,77,122.0,74.0,1178.0,
2022,FORD,FIESTA ST-LINE VIGNALE,HEV,petrol,10,123.0,94.0,1227.0,
2022,FORD,FIESTA ST-LINE VIGNALE,ICE,petrol,1,127.0,74.0,1179.0,
2022,FORD,FIESTA ST-LINE X,HEV,petrol,37,117.0,93.0,1235.0,
2022,FORD,FIESTA ST-LINE X,ICE,petrol,16,124.0,74.0,1179.0,
2022,FORD,FIESTA TITANIUM,HEV,petrol,51,114.0,92.0,1218.0,
2022,FORD,FIESTA TITANIUM,ICE,petrol,69,122.0,65.0,1172.0,
2022,FORD,FIESTA TITANIUM VIGNALE,HEV,petrol,7,117.0,95.0,1228.0,
2022,FORD,FIESTA TITANIUM X,HEV,petrol,9,118.0,94.0,1237.0,
2022,FORD,FIESTA TITANIUM X,ICE,petrol,11,125.0,74.0,1179.0,
2022,FORD,FIESTA TREND,ICE,diesel,2,174.0,140.0,1954.0,
2022,FORD,FIESTA TREND,ICE,petrol,3,120.0,55.0,1159.0,
2022,FORD,FIESTA VIGNALE,HEV,petrol,1,115.0,92.0,1258.0,
2022,FORD,FOCUS,ICE,diesel,4,122.0,88.0,1453.0,
2022,FORD,FOCUS,HEV,petrol,3,124.0,92.0,1390.0,
2022,FORD,FOCUS,ICE,petrol,1,145.0,111.0,1445.0,
2022,FORD,FOCUS ACTIVE,ICE,diesel,121,117.0,88.0,1461.0,
2022,FORD,FOCUS ACTIVE,HEV,petrol,22,124.0,93.0,1399.0,
2022,FORD,FOCUS ACTIVE,ICE,petrol,15,130.0,92.0,1361.0,
2022,FORD,FOCUS ACTIVE STYLE,ICE,diesel,7,119.0,88.0,1444.0,
2022,FORD,FOCUS ACTIVE STYLE,HEV,petrol,3,131.0,92.0,1451.0,
2022,FORD,FOCUS ACTIVE STYLE,ICE,petrol,69,131.0,92.0,1394.0,
2022,FORD,FOCUS ACTIVE TURNIER,ICE,diesel,16,118.0,92.0,1454.0,
2022,FORD,FOCUS ACTIVE TURNIER,HEV,petrol,1,121.0,92.0,1415.0,
2022,FORD,FOCUS ACTIVE TURNIER,ICE,petrol,2,129.0,92.0,1410.0,
2022,FORD,FOCUS ACTIVE VIGNALE,ICE,diesel,16,125.0,88.0,1467.0,
2022,FORD,FOCUS ACTIVE VIGNALE,HEV,petrol,6,127.0,103.0,1427.0,
2022,FORD,FOCUS ACTIVE X,ICE,diesel,55,123.0,88.0,1463.0,
2022,FORD,FOCUS ACTIVE X,HEV,petrol,18,124.0,105.0,1408.0,
2022,FORD,FOCUS ACTIVE X,ICE,petrol,4,131.0,92.0,1394.0,
2022,FORD,FOCUS ACTIVE X TURNIER,ICE,diesel,13,125.0,101.0,1523.0,
2022,FORD,FOCUS ACTIVE X TURNIER,HEV,petrol,1,121.0,92.0,1416.0,
2022,FORD,FOCUS ACTIVE X TURNIER,ICE,petrol,2,130.0,92.0,1411.0,
2022,FORD,FOCUS COOL & CONNECT,ICE,diesel,390,114.0,88.0,1435.0,
2022,FORD,FOCUS COOL & CONNECT,HEV,petrol,27,119.0,92.0,1392.0,
2022,FORD,FOCUS COOL & CONNECT,ICE,petrol,164,123.0,77.0,1351.0,
2022,FORD,FOCUS COOL + CONNECT,ICE,diesel,13,118.0,97.0,1493.0,
2022,FORD,FOCUS COOL + CONNECT,ICE,petrol,7,127.0,76.0,1391.0,
2022,FORD,FOCUS ST,ICE,diesel,2,138.0,140.0,1548.0,
2022,FORD,FOCUS ST,ICE,petrol,21,185.0,206.0,1516.0,
2022,FORD,FOCUS ST EDITION,ICE,petrol,12,184.0,206.0,1508.0,
2022,FORD,FOCUS ST LINE DESIGN,HEV,petrol,38,124.0,92.0,1428.0,
2022,FORD,FOCUS ST LINE DESIGN,ICE,petrol,34,126.0,92.0,1352.0,
2022,FORD,FOCUS ST TURNIER,ICE,diesel,1,139.0,140.0,1585.0,
2022,FORD,FOCUS ST TURNIER,ICE,petrol,1,185.0,206.0,1543.0,
2022,FORD,FOCUS ST X,ICE,petrol,47,183.0,206.0,1525.0,
2022,FORD,FOCUS ST- LINE,ICE,diesel,1,124.0,110.0,1525.0,
2022,FORD,FOCUS ST- LINE,HEV,petrol,8,118.0,92.0,1376.0,
2022,FORD,FOCUS ST- LINE,ICE,petrol,3,138.0,98.0,1383.0,
2022,FORD,FOCUS ST- LINE TURNIER,ICE,diesel,4,116.0,93.0,1462.0,
2022,FORD,FOCUS ST- LINE TURNIER,HEV,petrol,1,122.0,114.0,1421.0,
2022,FORD,FOCUS ST- LINE X,ICE,diesel,9,122.0,100.0,1464.0,
2022,FORD,FOCUS ST- LINE X,HEV,petrol,4,122.0,92.0,1377.0,
2022,FORD,FOCUS ST- LINE X,ICE,petrol,4,135.0,96.0,1358.0,
2022,FORD,FOCUS ST- LINE X TURNIER,ICE,diesel,6,121.0,95.0,1468.0,
2022,FORD,FOCUS ST- LINE X TURNIER,HEV,petrol,1,122.0,92.0,1425.0,
2022,FORD,FOCUS ST-LINE,ICE,diesel,51,118.0,88.0,1438.0,
2022,FORD,FOCUS ST-LINE,HEV,petrol,75,122.0,95.0,1385.0,
2022,FORD,FOCUS ST-LINE,ICE,petrol,39,126.0,92.0,1367.0,
2022,FORD,FOCUS ST-LINE STYLE,ICE,diesel,23,114.0,88.0,1417.0,
2022,FORD,FOCUS ST-LINE STYLE,HEV,petrol,44,120.0,92.0,1365.0,
2022,FORD,FOCUS ST-LINE STYLE,ICE,petrol,125,125.0,92.0,1348.0,
2022,FORD,FOCUS ST-LINE VIGNALE,ICE,diesel,21,123.0,88.0,1441.0,
2022,FORD,FOCUS ST-LINE VIGNALE,HEV,petrol,18,127.0,99.0,1410.0,
2022,FORD,FOCUS ST-LINE X,ICE,diesel,87,119.0,88.0,1428.0,
2022,FORD,FOCUS ST-LINE X,HEV,petrol,66,123.0,104.0,1395.0,
2022,FORD,FOCUS ST-LINE X,ICE,petrol,16,126.0,92.0,1350.0,
2022,FORD,FOCUS TITANIUM,ICE,diesel,134,116.0,88.0,1451.0,
2022,FORD,FOCUS TITANIUM,HEV,petrol,38,119.0,96.0,1403.0,
2022,FORD,FOCUS TITANIUM,ICE,petrol,19,122.0,92.0,1358.0,
2022,FORD,FOCUS TITANIUM DESIGN,HEV,petrol,50,121.0,92.0,1415.0,
2022,FORD,FOCUS TITANIUM STYLE,ICE,diesel,24,114.0,88.0,1430.0,
2022,FORD,FOCUS TITANIUM STYLE,HEV,petrol,31,119.0,92.0,1388.0,
2022,FORD,FOCUS TITANIUM STYLE,ICE,petrol,46,123.0,92.0,1367.0,
2022,FORD,FOCUS TITANIUM TURNIER,ICE,diesel,8,119.0,104.0,1517.0,
2022,FORD,FOCUS TITANIUM TURNIER,ICE,petrol,2,126.0,92.0,1414.0,
2022,FORD,FOCUS TITANIUM VIGNALE,ICE,diesel,9,123.0,88.0,1477.0,
2022,FORD,FOCUS TITANIUM VIGNALE,HEV,petrol,4,123.0,97.0,1432.0,
2022,FORD,FOCUS TITANIUM X,ICE,diesel,45,117.0,88.0,1443.0,
2022,FORD,FOCUS TITANIUM X,HEV,petrol,11,119.0,98.0,1395.0,
2022,FORD,FOCUS TITANIUM X,ICE,petrol,3,122.0,92.0,1330.0,
2022,FORD,FOCUS TITANIUM X TURNIER,ICE,petrol,1,127.0,92.0,1415.0,
2022,FORD,FOCUS TREND,ICE,diesel,7,110.0,70.0,1390.0,
2022,FORD,FOCUS TURNIER ST X,ICE,petrol,1,184.0,206.0,1555.0,
2022,FORD,FOCUS TURNIER ST-LINE,ICE,petrol,1,128.0,92.0,1447.0,
2022,FORD,FOCUS TURNIER TITANIUM,HEV,petrol,2,123.0,103.0,1479.0,
2022,FORD,GALAXY,HEV,petrol,1,147.0,110.0,1871.0,
2022,FORD,GALAXY EDITION,ICE,diesel,93,164.0,110.0,1925.0,
2022,FORD,GALAXY EDITION,HEV,petrol,70,147.0,110.0,1955.0,
2022,FORD,GALAXY TITANIUM,ICE,diesel,1013,172.0,120.0,1961.0,
2022,FORD,GALAXY TITANIUM,HEV,petrol,321,147.0,110.0,1958.0,
2022,FORD,GALAXY TREND,ICE,diesel,71,164.0,113.0,1934.0,
2022,FORD,GALAXY TREND,HEV,petrol,23,147.0,110.0,1955.0,
2022,FORD,GALAXY VIGNALE,ICE,diesel,215,181.0,140.0,2003.0,
2022,FORD,GALAXY VIGNALE,HEV,petrol,62,149.0,110.0,1957.0,
2022,FORD,GR TOURNEO CONNECT ACTIVE,ICE,diesel,6,156.0,88.0,1805.0,
2022,FORD,GR TOURNEO CONNECT TIT,ICE,diesel,39,154.0,87.0,1771.0,
2022,FORD,GR TOURNEO CONNECT TREND,ICE,diesel,65,150.0,82.0,1768.0,
2022,FORD,GR. TOURNEO CONNECT ACT.,ICE,diesel,57,145.0,89.0,1793.0,
2022,FORD,GR. TOURNEO CONNECT TIT.,ICE,diesel,1,132.0,75.0,1695.0,
2022,FORD,GR.TOURNEO CONNECT ACT.,ICE,diesel,3,131.0,90.0,1686.0,
2022,FORD,GR.TOURNEO CONNECT ACTIVE,ICE,diesel,1,133.0,75.0,1695.0,
2022,FORD,GR.TOURNEO CONNECT SPORT,ICE,petrol,1,150.0,84.0,1608.0,
2022,FORD,GR.TOURNEO CONNECT TIT.,ICE,diesel,18,135.0,87.0,1704.0,
2022,FORD,KUGA,ICE,diesel,2,146.0,114.0,1667.0,
2022,FORD,KUGA,PHEV,petrol/electric,1,22.0,112.0,1844.0,148.0
2022,FORD,KUGA COOL & CONNECT,HEV,diesel,10,127.0,110.0,1680.0,
2022,FORD,KUGA COOL & CONNECT,ICE,diesel,145,131.0,91.0,1605.0,
2022,FORD,KUGA COOL & CONNECT,HEV,petrol,50,129.0,112.0,1744.0,
2022,FORD,KUGA COOL & CONNECT,ICE,petrol,71,151.0,88.0,1564.0,
2022,FORD,KUGA COOL & CONNECT,PHEV,petrol/electric,25,24.0,112.0,1844.0,152.0
2022,FORD,KUGA ST- LINE,HEV,diesel,1,133.0,110.0,1680.0,
2022,FORD,KUGA ST- LINE,ICE,diesel,3,144.0,102.0,1682.0,
2022,FORD,KUGA ST- LINE,HEV,petrol,6,132.0,112.0,1773.0,
2022,FORD,KUGA ST- LINE,ICE,petrol,1,155.0,111.0,1564.0,
2022,FORD,KUGA ST- LINE,PHEV,petrol/electric,6,32.0,112.0,1844.0,168.0
2022,FORD,KUGA ST- LINE X,HEV,diesel,1,132.0,110.0,1680.0,
2022,FORD,KUGA ST- LINE X,HEV,petrol,1,135.0,112.0,1773.0,
2022,FORD,KUGA ST- LINE X,PHEV,petrol/electric,6,32.0,112.0,1844.0,168.0
2022,FORD,KUGA ST-LINE,HEV,diesel,9,128.0,110.0,1680.0,
2022,FORD,KUGA ST-LINE,ICE,diesel,198,140.0,96.0,1644.0,
2022,FORD,KUGA ST-LINE,HEV,petrol,25,132.0,112.0,1773.0,
2022,FORD,KUGA ST-LINE,ICE,petrol,8,150.0,111.0,1564.0,
2022,FORD,KUGA ST-LINE,PHEV,petrol/electric,52,22.0,112.0,1844.0,148.0
2022,FORD,KUGA ST-LINE X,HEV,diesel,9,128.0,110.0,1680.0,
2022,FORD,KUGA ST-LINE X,ICE,diesel,51,153.0,140.0,1735.0,
2022,FORD,KUGA ST-LINE X,HEV,petrol,114,132.0,112.0,1766.0,
2022,FORD,KUGA ST-LINE X,ICE,petrol,10,150.0,111.0,1564.0,
2022,FORD,KUGA ST-LINE X,PHEV,petrol/electric,154,23.0,112.0,1844.0,149.0
2022,FORD,KUGA TITANIUM,HEV,diesel,33,128.0,110.0,1680.0,
2022,FORD,KUGA TITANIUM,ICE,diesel,187,138.0,97.0,1643.0,
2022,FORD,KUGA TITANIUM,HEV,petrol,66,128.0,112.0,1753.0,
2022,FORD,KUGA TITANIUM,ICE,petrol,22,149.0,111.0,1564.0,
2022,FORD,KUGA TITANIUM,PHEV,petrol/electric,76,23.0,112.0,1844.0,151.0
2022,FORD,KUGA TITANIUM X,HEV,diesel,12,128.0,110.0,1680.0,
2022,FORD,KUGA TITANIUM X,ICE,diesel,112,148.0,130.0,1710.0,
2022,FORD,KUGA TITANIUM X,HEV,petrol,61,129.0,112.0,1751.0,
2022,FORD,KUGA TITANIUM X,ICE,petrol,6,149.0,111.0,1564.0,
2022,FORD,KUGA TITANIUM X,PHEV,petrol/electric,69,23.0,112.0,1844.0,149.0
2022,FORD,KUGA TREND,ICE,petrol,7,150.0,88.0,1564.0,
2022,FORD,KUGA VIGNALE,HEV,diesel,6,130.0,110.0,1680.0,
2022,FORD,KUGA VIGNALE,ICE,diesel,16,153.0,140.0,1735.0,
2022,FORD,KUGA VIGNALE,HEV,petrol,53,133.0,112.0,1766.0,
2022,FORD,KUGA VIGNALE,ICE,petrol,2,150.0,111.0,1564.0,
2022,FORD,KUGA VIGNALE,PHEV,petrol/electric,74,24.0,112.0,1844.0,150.0
2022,FORD,MONDEO,ICE,diesel,1,146.0,110.0,1748.0,
2022,FORD,MONDEO ST-LINE,ICE,diesel,15,157.0,130.0,1783.0,
2022,FORD,MONDEO TITANIUM,ICE,diesel,23,144.0,113.0,1746.0,
2022,FORD,MONDEO TREND,ICE,diesel,6,135.0,88.0,1720.0,
2022,FORD,MONDEO VIGNALE,ICE,diesel,2,166.0,140.0,1826.0,
2022,FORD,MUSTANG CONVERTIBLE GT,ICE,petrol,20,263.0,330.0,1893.0,
2022,FORD,MUSTANG FASTBACK GT,ICE,petrol,18,260.0,330.0,1828.0,
2022,FORD,MUSTANG FASTBACK MACH 1,ICE,petrol,11,277.0,338.0,1836.0,
2022,FORD,MUSTANG MACH 1,ICE,petrol,14,276.0,338.0,1839.0,
2022,FORD,MUSTANG MACH-E,BEV,electric,479,0.0,100.0,2117.0,167.0
2022,FORD,MUSTANG MACH-E AWD,BEV,electric,556,0.0,124.0,2225.0,189.0
2022,FORD,MUSTANG MACH-E GT,BEV,electric,140,0.0,200.0,2348.0,200.0
2022,FORD,MUSTANG MACH-E4X,BEV,electric,1,0.0,200.0,2326.0,
2022,FORD,MUSTANG SHELBY GT500,ICE,petrol,1,,559.0,1965.0,
2022,FORD,PUMA,ICE,diesel,1,119.0,88.0,1348.0,
2022,FORD,PUMA,HEV,petrol,4,129.0,92.0,1334.0,
2022,FORD,PUMA COOL & CONNECT,HEV,petrol,14,122.0,92.0,1294.0,
2022,FORD,PUMA COOL & CONNECT,ICE,petrol,51,129.0,70.0,1298.0,
2022,FORD,PUMA ST,HEV,petrol,3,125.0,92.0,1280.0,
2022,FORD,PUMA ST,ICE,petrol,8,152.0,147.0,1358.0,
2022,FORD,PUMA ST GOLD EDITION,ICE,petrol,20,151.0,147.0,1358.0,
2022,FORD,PUMA ST LINE VIGNALE,HEV,petrol,1,127.0,114.0,1280.0,
2022,FORD,PUMA ST LINE X,HEV,petrol,37,127.0,97.0,1294.0,
2022,FORD,PUMA ST X,ICE,petrol,14,154.0,147.0,1360.0,
2022,FORD,PUMA ST- LINE,HEV,petrol,151,124.0,92.0,1305.0,
2022,FORD,PUMA ST- LINE DESIGN,HEV,petrol,30,123.0,92.0,1333.0,
2022,FORD,PUMA ST- LINE VIGNALE,HEV,petrol,25,130.0,93.0,1314.0,
2022,FORD,PUMA ST- LINE X,HEV,petrol,112,130.0,94.0,1319.0,
2022,FORD,PUMA ST-LINE,ICE,diesel,9,119.0,88.0,1359.0,
2022,FORD,PUMA ST-LINE,HEV,petrol,109,125.0,92.0,1318.0,
2022,FORD,PUMA ST-LINE DESIGN,HEV,petrol,87,121.0,92.0,1304.0,
2022,FORD,PUMA ST-LINE DESIGN,ICE,petrol,1,132.0,92.0,1280.0,
2022,FORD,PUMA ST-LINE VIGNALE,HEV,petrol,15,127.0,100.0,1330.0,
2022,FORD,PUMA ST-LINE X,ICE,diesel,1,126.0,88.0,1387.0,
2022,FORD,PUMA ST-LINE X,HEV,petrol,60,129.0,96.0,1335.0,
2022,FORD,PUMA ST-X,ICE,petrol,1,148.0,147.0,1358.0,
2022,FORD,PUMA TITANIUM,ICE,diesel,6,119.0,88.0,1359.0,
2022,FORD,PUMA TITANIUM,HEV,petrol,326,124.0,92.0,1302.0,
2022,FORD,PUMA TITANIUM DESIGN,HEV,petrol,162,123.0,92.0,1310.0,
2022,FORD,PUMA TITANIUM DESIGN,ICE,petrol,23,132.0,92.0,1280.0,
2022,FORD,PUMA TITANIUM X,ICE,diesel,1,119.0,88.0,1348.0,
2022,FORD,PUMA TITANIUM X,HEV,petrol,104,126.0,93.0,1312.0,
2022,FORD,S-MAX,ICE,diesel,2,165.0,125.0,1927.0,
2022,FORD,S-MAX EDITION,ICE,diesel,1,166.0,110.0,1888.0,
2022,FORD,S-MAX EDITION,HEV,petrol,4,145.0,110.0,1873.0,
2022,FORD,S-MAX ST- LINE,ICE,diesel,2,171.5,125.0,1930.0,
2022,FORD,S-MAX ST- LINE,HEV,petrol,18,147.0,110.0,1922.0,
2022,FORD,S-MAX ST-LINE,ICE,diesel,25,168.0,123.0,1906.0,
2022,FORD,S-MAX ST-LINE,HEV,petrol,13,147.0,110.0,1878.0,
2022,FORD,S-MAX TITANIUM,ICE,diesel,24,165.0,118.0,1905.0,
2022,FORD,S-MAX TITANIUM,HEV,petrol,22,146.0,110.0,1904.0,
2022,FORD,S-MAX TREND,ICE,diesel,1,155.0,110.0,1864.0,
2022,FORD,S-MAX VIGNALE,ICE,diesel,6,170.0,140.0,1928.0,
2022,FORD,S-MAX VIGNALE,HEV,petrol,6,147.0,110.0,1892.0,
2022,FORD,TOURNEO CONNECT,ICE,diesel,2,146.0,89.0,1739.0,
2022,FORD,TOURNEO CONNECT ACTIVE,ICE,diesel,15,146.0,87.0,1720.0,
2022,FORD,TOURNEO CONNECT ACTIVE,ICE,petrol,1,154.0,84.0,1572.0,
2022,FORD,TOURNEO CONNECT SPORT,ICE,diesel,1,129.0,90.0,1610.0,
2022,FORD,TOURNEO CONNECT TIT,ICE,diesel,27,151.0,80.0,1719.0,
2022,FORD,TOURNEO CONNECT TIT.,ICE,diesel,12,132.0,83.0,1635.0,
2022,FORD,TOURNEO CONNECT TITANIUM,ICE,diesel,71,137.0,87.0,1654.0,
2022,FORD,TOURNEO CONNECT TITANIUM,ICE,petrol,4,152.0,84.0,1564.0,
2022,FORD,TOURNEO CONNECT TREND,ICE,diesel,37,144.0,76.0,1664.0,
2022,FORD,TOURNEO CUSTOM ACTIVE,HEV,diesel,23,200.0,102.0,2329.0,
2022,FORD,TOURNEO CUSTOM ACTIVE,ICE,diesel,13,226.0,105.0,2380.0,
2022,FORD,TOURNEO CUSTOM BUS TREND,HEV,diesel,1,197.0,96.0,2311.0,
2022,FORD,TOURNEO CUSTOM SPORT,HEV,diesel,2,196.0,136.0,2465.0,
2022,FORD,TOURNEO CUSTOM SPORT,ICE,diesel,4,221.0,133.0,2463.0,
2022,FORD,TOURNEO CUSTOM TITANIUM,HEV,diesel,26,200.0,99.0,2332.0,
2022,FORD,TOURNEO CUSTOM TITANIUM,ICE,diesel,123,216.0,100.0,2345.0,
2022,FORD,TOURNEO CUSTOM TITANIUM,PHEV,petrol/electric,3,76.0,62.0,2524.0,205.0
2022,FORD,TOURNEO CUSTOM TITANIUM X,HEV,diesel,4,203.0,110.0,2334.0,
2022,FORD,TOURNEO CUSTOM TITANIUM X,ICE,diesel,22,218.0,119.0,2324.0,
2022,FORD,TOURNEO CUSTOM TREND,HEV,diesel,8,194.0,96.0,2342.0,
2022,FORD,TOURNEO CUSTOM TREND,ICE,diesel,35,206.0,95.0,2322.0,
2022,FORD,TRANSIT CONNECT,ICE,diesel,1,148.0,88.0,1734.0,
2022,FORD,TRANSIT CONNECT TREND,ICE,diesel,25,147.0,83.0,1694.0,
2022,FORD,TRANSIT CUSTOM,ICE,diesel,2,196.0,125.0,2087.0,
2022,FORD,TRANSIT CUSTOM BASIS,ICE,diesel,11,195.0,77.0,2046.0,
2022,FORD,TRANSIT CUSTOM TRAIL,ICE,diesel,2,208.0,103.0,2195.0,
2022,FORD,TRANSIT CUSTOM TREND,HEV,diesel,23,190.0,93.0,2095.0,
2022,FORD,TRANSIT CUSTOM TREND,ICE,diesel,91,204.0,91.0,2159.0,
2022,FORD,TRANSIT CUSTOM TREND,PHEV,petrol/electric,1,72.0,62.0,2279.0,201.0
2022,FORD,TRANSIT LIMITED,ICE,diesel,1,223.0,96.0,2257.0,
2022,FORD,TRANSIT TRAIL,HEV,diesel,1,214.0,96.0,2287.0,
2022,FORD,TRANSIT TREND,HEV,diesel,6,215.0,100.0,2302.0,
2022,FORD,TRANSIT TREND,ICE,diesel,47,224.0,94.0,2270.0,
2022,FORD - CNG-TECHNIK,MONDEO TITANIUM TURNIER,HEV,petrol,1,130.0,103.0,1716.0,
2022,FORD-CNG-TECHNIK,MONDEO ST-LINE,HEV,petrol,3,134.0,103.0,1716.0,
2022,FORD-CNG-TECHNIK,MONDEO TITANIUM,HEV,petrol,67,130.0,103.0,1716.0,
2022,FORD-CNG-TECHNIK,MONDEO TREND,HEV,petrol,1,129.0,103.0,1716.0,
2022,GENSESIS,GV80,ICE,petrol,1,246.0,224.0,2278.0,
2022,HONDA,CIVIC 5D 1.0 COMFORT,ICE,petrol,5,137.0,93.0,1352.0,
2022,HONDA,CIVIC 5D 1.0 ELEGANC,ICE,petrol,39,138.0,93.0,1353.0,
2022,HONDA,CIVIC 5D 1.0 EXECUTI,ICE,petrol,17,143.0,93.0,1353.0,
2022,HONDA,CIVIC 5D 1.5 SPORT P,ICE,petrol,4,139.0,134.0,1379.0,
2022,HONDA,CIVIC E:HEV 2.0 ADVA,HEV,petrol,28,114.0,105.0,1533.0,
2022,HONDA,CIVIC E:HEV 2.0 ELEG,HEV,petrol,9,108.0,105.0,1517.0,
2022,HONDA,CIVIC E:HEV 2.0 SPOR,HEV,petrol,44,113.0,105.0,1533.0,
2022,HONDA,CR-V E:HEV 2WD 2.0 C,HEV,petrol,1,151.0,107.0,1685.0,
2022,HONDA,CR-V E:HEV 2WD 2.0 E,HEV,petrol,20,151.0,107.0,1685.0,
2022,HONDA,CR-V E:HEV 2WD 2.0 L,HEV,petrol,11,151.0,107.0,1685.0,
2022,HONDA,CR-V E:HEV 2WD 2.0 S,HEV,petrol,10,151.0,107.0,1685.0,
2022,HONDA,CR-V E:HEV 4WD 2.0 E,HEV,petrol,82,162.0,107.0,1743.0,
2022,HONDA,CR-V E:HEV 4WD 2.0 L,HEV,petrol,5,161.0,107.0,1743.0,
2022,HONDA,CR-V E:HEV 4WD 2.0 S,HEV,petrol,18,161.0,107.0,1743.0,
2022,HONDA,E EV ADVANCE,BEV,electric,22,0.0,60.0,1595.0,177.0
2022,HONDA,E EV LIMITED E,BEV,electric,3,0.0,60.0,1595.0,178.0
2022,HONDA,HR-V E:HEV 1.5 ADVAN,HEV,petrol,357,122.0,79.0,1452.0,
2022,HONDA,HR-V E:HEV 1.5 ELEGA,HEV,petrol,110,122.0,79.0,1452.0,
2022,HONDA,JAZZ 1.5 COMFORT,HEV,petrol,3,102.0,72.0,1300.0,
2022,HONDA,JAZZ 1.5 ELEGANCE,HEV,petrol,107,102.0,72.0,1300.0,
2022,HONDA,JAZZ 1.5 EXECUTIVE,HEV,petrol,99,104.0,72.0,1300.0,
2022,HONDA,JAZZ CROSSTAR 1.5 EX,HEV,petrol,124,109.0,72.0,1326.0,
2022,HYUNDAI,BAYON,HEV,petrol,98,121.0,88.0,1211.0,
2022,HYUNDAI,BAYON,ICE,petrol,947,125.0,68.0,1150.0,
2022,HYUNDAI,ELANTRA,ICE,petrol,1,138.0,90.0,1285.0,
2022,HYUNDAI,I10,ICE,petrol,1251,120.0,53.0,1005.0,
2022,HYUNDAI,I20,HEV,petrol,30,120.0,88.0,1185.0,
2022,HYUNDAI,I20,ICE,petrol,1367,121.0,66.0,1110.0,
2022,HYUNDAI,I20N,ICE,petrol,69,158.0,150.0,1265.0,
2022,HYUNDAI,I30,HEV,diesel,4,137.0,100.0,1514.0,
2022,HYUNDAI,I30,HEV,petrol,310,140.0,110.0,1423.0,
2022,HYUNDAI,I30,ICE,petrol,1508,129.0,85.0,1295.0,
2022,HYUNDAI,I30 N,ICE,petrol,27,188.0,206.0,1524.0,
2022,HYUNDAI,IONIQ,BEV,electric,262,0.0,25.0,1602.0,138.0
2022,HYUNDAI,IONIQ,HEV,petrol,110,104.0,77.0,1436.0,
2022,HYUNDAI,IONIQ,PHEV,petrol/electric,50,26.0,77.0,1570.0,117.0
2022,HYUNDAI,IONIQ5,BEV,electric,897,0.0,68.0,2058.0,177.0
2022,HYUNDAI,KONA,HEV,diesel,1,147.0,100.0,1520.0,
2022,HYUNDAI,KONA,BEV,electric,519,0.0,26.0,1682.0,144.0
2022,HYUNDAI,KONA,HEV,petrol,512,129.0,84.0,1375.0,
2022,HYUNDAI,KONA,ICE,petrol,280,135.0,91.0,1328.0,
2022,HYUNDAI,KONA N,ICE,petrol,34,194.0,206.0,1585.0,
2022,HYUNDAI,NEXO,ICE,hydrogen,14,0.0,32.0,1889.0,
2022,HYUNDAI,SANTA FE,ICE,diesel,69,177.0,143.0,1876.0,
2022,HYUNDAI,SANTA FE,PHEV,petrol/electric,90,37.0,132.0,2040.0,181.0
2022,HYUNDAI,STARIA,ICE,diesel,85,233.0,130.0,2362.0,
2022,HYUNDAI,STARIA PREMIUM,ICE,diesel,73,236.0,130.0,2442.0,
2022,HYUNDAI,TUCSON,HEV,diesel,189,147.0,100.0,1650.0,
2022,HYUNDAI,TUCSON,ICE,diesel,368,137.0,85.0,1552.0,
2022,HYUNDAI,TUCSON,HEV,petrol,859,143.0,123.0,1628.0,
2022,HYUNDAI,TUCSON,ICE,petrol,562,154.0,110.0,1509.0,
2022,HYUNDAI,TUCSON,PHEV,petrol/electric,498,31.0,132.0,1893.0,177.0
2022,HYUNDAI,TUCSON IX35,PHEV,petrol/electric,1,31.0,132.0,1893.0,177.0
2022,HYUNDAI,TUCSON. IX35,HEV,petrol,2,161.0,132.0,1633.0,
2022,HYUNDAI,TUCSON. IX35,PHEV,petrol/electric,3,31.0,132.0,1893.0,177.0
2022,JAC,IEV7S,BEV,electric,6,0.0,30.0,1535.0,161.0
2022,JAC,IEV7S. E-S2. E-S2,BEV,electric,3,0.0,30.0,1535.0,161.0
2022,JAGUAR,E-PACE D165 AWD AUT.,HEV,diesel,5,169.2,120.0,1916.0,
2022,JAGUAR,E-PACE D165 R-DYNAMIC B,HEV,diesel,2,173.0,120.0,1916.0,
2022,JAGUAR,E-PACE D165 R-DYNAMIC S,HEV,diesel,4,174.0,120.0,1916.0,
2022,JAGUAR,E-PACE D165 R-DYNAMIC S AWD AU,HEV,diesel,7,173.0,120.0,1916.0,
2022,JAGUAR,E-PACE D165 R-DYNAMIC SE AWD A,HEV,diesel,6,174.0,120.0,1916.0,
2022,JAGUAR,E-PACE D165 S AWD AUT.,HEV,diesel,7,171.7,120.0,1916.0,
2022,JAGUAR,E-PACE D165 SE AWD AUT.,HEV,diesel,10,174.0,120.0,1916.0,
2022,JAGUAR,E-PACE D165 SE FWD,ICE,diesel,2,169.0,120.0,1809.0,
2022,JAGUAR,E-PACE D200 R-DYNAMIC S,HEV,diesel,3,175.0,150.0,1952.0,
2022,JAGUAR,E-PACE D200 R-DYNAMIC S AWD AU,HEV,diesel,1,174.0,150.0,1952.0,
2022,JAGUAR,E-PACE D200 R-DYNAMIC SE AWD A,HEV,diesel,1,173.0,150.0,1952.0,
2022,JAGUAR,E-PACE D200 SE AWD AUT.,HEV,diesel,1,175.0,150.0,1952.0,
2022,JAGUAR,E-PACE P200 R-DYNAMIC S,HEV,petrol,1,206.0,147.0,1847.0,
2022,JAGUAR,E-PACE P200 S AUT.AWD,HEV,petrol,1,201.0,147.0,1847.0,
2022,JAGUAR,E-PACE P250 S AUT.AWD,HEV,petrol,1,206.0,183.0,1889.0,
2022,JAGUAR,E-PACE P300E R-DYNAMIC,PHEV,petrol/electric,5,41.0,147.0,2173.0,209.0
2022,JAGUAR,E-PACE P300E R-DYNAMIC HSE AWD,PHEV,petrol/electric,2,34.0,147.0,2173.0,199.0
2022,JAGUAR,E-PACE P300E R-DYNAMIC S AWD A,PHEV,petrol/electric,1,34.0,147.0,2173.0,198.0
2022,JAGUAR,E-PACE P300E R-DYNAMIC SE AWD,PHEV,petrol/electric,9,34.0,147.0,2173.0,198.0
2022,JAGUAR,F-PACE D165 AWD AUT.,HEV,diesel,1,163.0,120.0,1951.0,
2022,JAGUAR,F-PACE D200 AWD AUT.,HEV,diesel,2,165.0,150.0,1951.0,
2022,JAGUAR,F-PACE D200 R-DYNAMIC HSE AWD,HEV,diesel,2,172.0,150.0,1951.0,
2022,JAGUAR,F-PACE D200 R-DYNAMIC S AWD A,HEV,diesel,22,165.0,150.0,1951.0,
2022,JAGUAR,F-PACE D200 R-DYNAMIC SE AWD,HEV,diesel,12,170.0,150.0,1951.0,
2022,JAGUAR,F-PACE D200 S AWD AUT.,HEV,diesel,3,167.0,150.0,1951.0,
2022,JAGUAR,F-PACE D200 SE AWD AUT.,HEV,diesel,10,169.0,150.0,1951.0,
2022,JAGUAR,F-PACE D300 R-DYNAMIC HSE AWD,HEV,diesel,3,199.0,221.0,2083.0,
2022,JAGUAR,F-PACE D300 R-DYNAMIC SE AWD A,HEV,diesel,3,198.0,221.0,2083.0,
2022,JAGUAR,F-PACE D300 S AWD AUT.,HEV,diesel,1,198.0,221.0,2083.0,
2022,JAGUAR,F-PACE D300 SE AWD AUT.,HEV,diesel,1,199.0,221.0,2083.0,
2022,JAGUAR,F-PACE P250 LIMITED EDITION A,ICE,petrol,6,221.0,184.0,1897.0,
2022,JAGUAR,F-PACE P250 R-DYNAMIC S AWD AU,ICE,petrol,6,217.0,184.0,1897.0,
2022,JAGUAR,F-PACE P250 R-DYNAMIC SE AWD A,ICE,petrol,12,220.0,184.0,1897.0,
2022,JAGUAR,F-PACE P250 S AWD AUT.,ICE,petrol,1,215.0,184.0,1897.0,
2022,JAGUAR,F-PACE P250 SE AWD AUT.,ICE,petrol,2,219.0,184.0,1897.0,
2022,JAGUAR,F-PACE P400 R-DYNAMIC SE AWD A,HEV,petrol,2,227.0,294.0,2028.0,
2022,JAGUAR,F-PACE P400E LIMITED EDITION,PHEV,petrol/electric,1,52.0,221.0,2189.0,221.0
2022,JAGUAR,F-PACE P400E R-DYNAMIC HSE AWD,PHEV,petrol/electric,1,53.0,221.0,2189.0,221.0
2022,JAGUAR,F-PACE P400E R-DYNAMIC S AWD A,PHEV,petrol/electric,8,51.0,221.0,2189.0,219.0
2022,JAGUAR,F-PACE P400E R-DYNAMIC SE AWD,PHEV,petrol/electric,20,52.0,221.0,2189.0,220.0
2022,JAGUAR,F-PACE P400E S AWD AUT.,PHEV,petrol/electric,2,50.0,221.0,2189.0,217.0
2022,JAGUAR,F-PACE P400E SE AWD AUT.,PHEV,petrol/electric,6,51.0,221.0,2189.0,220.0
2022,JAGUAR,F-PACE SVR AWD AUT.,ICE,petrol,3,275.0,405.0,2133.0,
2022,JAGUAR,F-TYPE P300 CONVERTIBLE AUT.,ICE,petrol,1,218.0,221.0,1615.0,
2022,JAGUAR,F-TYPE P300 LIMITED EDITION C,ICE,petrol,2,218.0,221.0,1637.0,
2022,JAGUAR,F-TYPE P300 R-DYNAMIC CONVERT,ICE,petrol,2,219.0,221.0,1646.0,
2022,JAGUAR,F-TYPE P300 R-DYNAMIC COUPE A,ICE,petrol,5,218.0,221.0,1628.0,
2022,JAGUAR,F-TYPE P450 AWD R-DYNAMIC CON,ICE,petrol,2,246.0,331.0,1865.0,
2022,JAGUAR,F-TYPE P450 AWD R-DYNAMIC COU,ICE,petrol,3,246.0,331.0,1855.0,
2022,JAGUAR,F-TYPE P575 R AWD CONVERTIBLE,ICE,petrol,3,243.0,423.0,1865.0,
2022,JAGUAR,F-TYPE P575 R AWD COUPE AUT.,ICE,petrol,4,243.0,423.0,1855.0,
2022,JAGUAR,F-TYPE R P450 COUPE AWD AUT.,ICE,petrol,1,243.0,423.0,1818.0,
2022,JAGUAR,I-PACE EV320 S AWD,BEV,electric,123,0.0,172.0,2208.0,228.0
2022,JAGUAR,I-PACE EV400 HSE AWD,BEV,electric,1,0.0,172.0,2208.0,251.0
2022,JAGUAR,I-PACE EV400 SE AWD,BEV,electric,2,0.0,172.0,2208.0,237.0
2022,JAGUAR,XE D200 R-DYNAMIC BLACK,HEV,diesel,2,149.0,150.0,1779.0,
2022,JAGUAR,XE P250 R-DYNAMIC BLACK,ICE,petrol,3,188.0,184.0,1611.0,
2022,JAGUAR,XE P250 R-DYNAMIC SE AU,ICE,petrol,2,187.0,184.0,1611.0,
2022,JAGUAR,XE P250 SE AUT.,ICE,petrol,1,181.0,184.0,1611.0,
2022,JAGUAR,XE P300 R-DYNAMIC BLACK,ICE,petrol,1,209.0,221.0,1690.0,
2022,JAGUAR,XE P300 R-DYNAMIC SE AW,ICE,petrol,1,209.0,221.0,1690.0,
2022,JAGUAR,XF D200 R-DYNAMIC SE A,HEV,diesel,1,152.0,150.0,1869.0,
2022,JAGUAR,XF D200 S AUT.,HEV,diesel,3,131.0,150.0,1810.0,
2022,JAGUAR,XF P300 R-DYNAMIC HSE,ICE,petrol,2,207.0,221.0,1819.0,
2022,JAGUAR,XF P300 R-DYNAMIC SE A,ICE,petrol,1,200.0,221.0,1819.0,
2022,JAGUAR,XF SPORTBRAKE P300 HSE,ICE,petrol,1,211.0,221.0,1880.0,
2022,JAGUAR,XF SPORTBRAKE P300 R-D,ICE,petrol,1,206.0,221.0,1880.0,
2022,JEEP,COMPASS,ICE,diesel,115,137.0,96.0,1615.0,
2022,JEEP,COMPASS,HEV,petrol,62,132.0,96.0,1575.0,
2022,JEEP,COMPASS,ICE,petrol,167,155.0,100.0,1505.0,
2022,JEEP,COMPASS,PHEV,petrol/electric,358,44.0,121.0,1935.0,163.0
2022,JEEP,GRAND WAGONEER,ICE,petrol,1,413.0,351.0,2800.0,
2022,JEEP,RENEGADE,ICE,diesel,45,135.0,96.0,1505.0,
2022,JEEP,RENEGADE,HEV,petrol,84,133.0,96.0,1495.0,
2022,JEEP,RENEGADE,ICE,petrol,179,150.0,94.0,1395.0,
2022,JEEP,RENEGADE,PHEV,petrol/electric,108,44.0,112.0,1845.0,159.0
2022,JEEP,WRANGLER,ICE,petrol,9,271.9,216.7,2026.0,
2022,JEEP,WRANGLER RUBICON UNLIMITE,ICE,petrol,3,367.0,350.0,2384.0,
2022,JEEP,WRANGLER UNLIMITED,ICE,petrol,2,268.0,200.0,2103.0,
2022,JEEP,WRANGLER UNLIMITED,PHEV,petrol/electric,150,87.0,200.0,2383.0,231.0
2022,KIA,CEED 1.0 TGDI,ICE,petrol,2,132.0,74.0,1298.0,
2022,KIA,CEED 1.5 TGDI,ICE,petrol,2,133.0,118.0,1330.0,
2022,KIA,CEED SW 1.5 TGDI,ICE,petrol,4,130.0,118.0,1377.0,
2022,KIA,CEED SW 1.5 TGDI DCT,ICE,petrol,1,134.0,118.0,1407.0,
2022,KIA,CEED/GOLD/UVO/1.0 TGDI/MT6/100,ICE,petrol,10,126.0,74.0,1298.0,
2022,KIA,CEED/GOLD/UVO/1.0 TGDI/MT6/120,ICE,petrol,4,126.0,88.0,1298.0,
2022,KIA,CEED/GOLD/UVO/1.5 TGDI 48V/DCT,HEV,petrol,10,129.0,118.0,1390.0,
2022,KIA,CEED/GOLD/UVO/1.5 TGDI/MT6/160,ICE,petrol,23,130.0,118.0,1330.0,
2022,KIA,CEED/GOLD/UVO/1.6 CRDI 48V/DCT,HEV,diesel,12,123.0,100.0,1445.0,
2022,KIA,CEED/GOLD/UVO/1.6 CRDI 48V/IMT,HEV,diesel,14,120.0,100.0,1418.0,
2022,KIA,CEED/GT-LINE/UVO/1.5 TGDI 48V/,HEV,petrol,2,130.0,118.0,1390.0,
2022,KIA,CEED/GT-LINE/UVO/1.5 TGDI/MT6/,ICE,petrol,7,130.0,118.0,1330.0,
2022,KIA,CEED/GT-LINE/UVO/1.6 CRDI 48V/,HEV,diesel,1,123.0,100.0,1445.0,
2022,KIA,CEED/GT/UVO/1.6 TGDI/DCT7/204,ICE,petrol,3,154.0,150.0,1413.0,
2022,KIA,CEED/PLATIN/UVO/1.5 TGDI 48V/D,HEV,petrol,3,130.0,118.0,1390.0,
2022,KIA,CEED/PLATIN/UVO/1.5 TGDI/MT6/1,ICE,petrol,2,131.0,118.0,1330.0,
2022,KIA,CEED/SILBER/UVO/1.0 TGDI/MT6/1,ICE,petrol,396,119.0,76.0,1298.0,
2022,KIA,CEED/SILBER/UVO/1.5 TGDI 48V/D,HEV,petrol,7,127.0,118.0,1390.0,
2022,KIA,CEED/SILBER/UVO/1.5 TGDI/MT6/1,ICE,petrol,80,125.0,118.0,1330.0,
2022,KIA,CEED/SILBER/UVO/1.6 CRDI 48V/D,HEV,diesel,13,120.0,100.0,1445.0,
2022,KIA,CEED/SILBER/UVO/1.6 CRDI 48V/I,HEV,diesel,52,117.0,100.0,1418.0,
2022,KIA,CEED/TITAN/1.0 TGDI/MT6/100,ICE,petrol,72,123.0,74.0,1298.0,
2022,KIA,CEED/TITAN/1.0 TGDI/MT6/100/P2,ICE,petrol,27,119.0,74.0,1298.0,
2022,KIA,CEED/TITAN/1.0 TGDI/MT6/120,ICE,petrol,1,123.0,88.0,1298.0,
2022,KIA,CEED/TITAN/1.0 TGDI/MT6/120/P2,ICE,petrol,2,119.0,88.0,1298.0,
2022,KIA,CEEDSW/GOLD/UVO/1.0 TGDI/MT6/1,ICE,petrol,26,128.0,83.0,1335.0,
2022,KIA,CEEDSW/GOLD/UVO/1.5 TGDI 48V/D,HEV,petrol,26,130.0,118.0,1437.0,
2022,KIA,CEEDSW/GOLD/UVO/1.5 TGDI/MT6/1,ICE,petrol,63,132.0,118.0,1377.0,
2022,KIA,CEEDSW/GOLD/UVO/1.6 CRDI 48V/D,HEV,diesel,15,123.0,100.0,1482.0,
2022,KIA,CEEDSW/GOLD/UVO/1.6 CRDI 48V/I,HEV,diesel,22,121.0,100.0,1455.0,
2022,KIA,CEEDSW/GT-LINE/UVO/1.5 TGDI 48,HEV,petrol,1,131.0,118.0,1437.0,
2022,KIA,CEEDSW/GT-LINE/UVO/1.5 TGDI/MT,ICE,petrol,3,132.0,118.0,1377.0,
2022,KIA,CEEDSW/GT-LINE/UVO/1.6 CRDI 48,HEV,diesel,5,124.0,100.0,1482.0,
2022,KIA,CEEDSW/PHEV/GOLD/UVO/1.6 GDI G,PHEV,petrol/electric,14,29.0,77.0,1608.0,116.0
2022,KIA,CEEDSW/PHEV/PLATIN/UVO/1.6 GDI,PHEV,petrol/electric,6,29.0,77.0,1608.0,116.0
2022,KIA,CEEDSW/PHEV/SILBER/1.6 GDI GPF,PHEV,petrol/electric,2,29.0,77.0,1608.0,116.0
2022,KIA,CEEDSW/PLATIN/UVO/1.5 TGDI 48V,HEV,petrol,2,130.0,118.0,1437.0,
2022,KIA,CEEDSW/PLATIN/UVO/1.5 TGDI/MT6,ICE,petrol,7,133.0,118.0,1377.0,
2022,KIA,CEEDSW/PLATIN/UVO/1.6 CRDI 48V,HEV,diesel,4,123.0,100.0,1475.0,
2022,KIA,CEEDSW/SILBER/UVO/1.0 TGDI/MT6,ICE,petrol,425,122.0,79.0,1335.0,
2022,KIA,CEEDSW/SILBER/UVO/1.5 TGDI 48V,HEV,petrol,30,128.0,118.0,1437.0,
2022,KIA,CEEDSW/SILBER/UVO/1.5 TGDI/MT6,ICE,petrol,153,127.0,118.0,1377.0,
2022,KIA,CEEDSW/SILBER/UVO/1.6 CRDI 48V,HEV,diesel,112,118.0,100.0,1459.0,
2022,KIA,CEEDSW/TITAN/1.0 TGDI/MT6/100,ICE,petrol,50,125.0,74.0,1335.0,
2022,KIA,CEEDSW/TITAN/1.0 TGDI/MT6/100/,ICE,petrol,20,121.0,74.0,1335.0,
2022,KIA,CEEDSW/TITAN/1.0 TGDI/MT6/120,ICE,petrol,1,125.0,88.0,1335.0,
2022,KIA,CEEDSW/TITAN/1.0 TGDI/MT6/120/,ICE,petrol,8,121.0,88.0,1335.0,
2022,KIA,E-NIRO/2F-ABP/GOLD/E-MOTOR/64.,BEV,electric,1,0.0,50.0,1757.0,162.0
2022,KIA,E-NIRO/2F-DRG/GOLD/E-MOTOR/64.,BEV,electric,1,0.0,50.0,1757.0,162.0
2022,KIA,E-NIRO/2F-KLG/GOLD/E-MOTOR/64.,BEV,electric,9,0.0,50.0,1757.0,162.0
2022,KIA,E-NIRO/GOLD/E-MOTOR/64.8KWH/AT,BEV,electric,59,0.0,50.0,1757.0,162.0
2022,KIA,E-NIRO/GOLD/UVO/E-MOTOR/LR/64.,BEV,electric,91,0.0,29.0,1812.0,159.0
2022,KIA,E-NIRO/PLATIN/UVO/E-MOTOR/LR/6,BEV,electric,105,0.0,29.0,1812.0,159.0
2022,KIA,E-NIRO/SILBER/E-MOTOR/64.8KWH/,BEV,electric,259,0.0,50.0,1757.0,162.0
2022,KIA,E-NIRO/SILBER/UVO/E-MOTOR/LR/6,BEV,electric,94,0.0,29.0,1812.0,159.0
2022,KIA,E-NIRO/TITAN/E-MOTOR/39.2KWH/A,BEV,electric,1,0.0,27.0,1667.0,153.0
2022,KIA,E-NIRO/TITAN/E-MOTOR/64.8KWH/A,BEV,electric,27,0.0,50.0,1757.0,162.0
2022,KIA,E-NIRO/TITAN/E-MOTOR/LR/64.0KW,BEV,electric,8,0.0,29.0,1812.0,159.0
2022,KIA,E-SOUL/GOLD/UVO/LR/64.0KWH/AT/,BEV,electric,17,0.0,29.0,1757.0,157.0
2022,KIA,E-SOUL/PLATIN/UVO/LR/64.0KWH/A,BEV,electric,20,0.0,29.0,1757.0,157.0
2022,KIA,E-SOUL/SILBER/UVO/LR/64.0KWH/A,BEV,electric,21,0.0,29.0,1757.0,157.0
2022,KIA,E-SOUL/TITAN/39.2KWH/AT/136,BEV,electric,1,0.0,27.0,1610.0,156.0
2022,KIA,E-SOUL/TITAN/LR/64.0KWH/AT/204,BEV,electric,2,0.0,29.0,1757.0,157.0
2022,KIA,EV6/AIR/58.0KWH/AT/RWD/170,BEV,electric,26,0.0,42.0,1875.0,166.0
2022,KIA,EV6/AIR/77.4KWH/AT/AWD/326,BEV,electric,17,0.0,81.0,2090.0,172.0
2022,KIA,EV6/AIR/77.4KWH/AT/RWD/229,BEV,electric,42,0.0,56.0,1985.0,167.0
2022,KIA,EV6/AIR/PLUS/77.4KWH/AT/AWD/32,BEV,electric,19,0.0,81.0,2090.0,172.0
2022,KIA,EV6/AIR/PLUS/77.4KWH/AT/RWD/22,BEV,electric,16,0.0,56.0,1985.0,165.0
2022,KIA,EV6/AIR/PREMIUM-RS/77.4KWH/AT/,BEV,electric,27,0.0,69.0,2043.0,168.0
2022,KIA,EV6/AIR/PREMIUM/77.4KWH/AT/AWD,BEV,electric,28,0.0,81.0,2090.0,172.0
2022,KIA,EV6/AIR/PREMIUM/77.4KWH/AT/RWD,BEV,electric,23,0.0,56.0,1985.0,165.0
2022,KIA,EV6/AIR/PRO-RS/77.4KWH/AT/AWD/,BEV,electric,22,0.0,81.0,2090.0,172.0
2022,KIA,EV6/AIR/PRO-RS/77.4KWH/AT/RWD/,BEV,electric,14,0.0,56.0,1985.0,165.0
2022,KIA,EV6/AIR/PRO/58.0KWH/AT/RWD/170,BEV,electric,2,0.0,42.0,1875.0,166.0
2022,KIA,EV6/AIR/PRO/77.4KWH/AT/AWD/326,BEV,electric,25,0.0,81.0,2090.0,172.0
2022,KIA,EV6/AIR/PRO/77.4KWH/AT/RWD/229,BEV,electric,154,0.0,56.0,1985.0,165.0
2022,KIA,EV6/GT-LINE/77.4KWH/AT/AWD/326,BEV,electric,10,0.0,81.0,2090.0,180.0
2022,KIA,EV6/GT-LINE/77.4KWH/AT/RWD/229,BEV,electric,7,0.0,56.0,1985.0,172.0
2022,KIA,EV6/GT-LINE/PREMIUM/77.4KWH/AT,BEV,electric,278,0.0,72.0,2056.0,177.0
2022,KIA,EV6/GT-LINE/PRO/77.4KWH/AT/AWD,BEV,electric,19,0.0,81.0,2090.0,180.0
2022,KIA,EV6/GT-LINE/PRO/77.4KWH/AT/RWD,BEV,electric,62,0.0,56.0,1985.0,172.0
2022,KIA,EV6/GT/77.4KWH/AT/AWD/585,BEV,electric,12,0.0,143.0,2200.0,206.0
2022,KIA,NIRO 1.6 GDI HEV 6DCT,HEV,petrol,1,110.0,77.0,1490.0,
2022,KIA,NIRO/2F-ABP/GOLD/1.6 GDI/DCT6/,HEV,petrol,5,106.0,77.0,1474.0,
2022,KIA,NIRO/GOLD/1.6 GDI/DCT6/141,HEV,petrol,6,101.0,77.0,1474.0,
2022,KIA,NIRO/GOLD/1.6 GDI/DCT6/141/P2,HEV,petrol,2,105.0,77.0,1474.0,
2022,KIA,NIRO/GOLD/1.6 GDI/DCT6/141/P2/,HEV,petrol,9,106.0,77.0,1474.0,
2022,KIA,NIRO/GOLD/UVO/1.6 GDI/DCT6/141,HEV,petrol,9,110.0,77.0,1490.0,
2022,KIA,NIRO/PLATIN/UVO/1.6 GDI/DCT6/1,HEV,petrol,10,119.0,77.0,1490.0,
2022,KIA,NIRO/SILBER/1.6 GDI/DCT6/141,HEV,petrol,33,100.0,77.0,1474.0,
2022,KIA,NIRO/SILBER/UVO/1.6 GDI/DCT6/1,HEV,petrol,11,110.0,77.0,1490.0,
2022,KIA,NIRO/TITAN/1.6 GDI/DCT6/141,HEV,petrol,1,100.0,77.0,1474.0,
2022,KIA,NIRO/TITAN/1.6 GDI/DCT6/141/P1,HEV,petrol,1,100.0,77.0,1474.0,
2022,KIA,NIROHEV/PLATIN/1.6 GDI/DCT6/14,HEV,petrol,1,105.0,77.0,1474.0,
2022,KIA,NIROPHEV/2F-ABP/GOLD/1.6 GDI/D,PHEV,petrol/electric,6,21.0,77.0,1594.0,129.0
2022,KIA,NIROPHEV/GOLD/1.6 GDI/DCT6/141,PHEV,petrol/electric,4,22.0,77.0,1594.0,129.0
2022,KIA,NIROPHEV/GOLD/UVO/1.6 GDI/DCT6,PHEV,petrol/electric,3,31.0,77.0,1594.0,105.0
2022,KIA,NIROPHEV/PLATIN/UVO/1.6 GDI/DC,PHEV,petrol/electric,4,31.0,77.0,1594.0,105.0
2022,KIA,NIROPHEV/SILBER/1.6 GDI/DCT6/1,PHEV,petrol/electric,6,18.0,77.0,1594.0,129.0
2022,KIA,NIROPHEV/SILBER/UVO/1.6 GDI/DC,PHEV,petrol/electric,2,31.0,77.0,1594.0,105.0
2022,KIA,PICANTO/CARITAS/1.0 DPI/MT5/67,ICE,petrol,90,110.0,49.0,974.0,
2022,KIA,PICANTO/CARITAS/1.0 MPI/MT5/67,ICE,petrol,4,110.0,49.0,974.0,
2022,KIA,PICANTO/GOLD/1.0 DPI/MT5/67,ICE,petrol,3,112.0,49.0,974.0,
2022,KIA,PICANTO/GOLD/1.2 DPI/AMT5/84,ICE,petrol,13,125.0,62.0,984.0,
2022,KIA,PICANTO/GOLD/1.2 DPI/MT5/84,ICE,petrol,5,121.0,62.0,983.0,
2022,KIA,PICANTO/GOLD/UVO/1.0 DPI/MT5/6,ICE,petrol,4,113.0,49.0,974.0,
2022,KIA,PICANTO/GOLD/UVO/1.2 DPI/AMT5/,ICE,petrol,7,125.0,62.0,984.0,
2022,KIA,PICANTO/GOLD/UVO/1.2 DPI/MT5/8,ICE,petrol,5,121.0,62.0,983.0,
2022,KIA,PICANTO/GT-LINE/1.2 DPI/MT5/84,ICE,petrol,2,124.0,62.0,983.0,
2022,KIA,PICANTO/GT-LINE/UVO/1.0 TGDI G,ICE,petrol,2,121.0,74.0,1034.0,
2022,KIA,PICANTO/GT-LINE/UVO/1.2 DPI/AM,ICE,petrol,2,127.0,62.0,984.0,
2022,KIA,PICANTO/GT-LINE/UVO/1.2 DPI/MT,ICE,petrol,4,124.0,62.0,983.0,
2022,KIA,PICANTO/NEON/1.0 DPI/MT5/67,ICE,petrol,4,110.0,49.0,974.0,
2022,KIA,PICANTO/SILBER/1.0 DPI/MT5/67,ICE,petrol,14,110.0,49.0,974.0,
2022,KIA,PICANTO/SILBER/1.0 DPI/MT5/67/,ICE,petrol,2,110.0,49.0,974.0,
2022,KIA,PICANTO/SILBER/1.2 DPI/MT5/84,ICE,petrol,14,118.0,62.0,983.0,
2022,KIA,PICANTO/TITAN/1.0 DPI/MT5/67,ICE,petrol,144,110.0,49.0,974.0,
2022,KIA,PICANTO/TITAN/1.0 MPI/MT5/67,ICE,petrol,1,110.0,49.0,974.0,
2022,KIA,PICANTO/TITAN/1.2 DPI/MT5/84,ICE,petrol,23,118.0,62.0,983.0,
2022,KIA,PICANTO/X-LINE/1.2 DPI/AMT5/84,ICE,petrol,1,128.0,62.0,984.0,
2022,KIA,PICANTO/X-LINE/UVO/1.0 TGDI GP,ICE,petrol,4,122.0,74.0,1034.0,
2022,KIA,PICANTO/X-LINE/UVO/1.2 DPI/AMT,ICE,petrol,7,128.0,62.0,984.0,
2022,KIA,PICANTO/X-LINE/UVO/1.2 DPI/MT5,ICE,petrol,1,125.0,62.0,983.0,
2022,KIA,PROCEED 1.5 TGDI DCT,ICE,petrol,3,133.0,118.0,1425.0,
2022,KIA,PROCEED 1.6 TGDI DCT,ICE,petrol,1,154.0,150.0,1438.0,
2022,KIA,PROCEED/GT-LINE/UVO/1.0 TGDI/M,ICE,petrol,1,131.0,88.0,1375.0,
2022,KIA,PROCEED/GT-LINE/UVO/1.5 TGDI 4,HEV,petrol,84,129.0,118.0,1455.0,
2022,KIA,PROCEED/GT-LINE/UVO/1.5 TGDI/M,ICE,petrol,9,132.0,118.0,1398.0,
2022,KIA,PROCEED/GT/UVO/1.6 TGDI/DCT7/2,ICE,petrol,23,154.0,150.0,1438.0,
2022,KIA,RIO 1.2 MPI (E5),ICE,petrol,5,126.0,62.0,1120.0,
2022,KIA,RIO/GOLD/UVO/1.0 TGDI 48V/DCT7,HEV,petrol,7,119.0,88.0,1230.0,
2022,KIA,RIO/GOLD/UVO/1.0 TGDI 48V/IMT6,HEV,petrol,4,117.0,88.0,1205.0,
2022,KIA,RIO/GOLD/UVO/1.0 TGDI/DCT7/100,ICE,petrol,8,123.0,74.0,1200.0,
2022,KIA,RIO/GOLD/UVO/1.0 TGDI/MT6/100,ICE,petrol,12,121.0,74.0,1175.0,
2022,KIA,RIO/GT-LINE/UVO/1.0 TGDI 48V/D,HEV,petrol,10,126.0,88.0,1230.0,
2022,KIA,RIO/GT-LINE/UVO/1.0 TGDI 48V/I,HEV,petrol,9,126.0,88.0,1205.0,
2022,KIA,RIO/NEON/1.2 DPI/MT5/84,ICE,petrol,1,128.0,62.0,1120.0,
2022,KIA,RIO/NEON/1.2 DPI/MT5/84/P,ICE,petrol,145,124.0,62.0,1120.0,
2022,KIA,RIO/NEON/1.25 MPI/MT5/84,ICE,petrol,1,128.0,62.0,1120.0,
2022,KIA,RIO/OE21/1.2 DPI/MT5/84,ICE,petrol,65,126.0,62.0,1120.0,
2022,KIA,RIO/SILBER/1.0 TGDI/DCT7/100,ICE,petrol,19,123.0,74.0,1200.0,
2022,KIA,RIO/SILBER/1.0 TGDI/MT6/100,ICE,petrol,153,120.0,74.0,1175.0,
2022,KIA,RIO/SILBER/1.2 DPI/MT5/84,ICE,petrol,208,122.0,62.0,1120.0,
2022,KIA,RIO/SILBER/1.25 MPI/MT5/84,ICE,petrol,3,123.0,62.0,1120.0,
2022,KIA,RIO/SILBER/UVO/1.0 TGDI/DCT7/1,ICE,petrol,2,123.0,74.0,1200.0,
2022,KIA,RIO/SILBER/UVO/1.0 TGDI/MT6/10,ICE,petrol,20,120.0,74.0,1175.0,
2022,KIA,RIO/SILBER/UVO/1.2 DPI/MT5/84/,ICE,petrol,16,123.0,62.0,1120.0,
2022,KIA,RIO/TITAN/1.0 TGDI/MT6/100,ICE,petrol,2,119.0,74.0,1175.0,
2022,KIA,RIO/TITAN/1.0 TGDI/MT6/100/P2,ICE,petrol,6,119.0,74.0,1175.0,
2022,KIA,RIO/TITAN/1.2 DPI/MT5/84,ICE,petrol,135,119.0,62.0,1120.0,
2022,KIA,RIO/TITAN/1.2 DPI/MT5/84/P2,ICE,petrol,25,122.0,62.0,1120.0,
2022,KIA,RIO/TITAN/1.25 MPI/MT5/84,ICE,petrol,4,126.0,62.0,1120.0,
2022,KIA,SORENTO 2.2 CRDI 4WD 8DCT,ICE,diesel,1,169.0,142.0,1867.0,
2022,KIA,SORENTO/5S/GOLD/UVO/2.2 CRDI/D,ICE,diesel,9,172.0,142.0,1867.0,
2022,KIA,SORENTO/5S/PLATIN/UVO/2.2 CRDI,ICE,diesel,53,173.0,142.0,1864.0,
2022,KIA,SORENTO/6S/PLATIN/UVO/2.2 CRDI,ICE,diesel,4,173.0,142.0,1897.0,
2022,KIA,SORENTO/7S/PLATIN/UVO/2.2 CRDI,ICE,diesel,15,174.0,142.0,1908.0,
2022,KIA,SORENTO/HEV/5S/GOLD/UVO/1.6 TG,HEV,petrol,9,165.0,132.0,1881.0,
2022,KIA,SORENTO/HEV/5S/SILBER/UVO/1.6,HEV,petrol,2,156.0,132.0,1881.0,
2022,KIA,SORENTO/HEV/7S/GOLD/UVO/1.6 TG,HEV,petrol,6,168.0,132.0,1922.0,
2022,KIA,SORENTO/PHEV/5S/GOLD/UVO/1.6 T,PHEV,petrol/electric,49,38.0,132.0,2015.0,184.0
2022,KIA,SORENTO/PHEV/7S/GOLD/UVO/1.6 T,PHEV,petrol/electric,22,38.0,132.0,2057.0,184.0
2022,KIA,SPORTAGE,PHEV,petrol/electric,3,25.0,132.0,1905.0,169.0
2022,KIA,SPORTAGE 1.6 TGDI HEV,HEV,petrol,1,130.0,132.0,1649.0,
2022,KIA,SPORTAGE 1.6 TGDI LP,ICE,petrol,2,153.0,110.0,1526.0,
2022,KIA,SPORTAGE/2F/GT-LINE/UVO/1.6 CR,HEV,diesel,12,152.0,100.0,1676.0,
2022,KIA,SPORTAGE/2F/GT-LINE/UVO/1.6 TG,HEV,petrol,81,158.0,128.0,1631.0,
2022,KIA,SPORTAGE/BLACK+/UVO/1.6 CRDI 4,HEV,diesel,5,173.0,100.0,1698.0,
2022,KIA,SPORTAGE/BLACK/UVO/1.6 CRDI 48,HEV,diesel,15,161.0,100.0,1657.0,
2022,KIA,SPORTAGE/BLACK/UVO/1.6 CRDI/MT,ICE,diesel,2,149.0,85.0,1579.0,
2022,KIA,SPORTAGE/GOLD/UVO/1.6 CRDI 48V,HEV,diesel,71,151.0,100.0,1665.0,
2022,KIA,SPORTAGE/GOLD/UVO/1.6 TGDI 48V,HEV,petrol,111,152.0,115.0,1605.0,
2022,KIA,SPORTAGE/GT-LINE/UVO/1.6 CRDI,HEV,diesel,35,153.0,100.0,1677.0,
2022,KIA,SPORTAGE/GT-LINE/UVO/1.6 TGDI,HEV,petrol,81,154.0,121.0,1611.0,
2022,KIA,SPORTAGE/HEV/2F/GT-LINE/UVO/1.,HEV,petrol,16,143.0,132.0,1702.0,
2022,KIA,SPORTAGE/HEV/GOLD/UVO/1.6 TGDI,HEV,petrol,42,133.0,132.0,1666.0,
2022,KIA,SPORTAGE/HEV/GT-LINE/UVO/1.6 T,HEV,petrol,6,141.0,132.0,1693.0,
2022,KIA,SPORTAGE/HEV/SILBER/UVO/1.6 TG,HEV,petrol,43,129.0,132.0,1662.0,
2022,KIA,SPORTAGE/LAUNCH EDITION PRO/UV,HEV,diesel,28,147.0,100.0,1676.0,
2022,KIA,SPORTAGE/LAUNCH EDITION PRO/UV,HEV,petrol,8,151.0,110.0,1561.0,
2022,KIA,SPORTAGE/LAUNCH EDITION/UVO/1.,HEV,diesel,81,131.0,100.0,1598.0,
2022,KIA,SPORTAGE/LAUNCH EDITION/UVO/1.,HEV,petrol,2,150.0,110.0,1561.0,
2022,KIA,SPORTAGE/LAUNCH EDITION/UVO/1.,ICE,petrol,124,154.0,110.0,1526.0,
2022,KIA,SPORTAGE/OE25/UVO/1.6 CRDI 48V,HEV,diesel,1,170.0,100.0,1682.0,
2022,KIA,SPORTAGE/PHEV/2F/GT-LINE/UVO/1,PHEV,petrol/electric,71,25.0,132.0,1905.0,169.0
2022,KIA,SPORTAGE/PHEV/GOLD/UVO/1.6 TGD,PHEV,petrol/electric,63,25.0,132.0,1905.0,169.0
2022,KIA,SPORTAGE/PHEV/GT-LINE/UVO/1.6,PHEV,petrol/electric,32,25.0,132.0,1905.0,169.0
2022,KIA,SPORTAGE/PHEV/SILBER/UVO/1.6 T,PHEV,petrol/electric,47,25.0,132.0,1905.0,169.0
2022,KIA,SPORTAGE/SILBER+/1.6 CRDI 48V/,HEV,diesel,53,143.0,100.0,1667.0,
2022,KIA,SPORTAGE/SILBER+/1.6 TGDI 48V/,HEV,petrol,32,156.0,110.0,1617.0,
2022,KIA,SPORTAGE/SILBER/UVO/1.6 CRDI 4,HEV,diesel,50,141.0,100.0,1623.0,
2022,KIA,SPORTAGE/SILBER/UVO/1.6 CRDI/M,ICE,diesel,109,141.0,85.0,1570.0,
2022,KIA,SPORTAGE/SILBER/UVO/1.6 GDI/MT,ICE,petrol,12,166.0,97.0,1490.0,
2022,KIA,SPORTAGE/SILBER/UVO/1.6 TGDI 4,HEV,petrol,85,144.0,110.0,1580.0,
2022,KIA,SPORTAGE/SILBER/UVO/1.6 TGDI/M,ICE,petrol,553,152.0,110.0,1526.0,
2022,KIA,SPORTAGE/TITAN/1.6 CRDI/MT6/11,ICE,diesel,4,136.0,85.0,1565.0,
2022,KIA,SPORTAGE/TITAN/1.6 GDI/MT6/132,ICE,petrol,1,169.0,97.0,1490.0,
2022,KIA,SPORTAGE/TITAN/1.6 TGDI/MT6/0/,ICE,petrol,6,152.0,110.0,1526.0,
2022,KIA,SPORTAGE/TITAN/1.6 TGDI/MT6/15,ICE,petrol,93,152.0,110.0,1526.0,
2022,KIA,STINGER/GT/UVO/3.3 TGDI/AT8/AW,ICE,petrol,3,247.0,269.0,1933.0,
2022,KIA,STONIC/2F/GOLD/UVO/1.0 TGDI 48,HEV,petrol,6,120.0,88.0,1242.0,
2022,KIA,STONIC/2F/GOLD/UVO/1.0 TGDI/DC,ICE,petrol,3,126.0,74.0,1230.0,
2022,KIA,STONIC/2F/GOLD/UVO/1.0 TGDI/MT,ICE,petrol,4,125.0,74.0,1195.0,
2022,KIA,STONIC/2F/GOLD/UVO/1.2 DPI/MT5,ICE,petrol,3,129.0,62.0,1155.0,
2022,KIA,STONIC/2F/GT-LINE/UVO/1.0 TGDI,HEV,petrol,19,127.0,88.0,1239.0,
2022,KIA,STONIC/2F/OE21/1.0 TGDI/MT6/10,ICE,petrol,41,124.0,74.0,1195.0,
2022,KIA,STONIC/2F/SILBER/1.0 TGDI/DCT7,ICE,petrol,9,126.0,74.0,1230.0,
2022,KIA,STONIC/2F/SILBER/1.0 TGDI/MT6/,ICE,petrol,22,124.0,74.0,1195.0,
2022,KIA,STONIC/2F/SILBER/1.2 DPI/MT5/8,ICE,petrol,23,129.0,62.0,1155.0,
2022,KIA,STONIC/2F/SILBER/UVO/1.0 TGDI/,ICE,petrol,5,124.0,74.0,1202.0,
2022,KIA,STONIC/2F/SILBER/UVO/1.2 DPI/M,ICE,petrol,10,130.0,62.0,1155.0,
2022,KIA,STONIC/2F/TITAN/1.2 DPI/MT5/84,ICE,petrol,16,128.0,62.0,1155.0,
2022,KIA,STONIC/GOLD/UVO/1.0 TGDI 48V/D,HEV,petrol,9,120.0,88.0,1260.0,
2022,KIA,STONIC/GOLD/UVO/1.0 TGDI 48V/I,HEV,petrol,5,118.0,88.0,1225.0,
2022,KIA,STONIC/GOLD/UVO/1.0 TGDI/DCT7/,ICE,petrol,24,126.0,74.0,1230.0,
2022,KIA,STONIC/GOLD/UVO/1.0 TGDI/MT6/1,ICE,petrol,17,125.0,74.0,1195.0,
2022,KIA,STONIC/GOLD/UVO/1.2 DPI/MT5/84,ICE,petrol,5,130.0,62.0,1155.0,
2022,KIA,STONIC/GT-LINE/UVO/1.0 TGDI 48,HEV,petrol,14,128.0,88.0,1247.0,
2022,KIA,STONIC/OE21/1.0 TGDI/MT6/100,ICE,petrol,45,125.0,74.0,1195.0,
2022,KIA,STONIC/SILBER LIMITED/1.0 TGDI,ICE,petrol,1,132.0,74.0,1195.0,
2022,KIA,STONIC/SILBER/1.0 TGDI/DCT7/10,ICE,petrol,32,126.0,74.0,1230.0,
2022,KIA,STONIC/SILBER/1.0 TGDI/MT6/100,ICE,petrol,153,124.0,74.0,1195.0,
2022,KIA,STONIC/SILBER/1.2 DPI/MT5/84,ICE,petrol,262,129.0,62.0,1155.0,
2022,KIA,STONIC/SILBER/1.25 MPI/MT5/84,ICE,petrol,4,133.0,62.0,1155.0,
2022,KIA,STONIC/SILBER/UVO/1.0 TGDI/DCT,ICE,petrol,1,126.0,74.0,1230.0,
2022,KIA,STONIC/SILBER/UVO/1.0 TGDI/MT6,ICE,petrol,8,125.0,74.0,1195.0,
2022,KIA,STONIC/SILBER/UVO/1.2 DPI/MT5/,ICE,petrol,13,130.0,62.0,1155.0,
2022,KIA,STONIC/TITAN/1.0 TGDI/MT6/100,ICE,petrol,17,124.0,74.0,1195.0,
2022,KIA,STONIC/TITAN/1.0 TGDI/MT6/100/,ICE,petrol,1,124.0,74.0,1195.0,
2022,KIA,STONIC/TITAN/1.2 DPI/MT5/84,ICE,petrol,193,128.0,62.0,1155.0,
2022,KIA,STONIC/TITAN/1.2 DPI/MT5/84/P1,ICE,petrol,103,128.0,62.0,1155.0,
2022,KIA,STONIC/TITAN/1.2 DPI/MT5/84/P2,ICE,petrol,3,129.0,62.0,1155.0,
2022,KIA,XCEED,HEV,petrol,1,139.0,118.0,1430.0,
2022,KIA,XCEED/GOLD/UVO/1.0 TGDI/MT6/12,ICE,petrol,63,137.0,88.0,1347.0,
2022,KIA,XCEED/GOLD/UVO/1.5 TGDI 48V/DC,HEV,petrol,55,137.0,118.0,1430.0,
2022,KIA,XCEED/GOLD/UVO/1.5 TGDI/MT6/16,ICE,petrol,90,142.0,118.0,1370.0,
2022,KIA,XCEED/GOLD/UVO/1.6 CRDI 48V/DC,HEV,diesel,21,132.0,100.0,1472.0,
2022,KIA,XCEED/GOLD/UVO/1.6 CRDI 48V/IM,HEV,diesel,28,132.0,100.0,1445.0,
2022,KIA,XCEED/GT-LINE/UVO/1.5 TGDI 48V,HEV,petrol,5,139.0,118.0,1430.0,
2022,KIA,XCEED/GT-LINE/UVO/1.6 CRDI 48V,HEV,diesel,1,132.0,100.0,1472.0,
2022,KIA,XCEED/GT-LINE/UVO/1.6 TGDI/DCT,ICE,petrol,1,161.0,150.0,1417.0,
2022,KIA,XCEED/PLATIN/UVO/1.5 TGDI 48V/,HEV,petrol,13,138.0,118.0,1430.0,
2022,KIA,XCEED/PLATIN/UVO/1.5 TGDI/MT6/,ICE,petrol,4,142.0,118.0,1370.0,
2022,KIA,XCEED/PLATIN/UVO/1.6 CRDI 48V/,HEV,diesel,14,134.0,100.0,1470.0,
2022,KIA,XCEED/PLATIN/UVO/1.6 TGDI/DCT7,ICE,petrol,1,161.0,150.0,1417.0,
2022,KIA,XCEED/SILBER/1.0 TGDI/MT6/120,ICE,petrol,259,135.0,88.0,1347.0,
2022,KIA,XCEED/SILBER/1.5 TGDI 48V/DCT7,HEV,petrol,24,136.0,118.0,1430.0,
2022,KIA,XCEED/SILBER/1.5 TGDI/MT6/160,ICE,petrol,144,137.0,118.0,1370.0,
2022,KIA,XCEED/SILBER/1.6 CRDI 48V/DCT7,HEV,diesel,9,134.0,100.0,1472.0,
2022,KIA,XCEED/SILBER/1.6 CRDI 48V/IMT6,HEV,diesel,22,130.0,100.0,1445.0,
2022,KIA,XCEED/TITAN/1.0 TGDI/MT6/120,ICE,petrol,2,135.0,88.0,1347.0,
2022,KIA,XCEED/TITAN/1.6 CRDI 48V/IMT6/,HEV,diesel,1,128.0,100.0,1445.0,
2022,KIA,XCEEDPHEV/GOLD/UVO/1.6 GDI GPF,PHEV,petrol/electric,1,38.0,77.0,1609.0,132.0
2022,KIA,XCEEDPHEV/GOLD/UVO/1.6 GDI/DCT,PHEV,petrol/electric,7,38.0,77.0,1609.0,132.0
2022,KIA,XCEEDPHEV/OE25/1.6 GDI GPF/DCT,PHEV,petrol/electric,3,32.0,77.0,1594.0,123.0
2022,KTM,X-BOW GT DSG,ICE,petrol,2,240.0,220.0,950.0,
2022,KTM,X-BOW GT-XR,ICE,petrol,7,214.0,378.0,1230.0,
2022,KTM,X-BOW R,ICE,petrol,6,190.0,220.0,875.0,
2022,KTM,X-BOW R (220 KW),ICE,petrol,1,,220.0,875.0,
2022,KTM,X-BOW R DSG,ICE,petrol,3,,220.0,875.0,
2022,LAMBORGHINI,AVENTADOR,ICE,petrol,4,442.0,574.0,1765.0,
2022,LAMBORGHINI,HURACAN,ICE,petrol,3,331.0,463.0,1568.0,
2022,LAMBORGHINI,HURACÁN,ICE,petrol,10,333.0,461.0,1608.0,
2022,LAMBORGHINI,URUS,ICE,petrol,18,325.0,478.0,2272.0,
2022,LANCIA,YPSILON,HEV,petrol,1,111.0,52.0,1055.0,
2022,LAND ROVER,DEFENDER,HEV,diesel,1,243.0,147.0,2520.0,
2022,LAND ROVER,DEFENDER,HEV,petrol,2,263.0,294.0,2656.0,
2022,LAND ROVER,DEFENDER 110 D200,HEV,diesel,1,235.0,147.0,2471.0,
2022,LAND ROVER,DEFENDER 110 D200 AWD AUT.,HEV,diesel,1,242.0,147.0,2414.0,
2022,LAND ROVER,DEFENDER 110 D200 S,HEV,diesel,2,238.0,147.0,2414.0,
2022,LAND ROVER,DEFENDER 110 D200 S AWD AUT.,HEV,diesel,2,238.0,147.0,2414.0,
2022,LAND ROVER,DEFENDER 110 D200 SE,HEV,diesel,2,240.0,147.0,2471.0,
2022,LAND ROVER,DEFENDER 110 D200 SE AWD AUT.,HEV,diesel,11,235.0,147.0,2419.0,
2022,LAND ROVER,DEFENDER 110 D200 X-DYNAMIC S,HEV,diesel,11,234.0,147.0,2414.0,
2022,LAND ROVER,DEFENDER 110 D250 HSE,HEV,diesel,1,244.0,183.0,2414.0,
2022,LAND ROVER,DEFENDER 110 D250 S,HEV,diesel,1,233.0,183.0,2414.0,
2022,LAND ROVER,DEFENDER 110 D250 S AWD AUT.,HEV,diesel,4,235.0,183.0,2428.0,
2022,LAND ROVER,DEFENDER 110 D250 SE,HEV,diesel,1,236.0,183.0,2414.0,
2022,LAND ROVER,DEFENDER 110 D250 SE AWD AUT.,HEV,diesel,9,235.0,183.0,2422.0,
2022,LAND ROVER,DEFENDER 110 D250 X-DYNAMIC H,HEV,diesel,1,233.0,183.0,2414.0,
2022,LAND ROVER,DEFENDER 110 D250 X-DYNAMIC S,HEV,diesel,9,234.0,183.0,2420.0,
2022,LAND ROVER,DEFENDER 110 D250 XS EDITION,HEV,diesel,7,238.0,183.0,2414.0,
2022,LAND ROVER,DEFENDER 110 D300 SE AWD AUT.,HEV,diesel,1,237.0,221.0,2414.0,
2022,LAND ROVER,DEFENDER 110 D300 X AWD AUT.,HEV,diesel,3,239.0,221.0,2414.0,
2022,LAND ROVER,DEFENDER 110 D300 X-DYNAMIC H,HEV,diesel,4,235.0,221.0,2414.0,
2022,LAND ROVER,DEFENDER 110 D300 X-DYNAMIC S,HEV,diesel,4,234.0,221.0,2414.0,
2022,LAND ROVER,DEFENDER 110 P400 SE AWD AUT.,HEV,petrol,6,271.0,294.0,2370.0,
2022,LAND ROVER,DEFENDER 110 P400 X AWD AUT.,HEV,petrol,8,267.0,294.0,2385.0,
2022,LAND ROVER,DEFENDER 110 P400 X-DYNAMIC H,HEV,petrol,2,261.0,294.0,2361.0,
2022,LAND ROVER,DEFENDER 110 P400 X-DYNAMIC S,HEV,petrol,1,260.0,294.0,2361.0,
2022,LAND ROVER,DEFENDER 110 P400E,PHEV,petrol/electric,3,76.0,221.0,2600.0,276.0
2022,LAND ROVER,DEFENDER 110 P400E HSE,PHEV,petrol/electric,1,81.0,221.0,2600.0,282.0
2022,LAND ROVER,DEFENDER 110 P400E S,PHEV,petrol/electric,6,77.0,221.0,2603.0,277.0
2022,LAND ROVER,DEFENDER 110 P400E S AWD AUT.,PHEV,petrol/electric,3,66.0,221.0,2608.0,256.0
2022,LAND ROVER,DEFENDER 110 P400E SE,PHEV,petrol/electric,3,80.0,221.0,2600.0,282.0
2022,LAND ROVER,DEFENDER 110 P400E SE AWD AUT.,PHEV,petrol/electric,1,78.0,221.0,2600.0,278.0
2022,LAND ROVER,DEFENDER 110 P400E X,PHEV,petrol/electric,2,80.0,221.0,2600.0,280.0
2022,LAND ROVER,DEFENDER 110 P400E X AWD AUT.,PHEV,petrol/electric,7,75.0,221.0,2603.0,273.0
2022,LAND ROVER,DEFENDER 110 P400E X-DYNAMIC H,PHEV,petrol/electric,8,80.0,221.0,2600.0,281.0
2022,LAND ROVER,DEFENDER 110 P400E X-DYNAMIC S,PHEV,petrol/electric,13,78.0,221.0,2603.0,279.0
2022,LAND ROVER,DEFENDER 110 P400E XS EDITION,PHEV,petrol/electric,1,79.0,221.0,2600.0,280.0
2022,LAND ROVER,DEFENDER 110 P525 5.0 V8 AWD A,ICE,petrol,1,334.0,386.0,2678.0,
2022,LAND ROVER,DEFENDER 110 P525 AWD AUT.,ICE,petrol,5,334.0,386.0,2678.0,
2022,LAND ROVER,DEFENDER 110 P525 CARPATHIAN E,ICE,petrol,1,334.0,386.0,2678.0,
2022,LAND ROVER,DEFENDER 130 D300 FIRST EDITIO,HEV,diesel,4,238.0,221.0,2644.0,
2022,LAND ROVER,DEFENDER 130 D300 X-DYNAMIC HS,HEV,diesel,1,236.0,221.0,2664.0,
2022,LAND ROVER,DEFENDER 130 P400 FIRST EDITIO,HEV,petrol,1,263.0,294.0,2603.0,
2022,LAND ROVER,DEFENDER 90 D200,HEV,diesel,4,229.0,147.0,2303.0,
2022,LAND ROVER,DEFENDER 90 D200 S,HEV,diesel,1,229.0,147.0,2303.0,
2022,LAND ROVER,DEFENDER 90 D200 SE,HEV,diesel,1,233.0,147.0,2303.0,
2022,LAND ROVER,DEFENDER 90 D200 SE AWD AUT.,HEV,diesel,2,232.0,147.0,2303.0,
2022,LAND ROVER,DEFENDER 90 D250 SE AWD AUT.,HEV,diesel,1,240.0,183.0,2303.0,
2022,LAND ROVER,DEFENDER 90 D250 X-DYNAMIC SE,HEV,diesel,2,230.0,183.0,2314.0,
2022,LAND ROVER,DEFENDER 90 D300 X,HEV,diesel,1,236.0,221.0,2303.0,
2022,LAND ROVER,DEFENDER 90 P400 X AWD AUT.,HEV,petrol,1,260.0,294.0,2245.0,
2022,LAND ROVER,DEFENDER 90 P525 AWD AUT.,ICE,petrol,4,330.0,386.0,2546.0,
2022,LAND ROVER,DEFENDER 90 P525 CARPATHIAN ED,ICE,petrol,2,330.0,386.0,2546.0,
2022,LAND ROVER,DISCOVERY D250 AWD,HEV,diesel,4,220.0,183.0,2386.0,
2022,LAND ROVER,DISCOVERY D250 R-DYNAMIC HSE A,HEV,diesel,2,224.0,183.0,2437.0,
2022,LAND ROVER,DISCOVERY D250 R-DYNAMIC SE AW,HEV,diesel,21,221.0,183.0,2412.0,
2022,LAND ROVER,DISCOVERY D250 SE AWD,HEV,diesel,3,222.0,183.0,2403.0,
2022,LAND ROVER,DISCOVERY D250 SE AWD AUT.,HEV,diesel,1,224.0,183.0,2437.0,
2022,LAND ROVER,DISCOVERY D300 R-DYNAMIC HSE A,HEV,diesel,3,225.0,221.0,2437.0,
2022,LAND ROVER,DISCOVERY D300 R-DYNAMIC SE AW,HEV,diesel,5,220.0,221.0,2386.0,
2022,LAND ROVER,DISCOVERY D300 SE AWD,HEV,diesel,2,224.0,221.0,2437.0,
2022,LAND ROVER,DISCOVERY P360 R-DYNAMIC HSE A,HEV,petrol,1,247.0,265.0,2417.0,
2022,LAND ROVER,DISCOVERY P360 SE AWD,HEV,petrol,1,247.0,265.0,2417.0,
2022,LAND ROVER,DISCOVERY SPORT D165 AWD AUT.,HEV,diesel,9,177.0,120.0,1957.0,
2022,LAND ROVER,DISCOVERY SPORT D165 FWD,ICE,diesel,1,166.0,120.0,1844.0,
2022,LAND ROVER,DISCOVERY SPORT D165 R-DYNAMI,HEV,diesel,44,178.0,120.0,1949.0,
2022,LAND ROVER,DISCOVERY SPORT D165 R-DYNAMIC,ICE,diesel,7,170.0,120.0,1844.0,
2022,LAND ROVER,DISCOVERY SPORT D165 S AWD AU,HEV,diesel,10,177.0,120.0,1949.0,
2022,LAND ROVER,DISCOVERY SPORT D165 S AWD AUT,HEV,diesel,4,178.0,120.0,1968.0,
2022,LAND ROVER,DISCOVERY SPORT D165 SE AWD A,HEV,diesel,19,179.0,120.0,1953.0,
2022,LAND ROVER,DISCOVERY SPORT D165 SE AWD AU,HEV,diesel,1,180.0,120.0,1949.0,
2022,LAND ROVER,DISCOVERY SPORT D165 SE FWD,ICE,diesel,2,171.0,120.0,1844.0,
2022,LAND ROVER,DISCOVERY SPORT D165 URBAN ED,HEV,diesel,2,180.0,120.0,1949.0,
2022,LAND ROVER,DISCOVERY SPORT D200 R-DYNAMI,HEV,diesel,14,180.0,150.0,1949.0,
2022,LAND ROVER,DISCOVERY SPORT D200 S AWD AU,HEV,diesel,2,178.0,150.0,1988.0,
2022,LAND ROVER,DISCOVERY SPORT D200 SE AWD AU,HEV,diesel,1,182.0,150.0,2028.0,
2022,LAND ROVER,DISCOVERY SPORT P200 AWD AUT.,HEV,petrol,1,209.0,147.0,1902.0,
2022,LAND ROVER,DISCOVERY SPORT P200 R-DYNAMI,HEV,petrol,23,211.0,147.0,1902.0,
2022,LAND ROVER,DISCOVERY SPORT P200 S AWD AU,HEV,petrol,1,210.0,147.0,1902.0,
2022,LAND ROVER,DISCOVERY SPORT P200 SE AWD A,HEV,petrol,1,214.0,147.0,1902.0,
2022,LAND ROVER,DISCOVERY SPORT P300E AWD AUT,PHEV,petrol/electric,4,44.0,147.0,2168.0,210.0
2022,LAND ROVER,DISCOVERY SPORT P300E R-DYNAM,PHEV,petrol/electric,31,39.0,147.0,2168.0,200.0
2022,LAND ROVER,DISCOVERY SPORT P300E S AWD A,PHEV,petrol/electric,2,44.0,147.0,2168.0,210.0
2022,LAND ROVER,DISCOVERY SPORT P300E SE AWD,PHEV,petrol/electric,7,41.0,147.0,2168.0,203.0
2022,LAND ROVER,RANGE ROVER D250 HSE AWD AUT.,HEV,diesel,1,204.0,183.0,2505.0,
2022,LAND ROVER,RANGE ROVER D300 AUTOBIOGRAPHY,HEV,diesel,2,208.0,221.0,2505.0,
2022,LAND ROVER,RANGE ROVER D300 HSE,HEV,diesel,12,226.0,221.0,2350.0,
2022,LAND ROVER,RANGE ROVER D300 HSE AWD AUT.,HEV,diesel,4,206.0,221.0,2505.0,
2022,LAND ROVER,RANGE ROVER D350 AUTOBIOGRAPHY,HEV,diesel,26,210.0,258.0,2516.0,
2022,LAND ROVER,RANGE ROVER D350 FIRST EDITION,HEV,diesel,8,211.0,258.0,2504.0,
2022,LAND ROVER,RANGE ROVER D350 HSE AWD AUT.,HEV,diesel,6,207.0,258.0,2504.0,
2022,LAND ROVER,RANGE ROVER D350 SE AWD AUT. L,HEV,diesel,1,208.0,258.0,2569.0,
2022,LAND ROVER,RANGE ROVER D350 SV AWD AUT.,HEV,diesel,1,209.0,258.0,2504.0,
2022,LAND ROVER,RANGE ROVER EVOQUE 2.0 D150 AW,HEV,diesel,1,178.0,110.0,1891.0,
2022,LAND ROVER,RANGE ROVER EVOQUE D165 AWD AU,HEV,diesel,8,170.0,120.0,1890.0,
2022,LAND ROVER,RANGE ROVER EVOQUE D165 BRONZ,HEV,diesel,5,174.0,120.0,1890.0,
2022,LAND ROVER,RANGE ROVER EVOQUE D165 FWD,ICE,diesel,1,160.0,120.0,1787.0,
2022,LAND ROVER,RANGE ROVER EVOQUE D165 R-DYN,HEV,diesel,47,173.0,120.0,1890.0,
2022,LAND ROVER,RANGE ROVER EVOQUE D165 R-DYNA,ICE,diesel,3,164.0,120.0,1787.0,
2022,LAND ROVER,RANGE ROVER EVOQUE D165 S AWD,HEV,diesel,8,171.0,120.0,1890.0,
2022,LAND ROVER,RANGE ROVER EVOQUE D165 SE AWD,HEV,diesel,13,172.0,120.0,1890.0,
2022,LAND ROVER,RANGE ROVER EVOQUE D200 AUTOB,HEV,diesel,1,180.0,150.0,1941.0,
2022,LAND ROVER,RANGE ROVER EVOQUE D200 R-DYN,HEV,diesel,21,174.0,150.0,1941.0,
2022,LAND ROVER,RANGE ROVER EVOQUE D200 S AWD,HEV,diesel,4,171.0,150.0,1941.0,
2022,LAND ROVER,RANGE ROVER EVOQUE D200 SE AWD,HEV,diesel,2,173.0,150.0,1941.0,
2022,LAND ROVER,RANGE ROVER EVOQUE P200 R-DYN,HEV,petrol,8,205.0,147.0,1845.0,
2022,LAND ROVER,RANGE ROVER EVOQUE P200 S AWD,HEV,petrol,1,202.0,147.0,1845.0,
2022,LAND ROVER,RANGE ROVER EVOQUE P200 SE AWD,HEV,petrol,2,205.0,147.0,1845.0,
2022,LAND ROVER,RANGE ROVER EVOQUE P300 HST A,HEV,petrol,1,206.0,221.0,1924.0,
2022,LAND ROVER,RANGE ROVER EVOQUE P300E AUTO,PHEV,petrol/electric,4,44.0,147.0,2157.0,210.0
2022,LAND ROVER,RANGE ROVER EVOQUE P300E AWD,PHEV,petrol/electric,3,44.0,147.0,2157.0,210.0
2022,LAND ROVER,RANGE ROVER EVOQUE P300E BRON,PHEV,petrol/electric,1,34.0,147.0,2157.0,189.0
2022,LAND ROVER,RANGE ROVER EVOQUE P300E R-DY,PHEV,petrol/electric,45,39.0,147.0,2157.0,199.0
2022,LAND ROVER,RANGE ROVER EVOQUE P300E S AW,PHEV,petrol/electric,3,44.0,147.0,2157.0,210.0
2022,LAND ROVER,RANGE ROVER EVOQUE P300E SE A,PHEV,petrol/electric,13,42.0,147.0,2157.0,206.0
2022,LAND ROVER,RANGE ROVER P400 (3.0I6) HSE,HEV,petrol,1,246.0,294.0,2342.0,
2022,LAND ROVER,RANGE ROVER P400 HSE,HEV,petrol,7,241.0,294.0,2342.0,
2022,LAND ROVER,RANGE ROVER P400E PHEV WESTMIN,PHEV,petrol/electric,1,78.0,221.0,2577.0,261.0
2022,LAND ROVER,RANGE ROVER P440E HSE AWD AUT.,PHEV,petrol/electric,1,20.0,294.0,2770.0,292.0
2022,LAND ROVER,RANGE ROVER P440E SE AWD AUT.,PHEV,petrol/electric,3,19.0,294.0,2770.0,291.0
2022,LAND ROVER,RANGE ROVER P510E AUTOBIOGRAPH,PHEV,petrol/electric,1,20.0,294.0,2770.0,296.0
2022,LAND ROVER,RANGE ROVER P510E HSE AWD AUT.,PHEV,petrol/electric,2,20.0,294.0,2770.0,292.0
2022,LAND ROVER,RANGE ROVER P510E SV AWD AUT.,PHEV,petrol/electric,2,20.0,294.0,2770.0,297.0
2022,LAND ROVER,RANGE ROVER P525 AUTOBIOGRAPH,ICE,petrol,2,327.0,386.0,2450.0,
2022,LAND ROVER,RANGE ROVER P530 AUTOBIOGRAPHY,ICE,petrol,11,266.0,390.0,2603.0,
2022,LAND ROVER,RANGE ROVER P530 FIRST EDITION,ICE,petrol,5,266.0,390.0,2585.0,
2022,LAND ROVER,RANGE ROVER P565 AUTOBIOGRAPH,ICE,petrol,1,320.0,386.0,2518.0,
2022,LAND ROVER,RANGE ROVER SPORT,HEV,diesel,1,221.0,183.0,2436.0,
2022,LAND ROVER,RANGE ROVER SPORT,PHEV,petrol/electric,1,20.0,294.0,2810.0,292.0
2022,LAND ROVER,RANGE ROVER SPORT 3.0 I6 D300,HEV,diesel,1,233.0,221.0,2278.0,
2022,LAND ROVER,RANGE ROVER SPORT D250 HSE A,HEV,diesel,5,221.0,183.0,2278.0,
2022,LAND ROVER,RANGE ROVER SPORT D250 HSE DY,HEV,diesel,9,225.0,183.0,2278.0,
2022,LAND ROVER,RANGE ROVER SPORT D300 DYNAMIC,HEV,diesel,17,203.0,221.0,2390.0,
2022,LAND ROVER,RANGE ROVER SPORT D300 HSE AWD,HEV,diesel,7,220.0,221.0,2278.0,
2022,LAND ROVER,RANGE ROVER SPORT D300 HSE DYN,HEV,diesel,11,231.0,221.0,2278.0,
2022,LAND ROVER,RANGE ROVER SPORT D350 AUTOBIO,HEV,diesel,1,206.0,258.0,2435.0,
2022,LAND ROVER,RANGE ROVER SPORT D350 FIRST E,HEV,diesel,1,205.0,258.0,2435.0,
2022,LAND ROVER,RANGE ROVER SPORT D350 HST AW,HEV,diesel,1,242.0,258.0,2278.0,
2022,LAND ROVER,RANGE ROVER SPORT P400 MHEV HS,HEV,petrol,1,248.0,294.0,2278.0,
2022,LAND ROVER,RANGE ROVER SPORT P400E PHEV A,PHEV,petrol/electric,1,76.0,221.0,2539.0,259.0
2022,LAND ROVER,RANGE ROVER SPORT P400E PHEV H,PHEV,petrol/electric,42,78.0,221.0,2539.0,261.0
2022,LAND ROVER,RANGE ROVER SPORT P400E PHEV T,PHEV,petrol/electric,6,83.0,221.0,2539.0,266.0
2022,LAND ROVER,RANGE ROVER SPORT P440E DYNAMI,PHEV,petrol/electric,4,18.0,294.0,2735.0,287.0
2022,LAND ROVER,RANGE ROVER SPORT P440E SE AWD,PHEV,petrol/electric,2,19.0,294.0,2735.0,286.0
2022,LAND ROVER,RANGE ROVER SPORT P510E AUTOBI,PHEV,petrol/electric,8,20.0,294.0,2735.0,293.0
2022,LAND ROVER,RANGE ROVER SPORT P575 SVR,ICE,petrol,2,331.0,423.0,2377.0,
2022,LAND ROVER,RANGE ROVER SPORT P575 SVR CA,ICE,petrol,1,331.0,423.0,2377.0,
2022,LAND ROVER,RANGE ROVER VELAR,HEV,diesel,2,188.0,185.0,2106.0,
2022,LAND ROVER,RANGE ROVER VELAR D200 R-DYNA,HEV,diesel,12,173.0,150.0,2003.0,
2022,LAND ROVER,RANGE ROVER VELAR D200 S AWD,HEV,diesel,4,168.0,150.0,2003.0,
2022,LAND ROVER,RANGE ROVER VELAR D200 SE AWD,HEV,diesel,3,170.0,150.0,2003.0,
2022,LAND ROVER,RANGE ROVER VELAR D300 HSE,HEV,diesel,1,202.0,221.0,2124.0,
2022,LAND ROVER,RANGE ROVER VELAR D300 R-DYNA,HEV,diesel,9,203.0,221.0,2124.0,
2022,LAND ROVER,RANGE ROVER VELAR D300 SE AWD,HEV,diesel,1,202.0,221.0,2124.0,
2022,LAND ROVER,RANGE ROVER VELAR P250 LE3 AW,ICE,petrol,1,228.0,184.0,1950.0,
2022,LAND ROVER,RANGE ROVER VELAR P250 R-DYNA,ICE,petrol,49,220.0,184.0,1950.0,
2022,LAND ROVER,RANGE ROVER VELAR P250 R-DYNAM,ICE,petrol,1,219.0,184.0,1950.0,
2022,LAND ROVER,RANGE ROVER VELAR P250 S AWD,ICE,petrol,1,215.0,184.0,1950.0,
2022,LAND ROVER,RANGE ROVER VELAR P400 R-DYNA,HEV,petrol,1,234.0,294.0,2085.0,
2022,LAND ROVER,RANGE ROVER VELAR P400E LIMIT,PHEV,petrol/electric,2,52.0,221.0,2233.0,221.0
2022,LAND ROVER,RANGE ROVER VELAR P400E R-DYN,PHEV,petrol/electric,37,54.0,221.0,2233.0,223.0
2022,LAND ROVER,RANGE ROVER VELAR P400E R-DYNA,PHEV,petrol/electric,1,50.0,221.0,2233.0,227.0
2022,LAND ROVER,RANGE ROVER VELAR P400E S AWD,PHEV,petrol/electric,6,50.0,221.0,2233.0,218.0
2022,LEXUS,ES300H,HEV,petrol,22,123.4,131.0,1755.0,
2022,LEXUS,LC500 CABRIOLET,ICE,petrol,4,275.0,341.0,2110.0,
2022,LEXUS,LC500H,HEV,petrol,2,184.0,220.0,2055.0,
2022,LEXUS,NX300H,HEV,petrol,14,163.6,114.0,1804.0,
2022,LEXUS,NX350H,HEV,petrol,26,139.0,140.0,1858.0,
2022,LEXUS,NX450H+,PHEV,petrol/electric,46,23.0,136.0,2065.0,170.0
2022,LEXUS,RX450H,HEV,petrol,43,178.0,193.0,2175.0,
2022,LEXUS,UX250H,HEV,petrol,63,126.3,112.0,1626.0,
2022,LEXUS,UX250H AWD,HEV,petrol,3,136.0,112.0,1675.0,
2022,LOTUS,ELISE SPORT 240,ICE,petrol,1,177.0,179.0,1006.0,
2022,LOTUS,EMIRA,ICE,petrol,1,258.0,298.0,1568.0,
2022,LOTUS,EXIGE CUP 430,ICE,petrol,2,230.0,317.0,1185.0,
2022,LOTUS,EXIGE SPORT 420,ICE,petrol,5,230.0,313.0,1185.0,
2022,MAN,TGE,ICE,diesel,2,270.0,130.0,2839.0,
2022,MASERATI,GERECALE GT,HEV,petrol,4,200.0,221.0,1961.0,
2022,MASERATI,GHIBLI GT HYBRID,HEV,petrol,1,189.0,243.0,1953.0,
2022,MASERATI,GHIBLI HYBRID,HEV,petrol,2,199.0,243.0,1953.0,
2022,MASERATI,GRECALE GT,HEV,petrol,10,201.0,221.0,1961.0,
2022,MASERATI,GRECALE MODENA,HEV,petrol,3,206.0,243.0,1980.0,
2022,MASERATI,GRECALE TROFEO,ICE,petrol,4,254.0,390.0,2104.0,
2022,MASERATI,LEVANTE GT HYBRID,HEV,petrol,7,230.0,243.0,2165.0,
2022,MASERATI,MC20,ICE,petrol,7,261.0,463.0,1550.0,
2022,MASERATI,QUATTROPORTE MODENA Q4,ICE,petrol,1,260.0,316.0,2055.0,
2022,MAZDA,CX-3/G121/100YEARS,ICE,petrol,2,140.0,89.0,1259.0,
2022,MAZDA,CX-3/G121/AT/REVOLUTION,ICE,petrol,184,160.0,89.0,1270.0,
2022,MAZDA,CX-3/G121/AT/REVOLUTION/,ICE,petrol,3,160.0,89.0,1270.0,
2022,MAZDA,CX-3/G121/LIFE PLUS,ICE,petrol,10,140.0,89.0,1254.0,
2022,MAZDA,CX-3/G121/LIFE PLUS/NAVI,ICE,petrol,1,140.0,89.0,1254.0,
2022,MAZDA,CX-3/G121/REVOLUTION,ICE,petrol,295,140.0,89.0,1259.0,
2022,MAZDA,CX-3/G121/REVOLUTION TOP,ICE,petrol,22,140.0,89.0,1259.0,
2022,MAZDA,CX-3/G121/REVOLUTION/NAV,ICE,petrol,2,140.0,89.0,1259.0,
2022,MAZDA,CX-3/G121/TAKUMI,ICE,petrol,155,140.0,89.0,1254.0,
2022,MAZDA,CX-3/G121/TAKUMI/NAVI,ICE,petrol,6,140.0,89.0,1254.0,
2022,MAZDA,CX-30,HEV,petrol,103,139.7,102.0,1486.0,
2022,MAZDA,CX-30/G122/AT/COMFORT+,HEV,petrol,18,144.0,90.0,1481.0,
2022,MAZDA,CX-30/G122/AT/COMFORT+/S,HEV,petrol,128,144.0,90.0,1481.0,
2022,MAZDA,CX-30/G122/AT/HOMURA,HEV,petrol,88,144.0,90.0,1481.0,
2022,MAZDA,CX-30/G122/COMFORT,HEV,petrol,23,134.0,90.0,1395.0,
2022,MAZDA,CX-30/G122/COMFORT+,HEV,petrol,67,134.0,90.0,1453.0,
2022,MAZDA,CX-30/G122/COMFORT+/SOUN,HEV,petrol,95,134.0,90.0,1453.0,
2022,MAZDA,CX-30/G122/COMFORT+/STYL,HEV,petrol,117,134.0,90.0,1453.0,
2022,MAZDA,CX-30/G122/HOMURA,HEV,petrol,173,134.0,90.0,1453.0,
2022,MAZDA,CX-30/G150/AT/COMFORT+,HEV,petrol,4,144.0,110.0,1481.0,
2022,MAZDA,CX-30/G150/AT/COMFORT+/S,HEV,petrol,56,144.0,110.0,1481.0,
2022,MAZDA,CX-30/G150/AT/HOMURA,HEV,petrol,69,144.0,110.0,1481.0,
2022,MAZDA,CX-30/G150/AWD/AT/COMFOR,HEV,petrol,65,156.0,110.0,1551.0,
2022,MAZDA,CX-30/G150/AWD/COMFORT+,HEV,petrol,16,144.0,110.0,1479.0,
2022,MAZDA,CX-30/G150/AWD/COMFORT+/,HEV,petrol,27,144.0,110.0,1530.0,
2022,MAZDA,CX-30/G150/COMFORT+,HEV,petrol,7,134.0,110.0,1453.0,
2022,MAZDA,CX-30/G150/COMFORT+/SOUN,HEV,petrol,42,134.0,110.0,1453.0,
2022,MAZDA,CX-30/G150/COMFORT+/STYL,HEV,petrol,6,134.0,110.0,1453.0,
2022,MAZDA,CX-30/G150/HOMURA,HEV,petrol,57,134.0,110.0,1453.0,
2022,MAZDA,CX-30/SKYACTIV-D116/AWD/COMFOR,ICE,diesel,1,150.0,85.0,1499.0,
2022,MAZDA,CX-30/SKYACTIV-X180/AWD/AT/100,HEV,petrol,2,160.0,132.0,1546.0,
2022,MAZDA,CX-30/X186/AT/GT+,HEV,petrol,19,138.0,137.0,1530.0,
2022,MAZDA,CX-30/X186/AT/GT+/SOUND,HEV,petrol,10,138.0,137.0,1530.0,
2022,MAZDA,CX-30/X186/AT/GT+/SOUND/,HEV,petrol,25,138.0,137.0,1530.0,
2022,MAZDA,CX-30/X186/AWD/AT/GT+,HEV,petrol,32,148.0,137.0,1546.0,
2022,MAZDA,CX-30/X186/AWD/AT/GT+/SO,HEV,petrol,40,148.0,137.0,1595.0,
2022,MAZDA,CX-30/X186/AWD/AT/GT+SOU,HEV,petrol,3,149.0,137.0,1603.0,
2022,MAZDA,CX-30/X186/AWD/GT+,HEV,petrol,12,136.0,137.0,1528.0,
2022,MAZDA,CX-30/X186/AWD/GT+/SOUND,HEV,petrol,11,137.0,137.0,1584.0,
2022,MAZDA,CX-30/X186/GT+,HEV,petrol,20,128.0,137.0,1507.0,
2022,MAZDA,CX-30/X186/GT+/SOUND,HEV,petrol,10,128.0,137.0,1507.0,
2022,MAZDA,CX-30/X186/GT+/SOUND/PRE,HEV,petrol,5,128.0,137.0,1507.0,
2022,MAZDA,CX-5,ICE,diesel,63,166.0,118.0,1757.0,
2022,MAZDA,CX-5,ICE,petrol,158,165.0,128.0,1599.0,
2022,MAZDA,CX-5/CD150/AMBITION,ICE,diesel,38,147.0,110.0,1666.0,
2022,MAZDA,CX-5/CD150/AMBITION PLUS,ICE,diesel,15,147.0,110.0,1687.0,
2022,MAZDA,CX-5/CD150/AT/AMBITION,ICE,diesel,33,160.0,110.0,1689.0,
2022,MAZDA,CX-5/CD150/AWD/AMBITION,ICE,diesel,18,164.0,110.0,1746.0,
2022,MAZDA,CX-5/CD150/AWD/AT/AMBITI,ICE,diesel,1,173.0,110.0,1758.0,
2022,MAZDA,CX-5/CD150/AWD/AT/HOMURA,ICE,diesel,8,173.0,110.0,1800.0,
2022,MAZDA,CX-5/CD150/AWD/AT/NEWGRO,ICE,diesel,17,173.0,110.0,1800.0,
2022,MAZDA,CX-5/CD150/AWD/AT/REVOLU,ICE,diesel,22,173.0,110.0,1764.0,
2022,MAZDA,CX-5/CD150/AWD/HOMURA,ICE,diesel,1,165.0,110.0,1774.0,
2022,MAZDA,CX-5/CD150/AWD/HOMURA PL,ICE,diesel,6,165.0,110.0,1786.0,
2022,MAZDA,CX-5/CD150/AWD/NEWGROUND,ICE,diesel,9,165.0,110.0,1786.0,
2022,MAZDA,CX-5/CD150/AWD/REVOLUTIO,ICE,diesel,13,164.0,110.0,1750.0,
2022,MAZDA,CX-5/CD150/CHALLENGE PLU,ICE,diesel,2,147.0,110.0,1666.0,
2022,MAZDA,CX-5/CD150/NEWGROUND,ICE,diesel,6,147.0,110.0,1723.0,
2022,MAZDA,CX-5/CD150/REVOLUTION,ICE,diesel,6,147.0,110.0,1723.0,
2022,MAZDA,CX-5/CD150/REVOLUTION-,ICE,diesel,7,147.0,110.0,1687.0,
2022,MAZDA,CX-5/CD184/AWD/AT/HOMURA,ICE,diesel,67,173.0,135.0,1800.0,
2022,MAZDA,CX-5/CD184/AWD/AT/NEWGRO,ICE,diesel,140,173.0,135.0,1801.0,
2022,MAZDA,CX-5/CD184/AWD/AT/REV.TO,ICE,diesel,36,173.0,135.0,1801.0,
2022,MAZDA,CX-5/CD184/AWD/AT/REVOLU,ICE,diesel,9,173.0,135.0,1775.0,
2022,MAZDA,CX-5/CD184/AWD/AT/TAKUMI,ICE,diesel,29,173.0,135.0,1800.0,
2022,MAZDA,CX-5/CD184/AWD/HOMURA,ICE,diesel,1,165.0,135.0,1776.0,
2022,MAZDA,CX-5/G165/AMBITION,ICE,petrol,44,153.0,121.0,1486.0,
2022,MAZDA,CX-5/G165/AMBITION PLUS,ICE,petrol,48,153.0,121.0,1576.0,
2022,MAZDA,CX-5/G165/AT/AMBITION,ICE,petrol,33,164.0,121.0,1554.0,
2022,MAZDA,CX-5/G165/AWD/AMBITION,ICE,petrol,4,171.0,121.0,1599.0,
2022,MAZDA,CX-5/G165/AWD/AMBITION P,ICE,petrol,7,172.0,121.0,1613.0,
2022,MAZDA,CX-5/G165/AWD/AT/AMBITIO,ICE,petrol,1,174.0,121.0,1624.0,
2022,MAZDA,CX-5/G165/AWD/CHALLENGE,ICE,petrol,1,171.0,121.0,1599.0,
2022,MAZDA,CX-5/G165/AWD/EDITION100,ICE,petrol,1,179.0,121.0,1606.0,
2022,MAZDA,CX-5/G165/AWD/HOMURA,ICE,petrol,2,172.0,121.0,1637.0,
2022,MAZDA,CX-5/G165/AWD/HOMURA PLU,ICE,petrol,4,172.0,121.0,1649.0,
2022,MAZDA,CX-5/G165/AWD/NEWGROUND,ICE,petrol,7,172.0,121.0,1649.0,
2022,MAZDA,CX-5/G165/AWD/REVOLUTION,ICE,petrol,7,172.0,121.0,1613.0,
2022,MAZDA,CX-5/G165/CHALLENGE,ICE,petrol,5,154.0,121.0,1486.0,
2022,MAZDA,CX-5/G165/CHALLENGE PLUS,ICE,petrol,15,154.0,121.0,1486.0,
2022,MAZDA,CX-5/G165/EDITION 100,ICE,petrol,1,160.0,121.0,1500.0,
2022,MAZDA,CX-5/G165/EMOTION,ICE,petrol,6,154.0,121.0,1486.0,
2022,MAZDA,CX-5/G165/HOMURA PLUS/SD,ICE,petrol,14,153.0,121.0,1576.0,
2022,MAZDA,CX-5/G165/NEWGROUND,ICE,petrol,14,153.0,121.0,1576.0,
2022,MAZDA,CX-5/G165/REVOLUTION,ICE,petrol,14,153.0,121.0,1576.0,
2022,MAZDA,CX-5/G165/REVOLUTION-,ICE,petrol,9,153.0,121.0,1576.0,
2022,MAZDA,CX-5/G194/AT/HOMURA,ICE,petrol,1,172.0,143.0,1629.0,
2022,MAZDA,CX-5/G194/AWD/AT/100YEAR,ICE,petrol,1,182.0,143.0,1690.0,
2022,MAZDA,CX-5/G194/AWD/AT/HOMURA,ICE,petrol,34,182.0,143.0,1701.0,
2022,MAZDA,CX-5/G194/AWD/AT/NEWGROU,ICE,petrol,20,182.0,143.0,1702.0,
2022,MAZDA,CX-5/G194/AWD/AT/REV.TOP,ICE,petrol,35,182.0,143.0,1697.0,
2022,MAZDA,CX-5/G194/AWD/AT/REVOLUT,ICE,petrol,22,181.0,143.0,1666.0,
2022,MAZDA,CX-5/G194/AWD/AT/TAKUMI,ICE,petrol,33,182.0,143.0,1701.0,
2022,MAZDA,CX-60,PHEV,petrol/electric,184,33.0,141.0,2070.0,230.0
2022,MAZDA,CX-60 2.5L E-SKYACTIV PH,PHEV,petrol/electric,134,33.0,141.0,2070.0,230.0
2022,MAZDA,MAZDA2,HEV,petrol,3,113.0,85.0,1117.0,
2022,MAZDA,MAZDA2,ICE,petrol,178,110.0,60.0,1097.0,
2022,MAZDA,MAZDA2 HYBRID,HEV,petrol,37,89.0,68.0,1198.0,
2022,MAZDA,MAZDA2 HYBRID/AGILE,HEV,petrol,50,87.0,68.0,1190.0,
2022,MAZDA,MAZDA2 HYBRID/AGILE/COMFORT,HEV,petrol,128,87.0,68.0,1200.0,
2022,MAZDA,MAZDA2 HYBRID/AGILE/COMFORT/SA,HEV,petrol,36,87.0,68.0,1200.0,
2022,MAZDA,MAZDA2 HYBRID/PURE,HEV,petrol,20,87.0,68.0,1180.0,
2022,MAZDA,MAZDA2 HYBRID/PURE/PLUS,HEV,petrol,48,87.0,68.0,1190.0,
2022,MAZDA,MAZDA2 HYBRID/SELECT,HEV,petrol,41,92.0,68.0,1200.0,
2022,MAZDA,MAZDA2 HYBRID/SELECT/PANORAMIC,HEV,petrol,17,92.0,68.0,1200.0,
2022,MAZDA,MAZDA2/G115/HOMURA,HEV,petrol,7,113.0,85.0,1117.0,
2022,MAZDA,MAZDA2/G115/HOMURA/NAVI,HEV,petrol,4,113.0,85.0,1117.0,
2022,MAZDA,MAZDA2/G115/REVOLUTION,HEV,petrol,11,113.0,85.0,1117.0,
2022,MAZDA,MAZDA2/G115/REVOLUTION/NAVI,HEV,petrol,2,113.0,85.0,1117.0,
2022,MAZDA,MAZDA2/G75/HOMURA,ICE,petrol,313,109.0,55.0,1096.0,
2022,MAZDA,MAZDA2/G75/HOMURA/NAVI,ICE,petrol,2,109.0,55.0,1096.0,
2022,MAZDA,MAZDA2/G75/LIFE+,ICE,petrol,92,109.0,55.0,1096.0,
2022,MAZDA,MAZDA2/G75/LIFE+/NAVI,ICE,petrol,2,109.0,55.0,1096.0,
2022,MAZDA,MAZDA2/G75/TAKUMI,HEV,petrol,2,120.0,55.0,1100.0,
2022,MAZDA,MAZDA2/G90/AT/HOMURA,ICE,petrol,68,122.0,66.0,1112.0,
2022,MAZDA,MAZDA2/G90/AT/HOMURA/NAVI,ICE,petrol,4,122.0,66.0,1112.0,
2022,MAZDA,MAZDA2/G90/AT/REVOLUTION,ICE,petrol,20,122.0,66.0,1112.0,
2022,MAZDA,MAZDA2/G90/AT/REVOLUTION/NAVI,ICE,petrol,1,122.0,66.0,1112.0,
2022,MAZDA,MAZDA2/G90/HOMURA,ICE,petrol,147,109.0,66.0,1096.0,
2022,MAZDA,MAZDA2/G90/HOMURA/NAVI,ICE,petrol,3,109.0,66.0,1096.0,
2022,MAZDA,MAZDA2/G90/REVOLUTION,ICE,petrol,34,109.0,66.0,1096.0,
2022,MAZDA,MAZDA2/G90/REVOLUTION/NAVI,ICE,petrol,7,109.0,66.0,1096.0,
2022,MAZDA,MAZDA3,HEV,petrol,17,128.0,103.0,1421.0,
2022,MAZDA,MAZDA3 SEDAN/G122/AT/COMFORT+,HEV,petrol,3,139.0,90.0,1437.0,
2022,MAZDA,MAZDA3 SEDAN/G122/AT/COMFORT+/,HEV,petrol,7,139.0,90.0,1428.0,
2022,MAZDA,MAZDA3 SEDAN/G122/COMFORT+,HEV,petrol,11,123.0,90.0,1406.0,
2022,MAZDA,MAZDA3 SEDAN/G122/COMFORT+/SOU,HEV,petrol,12,123.0,90.0,1406.0,
2022,MAZDA,MAZDA3 SEDAN/G122/COMFORT+/STY,HEV,petrol,4,123.0,90.0,1406.0,
2022,MAZDA,MAZDA3 SEDAN/G150/AT/COMFORT+/,HEV,petrol,6,139.0,110.0,1437.0,
2022,MAZDA,MAZDA3 SEDAN/G150/COMFORT+,HEV,petrol,4,124.0,110.0,1406.0,
2022,MAZDA,MAZDA3 SEDAN/G150/COMFORT+/SOU,HEV,petrol,6,124.0,110.0,1406.0,
2022,MAZDA,MAZDA3 SEDAN/X186/AT/GT+,HEV,petrol,2,134.0,137.0,1482.0,
2022,MAZDA,MAZDA3 SEDAN/X186/AT/GT+/SOUND,HEV,petrol,4,135.0,137.0,1510.0,
2022,MAZDA,MAZDA3 SEDAN/X186/GT+,HEV,petrol,3,117.0,137.0,1459.0,
2022,MAZDA,MAZDA3 SEDAN/X186/GT+/SOUND/PR,HEV,petrol,4,117.0,137.0,1459.0,
2022,MAZDA,MAZDA3/G122/AT/COMFORT+,HEV,petrol,12,140.0,90.0,1420.0,
2022,MAZDA,MAZDA3/G122/AT/COMFORT+/SOUND/,HEV,petrol,35,140.0,90.0,1420.0,
2022,MAZDA,MAZDA3/G122/AT/COMFORT+/STYLE,HEV,petrol,8,140.0,90.0,1420.0,
2022,MAZDA,MAZDA3/G122/COMFORT,HEV,petrol,32,124.0,90.0,1380.0,
2022,MAZDA,MAZDA3/G122/COMFORT+,HEV,petrol,39,127.0,90.0,1411.0,
2022,MAZDA,MAZDA3/G122/COMFORT+/SOUND/STY,HEV,petrol,64,127.0,90.0,1411.0,
2022,MAZDA,MAZDA3/G122/COMFORT+/STYLE,HEV,petrol,42,127.0,90.0,1411.0,
2022,MAZDA,MAZDA3/G122/HOMURA,HEV,petrol,206,127.0,90.0,1411.0,
2022,MAZDA,MAZDA3/G150/AT/COMFORT+/SOUND/,HEV,petrol,19,140.0,110.0,1420.0,
2022,MAZDA,MAZDA3/G150/AT/COMFORT+/STYLE,HEV,petrol,4,140.0,110.0,1420.0,
2022,MAZDA,MAZDA3/G150/AT/HOMURA,HEV,petrol,62,140.0,110.0,1420.0,
2022,MAZDA,MAZDA3/G150/COMFORT+,HEV,petrol,4,128.0,110.0,1411.0,
2022,MAZDA,MAZDA3/G150/COMFORT+/SOUND/STY,HEV,petrol,16,128.0,110.0,1411.0,
2022,MAZDA,MAZDA3/G150/COMFORT+/STYLE,HEV,petrol,6,128.0,110.0,1411.0,
2022,MAZDA,MAZDA3/G150/HOMURA,HEV,petrol,75,128.0,110.0,1411.0,
2022,MAZDA,MAZDA3/X186/AT/GT+,HEV,petrol,3,136.0,137.0,1469.0,
2022,MAZDA,MAZDA3/X186/AT/GT+/SOUND/PREMI,HEV,petrol,10,137.0,137.0,1496.0,
2022,MAZDA,MAZDA3/X186/AWD/GT+,HEV,petrol,1,135.0,137.0,1473.0,
2022,MAZDA,MAZDA3/X186/AWD/GT+/SOUND/PREM,HEV,petrol,2,135.0,137.0,1531.0,
2022,MAZDA,MAZDA3/X186/GT+,HEV,petrol,14,120.0,137.0,1451.0,
2022,MAZDA,MAZDA3/X186/GT+/SOUND/PREMIUM/,HEV,petrol,12,121.0,137.0,1477.0,
2022,MAZDA,MAZDA6,ICE,petrol,18,162.0,123.0,1525.0,
2022,MAZDA,MAZDA6/G165/REVOLUTION,ICE,petrol,8,152.0,121.0,1479.0,
2022,MAZDA,MAZDA6/G165/REVOLUTION TOP,ICE,petrol,3,152.0,121.0,1479.0,
2022,MAZDA,MAZDA6/G194/AT/REVOLUTION TOP,ICE,petrol,3,167.0,143.0,1539.0,
2022,MAZDA,MAZDA6/G194/AT/TAKUMI PLUS,ICE,petrol,2,167.0,143.0,1539.0,
2022,MAZDA,MAZDA6/SPC/G145/ATTRACTION,ICE,petrol,8,155.0,107.0,1476.0,
2022,MAZDA,MAZDA6/SPC/G165/AT/REVOLUTION,ICE,petrol,15,163.0,121.0,1531.0,
2022,MAZDA,MAZDA6/SPC/G165/REVOLUTION,ICE,petrol,20,155.0,121.0,1498.0,
2022,MAZDA,MAZDA6/SPC/G165/REVOLUTION TOP,ICE,petrol,4,155.0,121.0,1498.0,
2022,MAZDA,MAZDA6/SPC/G194/AT/HOMURA,ICE,petrol,3,172.0,143.0,1555.0,
2022,MAZDA,MAZDA6/SPC/G194/AT/REVOLUTION,ICE,petrol,14,172.0,143.0,1555.0,
2022,MAZDA,MAZDA6/SPC/G194/AT/TAKUMI PLUS,ICE,petrol,11,172.0,143.0,1555.0,
2022,MAZDA,MX-30,BEV,electric,12,0.0,81.0,1720.0,179.0
2022,MAZDA,MX-30 E-SKYACTIV EV EXCL,BEV,electric,4,0.0,81.0,1720.0,179.0
2022,MAZDA,MX-30 E-SKYACTIV EV MAKO,BEV,electric,12,0.0,81.0,1720.0,179.0
2022,MAZDA,MX-30 E-SKYACTIV EV PRIM,BEV,electric,3,0.0,81.0,1720.0,179.0
2022,MAZDA,MX-30/GTE,BEV,electric,1,0.0,81.0,1720.0,190.0
2022,MAZDA,MX-30/GTE+,BEV,electric,21,0.0,81.0,1720.0,190.0
2022,MAZDA,MX-30/GTE+/PREMIUM-M,BEV,electric,5,0.0,81.0,1720.0,190.0
2022,MAZDA,MX-30/GTE+/PREMIUM-M/TEC,BEV,electric,5,0.0,81.0,1720.0,190.0
2022,MAZDA,MX-30/GTE+/PREMIUM-V,BEV,electric,2,0.0,81.0,1720.0,190.0
2022,MAZDA,MX-30/GTE+/PREMIUM-V/TEC,BEV,electric,14,0.0,81.0,1720.0,190.0
2022,MAZDA,MX-5,ICE,petrol,8,148.0,116.0,1115.0,
2022,MAZDA,MX-5/G132/100YEARS,ICE,petrol,2,142.0,97.0,1071.0,
2022,MAZDA,MX-5/G132/CHALLENGE,ICE,petrol,7,142.0,97.0,1075.0,
2022,MAZDA,MX-5/G132/MODERN,ICE,petrol,12,142.0,97.0,1075.0,
2022,MAZDA,MX-5/G132/REVOLUTION,ICE,petrol,5,142.0,97.0,1075.0,
2022,MAZDA,MX-5/G184/REVOLUTION TOP,ICE,petrol,16,155.0,135.0,1100.0,
2022,MAZDA,MX-5/RF/G132/REVOLUTION,ICE,petrol,9,142.0,97.0,1112.0,
2022,MAZDA,MX-5/RF/G184/100YEARS,ICE,petrol,2,155.0,135.0,1147.0,
2022,MAZDA,MX-5/RF/G184/REVOLUTION,ICE,petrol,7,155.0,135.0,1147.0,
2022,MAZDA,MX-5/RF/G184/VINTAGE,ICE,petrol,13,155.0,135.0,1147.0,
2022,MCLAREN,720S COUPE,ICE,petrol,1,276.0,530.0,1494.0,
2022,MCLAREN,720S SPIDER,ICE,petrol,1,276.0,530.0,1543.0,
2022,MCLAREN,ARTURA,PHEV,petrol/electric,1,104.0,430.0,1573.0,247.0
2022,MCLAREN,GT,ICE,petrol,2,270.0,456.0,1592.0,
2022,MERCEDES,KC-LINE AVANTGARDE MERANO,PHEV,diesel/electric,1,,143.0,2615.0,161.0
2022,MERCEDES BENZ,SPRINTER,ICE,diesel,2,304.0,105.0,2586.0,
2022,MERCEDES-AMG,AMG G 63 4X42,ICE,petrol,4,456.0,430.0,2866.0,
2022,MERCEDES-AMG,AMG GT 43,HEV,petrol,1,213.0,270.0,1990.0,
2022,MERCEDES-AMG,AMG GT 43 4MATIC+,HEV,petrol,9,222.0,270.0,2040.0,
2022,MERCEDES-AMG,AMG GT 53 4MATIC+,HEV,petrol,4,219.0,320.0,2045.0,
2022,MERCEDES-AMG,AMG GT 63 S E PERFORMANCE,PHEV,petrol/electric,9,180.0,470.0,2380.0,347.0
2022,MERCEDES-AMG,AMG GT BLACK SERIES,ICE,petrol,9,292.0,537.0,1615.0,
2022,MERCEDES-AMG,AMG SL 55 4MATIC+,ICE,petrol,9,285.0,350.0,1950.0,
2022,MERCEDES-AMG,AMG SL 63 4MATIC+,ICE,petrol,14,290.0,430.0,1970.0,
2022,MERCEDES-AMG,GT,ICE,petrol,1,289.0,390.0,1665.0,
2022,MERCEDES-AMG,GT C,ICE,petrol,5,290.0,410.0,1735.0,
2022,MERCEDES-AMG,GT R,ICE,petrol,1,289.0,430.0,1650.0,
2022,MERCEDES-BENZ,A 160,ICE,petrol,148,135.0,80.0,1350.0,
2022,MERCEDES-BENZ,A 180,ICE,petrol,175,136.0,100.0,1363.0,
2022,MERCEDES-BENZ,A 180 D,ICE,diesel,499,131.0,85.0,1481.0,
2022,MERCEDES-BENZ,A 200,ICE,petrol,26,139.0,120.0,1376.0,
2022,MERCEDES-BENZ,A 200 4MATIC,ICE,petrol,38,150.0,120.0,1455.0,
2022,MERCEDES-BENZ,A 200 D,ICE,diesel,94,132.0,110.0,1491.0,
2022,MERCEDES-BENZ,A 200 D 4MATIC,ICE,diesel,79,137.0,110.0,1559.0,
2022,MERCEDES-BENZ,A 220 D,ICE,diesel,7,135.0,140.0,1535.0,
2022,MERCEDES-BENZ,A 220 D 4MATIC,ICE,diesel,10,139.0,140.0,1577.0,
2022,MERCEDES-BENZ,A 250,ICE,petrol,4,160.0,165.0,1461.0,
2022,MERCEDES-BENZ,A 250 4MATIC,ICE,petrol,4,167.0,165.0,1518.0,
2022,MERCEDES-BENZ,A 250 E,PHEV,petrol/electric,101,23.0,118.0,1681.0,185.0
2022,MERCEDES-BENZ,AMG A 35,ICE,petrol,11,192.0,225.0,1583.0,
2022,MERCEDES-BENZ,AMG A 45 S,ICE,petrol,13,205.0,310.0,1660.0,
2022,MERCEDES-BENZ,AMG C 43,ICE,petrol,5,229.0,287.0,1777.0,
2022,MERCEDES-BENZ,AMG C 43 4MATIC+,HEV,petrol,3,205.0,300.0,1885.0,
2022,MERCEDES-BENZ,AMG C 63,ICE,petrol,1,250.0,350.0,1810.0,
2022,MERCEDES-BENZ,AMG C 63 S,ICE,petrol,7,251.0,375.0,1854.0,
2022,MERCEDES-BENZ,AMG CLA 35,ICE,petrol,18,192.0,225.0,1633.0,
2022,MERCEDES-BENZ,AMG CLA 45,ICE,petrol,5,199.0,285.0,1690.0,
2022,MERCEDES-BENZ,AMG CLA 45 S,ICE,petrol,11,202.0,310.0,1700.0,
2022,MERCEDES-BENZ,AMG CLS 53 4MATIC,HEV,petrol,7,215.0,320.0,1980.0,
2022,MERCEDES-BENZ,AMG E 53 4MATIC,HEV,petrol,16,216.0,320.0,1999.0,
2022,MERCEDES-BENZ,AMG E 63 S,ICE,petrol,7,282.0,450.0,2065.0,
2022,MERCEDES-BENZ,AMG EQE 43 4MATIC,BEV,electric,46,0.0,135.0,2525.0,217.0
2022,MERCEDES-BENZ,AMG EQE 53 4MATIC+,BEV,electric,3,0.0,185.0,2525.0,222.0
2022,MERCEDES-BENZ,AMG EQS 53 4MATIC+,BEV,electric,11,0.0,185.0,2655.0,230.0
2022,MERCEDES-BENZ,AMG G 63,ICE,petrol,89,367.0,430.0,2578.0,
2022,MERCEDES-BENZ,AMG GLA 35,ICE,petrol,9,201.0,225.0,1680.0,
2022,MERCEDES-BENZ,AMG GLA 45 S,ICE,petrol,5,220.0,310.0,1765.0,
2022,MERCEDES-BENZ,AMG GLB 35,ICE,petrol,22,205.0,225.0,1755.0,
2022,MERCEDES-BENZ,AMG GLC 43 4MATIC,ICE,petrol,9,248.0,287.0,1878.0,
2022,MERCEDES-BENZ,AMG GLC 63 S 4MATIC+,ICE,petrol,2,295.0,375.0,2027.0,
2022,MERCEDES-BENZ,AMG GLE 53 4MATIC+,HEV,petrol,21,246.0,320.0,2305.0,
2022,MERCEDES-BENZ,AMG GLE 53 4MATIC+ COUPE,HEV,petrol,6,245.0,320.0,2325.0,
2022,MERCEDES-BENZ,AMG GLE 63 S 4MATIC+,HEV,petrol,2,282.0,450.0,2420.0,
2022,MERCEDES-BENZ,AMG GLE 63 S 4MATIC+COUPE,HEV,petrol,5,281.0,450.0,2445.0,
2022,MERCEDES-BENZ,AMG GLS 63 4MATIC+,HEV,petrol,9,292.0,450.0,2630.0,
2022,MERCEDES-BENZ,B 160,ICE,petrol,11,138.0,80.0,1385.0,
2022,MERCEDES-BENZ,B 180,ICE,petrol,77,139.0,100.0,1401.0,
2022,MERCEDES-BENZ,B 180 D,ICE,diesel,152,138.0,85.0,1532.0,
2022,MERCEDES-BENZ,B 200,ICE,petrol,19,142.0,120.0,1408.0,
2022,MERCEDES-BENZ,B 200 4MATIC,ICE,petrol,19,155.0,120.0,1495.0,
2022,MERCEDES-BENZ,B 200 D,ICE,diesel,68,133.0,110.0,1533.0,
2022,MERCEDES-BENZ,B 220 D,ICE,diesel,2,136.0,140.0,1570.0,
2022,MERCEDES-BENZ,B 220 D 4MATIC,ICE,diesel,17,142.0,139.0,1622.0,
2022,MERCEDES-BENZ,B 250 4MATIC,ICE,petrol,1,175.0,165.0,1555.0,
2022,MERCEDES-BENZ,B 250 E,PHEV,petrol/electric,22,25.0,118.0,1723.0,189.0
2022,MERCEDES-BENZ,C 180,HEV,petrol,52,147.0,125.0,1628.0,
2022,MERCEDES-BENZ,C 180,ICE,petrol,4,174.0,115.0,1656.0,
2022,MERCEDES-BENZ,C 180 D,ICE,diesel,1,133.0,90.0,1605.0,
2022,MERCEDES-BENZ,C 200,HEV,petrol,60,151.0,149.0,1679.0,
2022,MERCEDES-BENZ,C 200 4MATIC,HEV,petrol,70,158.0,149.0,1733.0,
2022,MERCEDES-BENZ,C 200 4MATIC ALL-TERRAIN,HEV,petrol,29,160.0,150.0,1795.0,
2022,MERCEDES-BENZ,C 200 D,HEV,diesel,300,126.0,120.0,1768.0,
2022,MERCEDES-BENZ,C 220 D,HEV,diesel,282,128.0,147.0,1775.0,
2022,MERCEDES-BENZ,C 220 D,ICE,diesel,2,152.0,143.0,1785.0,
2022,MERCEDES-BENZ,C 220 D 4MATIC,HEV,diesel,324,133.0,147.0,1828.0,
2022,MERCEDES-BENZ,C 220 D 4MATIC,ICE,diesel,17,152.0,143.0,1735.0,
2022,MERCEDES-BENZ,C 220D 4MATIC ALL-TERRAIN,HEV,diesel,38,133.0,147.0,1875.0,
2022,MERCEDES-BENZ,C 300,HEV,petrol,9,154.0,190.0,1675.0,
2022,MERCEDES-BENZ,C 300 4MATIC,HEV,petrol,15,172.0,190.0,1766.0,
2022,MERCEDES-BENZ,C 300 D,HEV,diesel,41,139.0,195.0,1814.0,
2022,MERCEDES-BENZ,C 300 D 4MATIC,HEV,diesel,6,140.0,195.0,1825.0,
2022,MERCEDES-BENZ,C 300 D 4MATIC,ICE,diesel,1,164.0,180.0,1735.0,
2022,MERCEDES-BENZ,C 300 DE,PHEV,diesel/electric,3,33.0,143.0,1955.0,218.0
2022,MERCEDES-BENZ,C 300 E,PHEV,petrol/electric,63,13.0,150.0,2102.0,207.0
2022,MERCEDES-BENZ,C 400 4MATIC,ICE,petrol,1,199.0,245.0,1650.0,
2022,MERCEDES-BENZ,CITAN,ICE,diesel,165,145.0,80.0,1660.0,
2022,MERCEDES-BENZ,CITAN,ICE,petrol,13,154.0,86.0,1556.0,
2022,MERCEDES-BENZ,CLA 180,ICE,petrol,68,139.0,100.0,1428.0,
2022,MERCEDES-BENZ,CLA 180 D,ICE,diesel,186,137.0,85.0,1578.0,
2022,MERCEDES-BENZ,CLA 200,ICE,petrol,30,140.0,120.0,1441.0,
2022,MERCEDES-BENZ,CLA 200 4MATIC,ICE,petrol,16,151.0,120.0,1500.0,
2022,MERCEDES-BENZ,CLA 200 D,ICE,diesel,292,133.0,110.0,1572.0,
2022,MERCEDES-BENZ,CLA 200 D 4MATIC,ICE,diesel,140,138.0,110.0,1633.0,
2022,MERCEDES-BENZ,CLA 220 D,ICE,diesel,26,136.0,140.0,1573.0,
2022,MERCEDES-BENZ,CLA 220 D 4MATIC,ICE,diesel,32,140.0,140.0,1628.0,
2022,MERCEDES-BENZ,CLA 250,ICE,petrol,12,155.0,165.0,1490.0,
2022,MERCEDES-BENZ,CLA 250 4MATIC,ICE,petrol,17,164.0,165.0,1564.0,
2022,MERCEDES-BENZ,CLA 250 E,PHEV,petrol/electric,84,24.0,118.0,1735.0,186.0
2022,MERCEDES-BENZ,CLS 300 D 4MATIC,HEV,diesel,7,164.0,195.0,1905.0,
2022,MERCEDES-BENZ,CLS 400 D 4MATIC,ICE,diesel,21,188.0,243.0,1935.0,
2022,MERCEDES-BENZ,CLS 450 4MATIC,HEV,petrol,6,203.0,270.0,1925.0,
2022,MERCEDES-BENZ,E 200,HEV,petrol,10,174.0,145.0,1746.0,
2022,MERCEDES-BENZ,E 200 4MATIC,HEV,petrol,15,179.0,145.0,1829.0,
2022,MERCEDES-BENZ,E 200 D,ICE,diesel,95,134.0,118.0,1778.0,
2022,MERCEDES-BENZ,E 220 D,HEV,diesel,36,132.0,147.0,1856.0,
2022,MERCEDES-BENZ,E 220 D,ICE,diesel,16,146.0,143.0,1800.0,
2022,MERCEDES-BENZ,E 220 D 4MATIC,HEV,diesel,160,145.0,147.0,1964.0,
2022,MERCEDES-BENZ,E 220 D 4MATIC,ICE,diesel,102,155.0,143.0,1870.0,
2022,MERCEDES-BENZ,E 220 D 4MATIC ALLTERRAIN,HEV,diesel,12,155.0,147.0,2040.0,
2022,MERCEDES-BENZ,E 220 D 4MATIC ALLTERRAIN,ICE,diesel,1,173.0,143.0,1965.0,
2022,MERCEDES-BENZ,E 300,HEV,petrol,4,173.0,190.0,1782.0,
2022,MERCEDES-BENZ,E 300 D 4MATIC,HEV,diesel,23,160.0,195.0,1981.0,
2022,MERCEDES-BENZ,E 300 DE,PHEV,diesel/electric,12,35.0,143.0,2116.0,206.0
2022,MERCEDES-BENZ,E 300 DE 4MATIC,PHEV,diesel/electric,76,37.0,143.0,2199.0,227.0
2022,MERCEDES-BENZ,E 300 E,PHEV,diesel/electric,1,,143.0,2685.0,
2022,MERCEDES-BENZ,E 300 E,PHEV,petrol/electric,7,68.0,155.0,2133.0,203.0
2022,MERCEDES-BENZ,E 300 E 4MATIC,PHEV,petrol/electric,8,40.0,155.0,2065.0,212.0
2022,MERCEDES-BENZ,E 350,HEV,petrol,2,179.0,220.0,1790.0,
2022,MERCEDES-BENZ,E 400 D 4 MATIC,ICE,diesel,33,184.0,243.0,1974.0,
2022,MERCEDES-BENZ,E 400 D 4MATIC,ICE,diesel,5,189.0,243.0,1993.0,
2022,MERCEDES-BENZ,E 400 D 4MATIC ALLTERRAIN,ICE,diesel,4,196.0,243.0,2060.0,
2022,MERCEDES-BENZ,E 450 4MATIC,HEV,petrol,15,201.0,270.0,1989.0,
2022,MERCEDES-BENZ,E 450 4MATIC ALLTERRAIN,HEV,petrol,2,204.0,270.0,2065.0,
2022,MERCEDES-BENZ,EQA 250,BEV,electric,212,0.0,90.0,2040.0,173.0
2022,MERCEDES-BENZ,EQA 250+,BEV,electric,20,0.0,95.0,2053.0,150.0
2022,MERCEDES-BENZ,EQA 300 4MATIC,BEV,electric,85,0.0,139.0,2105.0,178.0
2022,MERCEDES-BENZ,EQA 350 4MATIC,BEV,electric,36,0.0,139.0,2105.0,179.0
2022,MERCEDES-BENZ,EQB 250,BEV,electric,17,0.0,111.0,2110.0,167.0
2022,MERCEDES-BENZ,EQB 300 4MATIC,BEV,electric,122,0.0,139.0,2175.0,184.0
2022,MERCEDES-BENZ,EQB 350 4MATIC,BEV,electric,48,0.0,139.0,2175.0,187.0
2022,MERCEDES-BENZ,EQC 400 4MATIC,BEV,electric,512,0.0,145.0,2495.0,225.0
2022,MERCEDES-BENZ,EQE 300,BEV,electric,16,0.0,109.0,2385.0,165.0
2022,MERCEDES-BENZ,EQE 350,BEV,electric,7,0.0,109.0,2385.0,168.0
2022,MERCEDES-BENZ,EQE 350 4MATIC,BEV,electric,5,0.0,135.0,2465.0,182.0
2022,MERCEDES-BENZ,EQE 350+,BEV,electric,71,0.0,109.0,2355.0,170.0
2022,MERCEDES-BENZ,EQE 500 4MATIC,BEV,electric,2,0.0,135.0,2475.0,183.0
2022,MERCEDES-BENZ,EQS 450 4MATIC,BEV,electric,5,0.0,135.0,2615.0,189.0
2022,MERCEDES-BENZ,EQS 450+,BEV,electric,23,0.0,109.0,2480.0,171.0
2022,MERCEDES-BENZ,EQS 580 4MATIC,BEV,electric,59,0.0,135.0,2597.0,193.0
2022,MERCEDES-BENZ,EQV,BEV,electric,115,0.0,70.0,2636.0,290.0
2022,MERCEDES-BENZ,EVITO TOURER,BEV,electric,64,0.0,70.0,2531.0,282.0
2022,MERCEDES-BENZ,G 350 D,ICE,diesel,26,290.0,210.0,2508.0,
2022,MERCEDES-BENZ,G 400 D,ICE,diesel,61,290.0,243.0,2508.0,
2022,MERCEDES-BENZ,G 400D,ICE,diesel,1,309.0,243.0,2515.0,
2022,MERCEDES-BENZ,G 500,ICE,petrol,27,338.0,312.0,2496.0,
2022,MERCEDES-BENZ,G 63 AMG,ICE,petrol,2,373.0,430.0,2710.0,
2022,MERCEDES-BENZ,GLA 180,ICE,petrol,61,152.0,100.0,1480.0,
2022,MERCEDES-BENZ,GLA 180 D,ICE,diesel,87,141.0,85.0,1615.0,
2022,MERCEDES-BENZ,GLA 200,ICE,petrol,44,153.0,120.0,1485.0,
2022,MERCEDES-BENZ,GLA 200 4MATIC,ICE,petrol,40,166.0,120.0,1555.0,
2022,MERCEDES-BENZ,GLA 200 D,ICE,diesel,111,141.0,110.0,1615.0,
2022,MERCEDES-BENZ,GLA 200 D 4MATIC,ICE,diesel,302,148.0,110.0,1670.0,
2022,MERCEDES-BENZ,GLA 220 D,ICE,diesel,7,145.0,140.0,1616.0,
2022,MERCEDES-BENZ,GLA 220 D 4MATIC,ICE,diesel,56,151.0,140.0,1670.0,
2022,MERCEDES-BENZ,GLA 250,ICE,petrol,1,173.0,165.0,1540.0,
2022,MERCEDES-BENZ,GLA 250 4MATIC,ICE,petrol,19,177.0,165.0,1600.0,
2022,MERCEDES-BENZ,GLA 250 E,PHEV,petrol/electric,126,31.0,118.0,1773.0,207.0
2022,MERCEDES-BENZ,GLB 180,ICE,petrol,16,159.0,100.0,1550.0,
2022,MERCEDES-BENZ,GLB 180 D,ICE,diesel,51,145.0,85.0,1680.0,
2022,MERCEDES-BENZ,GLB 200,ICE,petrol,16,160.0,120.0,1555.0,
2022,MERCEDES-BENZ,GLB 200 4MATIC,ICE,petrol,34,173.0,120.0,1625.0,
2022,MERCEDES-BENZ,GLB 200 D,ICE,diesel,97,146.0,110.0,1680.0,
2022,MERCEDES-BENZ,GLB 200 D 4MATIC,ICE,diesel,282,152.0,110.0,1735.0,
2022,MERCEDES-BENZ,GLB 220 D,ICE,diesel,9,149.0,140.0,1685.0,
2022,MERCEDES-BENZ,GLB 220 D 4MATIC,ICE,diesel,59,156.0,140.0,1735.0,
2022,MERCEDES-BENZ,GLB 250,ICE,petrol,1,178.0,165.0,1610.0,
2022,MERCEDES-BENZ,GLB 250 4MATIC,ICE,petrol,24,184.0,165.0,1670.0,
2022,MERCEDES-BENZ,GLC 200 4MATIC,HEV,petrol,51,188.0,145.0,1832.0,
2022,MERCEDES-BENZ,GLC 200 D,ICE,diesel,8,158.0,120.0,1800.0,
2022,MERCEDES-BENZ,GLC 200 D 4MATIC,ICE,diesel,230,165.0,120.0,1838.0,
2022,MERCEDES-BENZ,GLC 220 D 4MATIC,HEV,diesel,107,140.0,145.0,2000.0,
2022,MERCEDES-BENZ,GLC 220 D 4MATIC,ICE,diesel,365,167.0,143.0,1838.0,
2022,MERCEDES-BENZ,GLC 300 4MATIC,HEV,petrol,15,195.0,190.0,1822.0,
2022,MERCEDES-BENZ,GLC 300 D 4MATIC,ICE,diesel,70,179.0,180.0,1865.0,
2022,MERCEDES-BENZ,GLC 300 DE 4MATIC,PHEV,diesel/electric,300,50.0,143.0,2124.0,256.0
2022,MERCEDES-BENZ,GLC 300 E 4MATIC,PHEV,petrol/electric,88,52.0,154.0,2041.0,254.0
2022,MERCEDES-BENZ,GLC 400 D 4MATIC,ICE,diesel,33,194.0,243.0,1925.0,
2022,MERCEDES-BENZ,GLC 400 E 4MATIC,PHEV,petrol/electric,3,12.0,185.0,2355.0,220.0
2022,MERCEDES-BENZ,GLE 300 D 4MATIC,HEV,diesel,121,181.0,200.0,2280.0,
2022,MERCEDES-BENZ,GLE 300 D 4MATIC,ICE,diesel,4,200.0,180.0,2165.0,
2022,MERCEDES-BENZ,GLE 300 D 4MATIC COUPE,HEV,diesel,20,182.0,200.0,2320.0,
2022,MERCEDES-BENZ,GLE 350 D 4MATIC,ICE,diesel,7,210.0,200.0,2235.0,
2022,MERCEDES-BENZ,GLE 350 D 4MATIC COUPE,ICE,diesel,3,215.0,200.0,2290.0,
2022,MERCEDES-BENZ,GLE 350 DE 4MATIC,PHEV,diesel/electric,281,22.0,143.0,2655.0,287.0
2022,MERCEDES-BENZ,GLE 350 DE 4MATIC COUPE,PHEV,diesel/electric,129,23.0,143.0,2690.0,291.0
2022,MERCEDES-BENZ,GLE 350 E 4MATIC,PHEV,petrol/electric,58,24.0,155.0,2605.0,291.0
2022,MERCEDES-BENZ,GLE 350 E 4MATIC COUPE,PHEV,petrol/electric,61,27.0,155.0,2625.0,307.0
2022,MERCEDES-BENZ,GLE 400 D 4MATIC,ICE,diesel,192,213.0,243.0,2279.0,
2022,MERCEDES-BENZ,GLE 400 D 4MATIC COUPE,ICE,diesel,109,216.0,243.0,2309.0,
2022,MERCEDES-BENZ,GLE 450 4MATIC,HEV,petrol,21,223.0,270.0,2220.0,
2022,MERCEDES-BENZ,GLE 580 4MATIC,HEV,petrol,7,256.0,360.0,2345.0,
2022,MERCEDES-BENZ,GLS 350 D 4MATIC,ICE,diesel,4,227.0,210.0,2500.0,
2022,MERCEDES-BENZ,GLS 400 D 4MATIC,ICE,diesel,29,223.0,243.0,2505.0,
2022,MERCEDES-BENZ,GLS 450 4MATIC,HEV,petrol,15,242.0,270.0,2460.0,
2022,MERCEDES-BENZ,GLS 580 4MATIC,HEV,petrol,3,283.0,360.0,2545.0,
2022,MERCEDES-BENZ,GLS 600 4MATIC MAYBACH,HEV,petrol,10,301.0,410.0,2785.0,
2022,MERCEDES-BENZ,MARCO POLO,ICE,diesel,75,219.0,135.0,2356.0,
2022,MERCEDES-BENZ,S 350 D,ICE,diesel,6,176.0,210.0,2036.0,
2022,MERCEDES-BENZ,S 350 D 4MATIC,ICE,diesel,23,184.0,210.0,2077.0,
2022,MERCEDES-BENZ,S 400 D 4MATIC,ICE,diesel,34,186.0,243.0,2072.0,
2022,MERCEDES-BENZ,S 450 4MATIC,HEV,petrol,8,194.0,270.0,2008.0,
2022,MERCEDES-BENZ,S 500 4MATIC,HEV,petrol,13,195.0,320.0,2045.0,
2022,MERCEDES-BENZ,S 580 4MATIC,HEV,petrol,18,240.0,370.0,2106.0,
2022,MERCEDES-BENZ,S 580 E,PHEV,petrol/electric,7,17.0,270.0,2397.0,245.0
2022,MERCEDES-BENZ,S 580 E 4MATIC,PHEV,petrol/electric,26,16.0,270.0,2430.0,236.0
2022,MERCEDES-BENZ,S 580 MAYBACH,HEV,petrol,3,240.0,370.0,2275.0,
2022,MERCEDES-BENZ,S 680 MAYBACH,ICE,petrol,3,318.0,450.0,2330.0,
2022,MERCEDES-BENZ,SPRINTER,ICE,diesel,73,291.0,120.0,2580.0,
2022,MERCEDES-BENZ,V-KLASSE,ICE,diesel,331,211.0,153.0,2197.0,
2022,MERCEDES-BENZ,VITO,ICE,diesel,1,212.0,120.0,2129.0,
2022,MERCEDES-BENZ,VITO TOURER,ICE,diesel,390,199.0,115.0,2074.0,
2022,MG,EHS PLUG-IN HYBRID,PHEV,petrol/electric,190,43.0,119.0,1844.0,240.0
2022,MG,EHS PLUG-IN HYBRID (RX6),PHEV,petrol/electric,41,43.0,119.0,1850.0,240.0
2022,MG,MARVEL R ELECTRIC,BEV,electric,372,0.0,92.0,1960.0,204.0
2022,MG,MG4 ELECTRIC,BEV,electric,71,0.0,58.0,1740.0,168.0
2022,MG,MG5 ELECTRIC,BEV,electric,168,0.0,73.0,1637.0,180.0
2022,MG,ZS,ICE,petrol,102,149.0,78.0,1315.0,
2022,MG,ZS EV,BEV,electric,319,0.0,73.0,1681.0,177.0
2022,MINI,COOPER ALL4 COUNTRYMAN F6,ICE,petrol,29,161.0,100.0,1580.0,
2022,MINI,COOPER CLUBMAN F54 B38,ICE,petrol,42,138.0,100.0,1430.0,
2022,MINI,COOPER COUNTRYMAN F60 B38,ICE,petrol,125,147.0,100.0,1501.0,
2022,MINI,COOPER D ALL4 COUNTRYMAN,ICE,diesel,29,144.0,110.0,1645.0,
2022,MINI,COOPER D CLUBMAN F54 B47,ICE,diesel,5,131.0,110.0,1524.0,
2022,MINI,COOPER D COUNTRYMAN F60 B,ICE,diesel,38,135.0,110.0,1581.0,
2022,MINI,COOPER F55 B38,ICE,petrol,147,129.0,100.0,1300.0,
2022,MINI,COOPER F56 B38,ICE,petrol,177,127.0,100.0,1243.0,
2022,MINI,COOPER F57 B38,ICE,petrol,154,137.0,100.0,1356.0,
2022,MINI,COOPER S ALL4 CLUBMAN F54,ICE,petrol,20,159.0,131.0,1575.0,
2022,MINI,COOPER S ALL4 COUNTRYMAN,ICE,petrol,64,162.0,131.0,1645.0,
2022,MINI,COOPER S CLUBMAN F54 B48,ICE,petrol,16,149.0,131.0,1487.0,
2022,MINI,COOPER S COUNTRYMAN F60 B,ICE,petrol,4,148.0,131.0,1555.0,
2022,MINI,COOPER S F55 B48,ICE,petrol,61,139.0,131.0,1354.0,
2022,MINI,COOPER S F56 B48,ICE,petrol,95,137.0,131.0,1298.0,
2022,MINI,COOPER S F57 B48,ICE,petrol,98,144.0,131.0,1398.0,
2022,MINI,COOPER SD ALL4 CLUBMAN F5,ICE,diesel,4,145.0,140.0,1615.0,
2022,MINI,COOPER SD ALL4 COUNTRYMAN,ICE,diesel,18,144.0,140.0,1675.0,
2022,MINI,COOPER SD CLUBMAN F54 B47,ICE,diesel,1,131.0,140.0,1560.0,
2022,MINI,COOPER SD COUNTRYMAN F60,ICE,diesel,1,137.0,140.0,1610.0,
2022,MINI,COOPER SE ALL4 COUNTRYMAN,PHEV,petrol/electric,165,41.0,92.0,1790.0,151.0
2022,MINI,COOPER SE BEV F56 IB1,BEV,electric,509,0.0,75.0,1440.0,155.0
2022,MINI,JCW ALL4 COUNTRYMAN F60 B,ICE,petrol,24,182.0,225.0,1680.0,
2022,MINI,JOHN COOPER WORKS ALL4 F5,ICE,petrol,25,172.0,225.0,1630.0,
2022,MINI,JOHN COOPER WORKS F56 B48,ICE,petrol,74,153.0,170.0,1346.0,
2022,MINI,JOHN COOPER WORKS F57 B48,ICE,petrol,86,158.0,170.0,1447.0,
2022,MINI,ONE CLUBMAN F54 B38,ICE,petrol,3,138.0,75.0,1415.0,
2022,MINI,ONE COUNTRYMAN F60 B38,ICE,petrol,5,141.0,75.0,1471.0,
2022,MINI,ONE D CLUBMAN F54 B37,ICE,diesel,1,125.0,85.0,1475.0,
2022,MINI,ONE D COUNTRYMAN F60 B37,ICE,diesel,2,130.0,85.0,1515.0,
2022,MINI,ONE F55 B38,ICE,petrol,66,126.0,75.0,1294.0,
2022,MINI,ONE F56 B38,ICE,petrol,91,125.0,75.0,1240.0,
2022,MINI,ONE F57 B38,ICE,petrol,21,133.0,75.0,1340.0,
2022,MINI,ONE FIRST HATCH F56 B38,ICE,petrol,1,123.0,55.0,1230.0,
2022,MINI,ONE HATCH RHD F56,ICE,petrol,1,126.0,75.0,1255.0,
2022,MITSUBISHI,ECLIPSE CROSS,PHEV,petrol/electric,519,46.0,72.0,1975.0,182.0
2022,MITSUBISHI,SPACE STAR,ICE,petrol,1,125.0,52.0,985.0,
2022,MITSUBISHI,SPACE STAR 1.2 AS&G,ICE,petrol,1193,113.0,52.0,949.0,
2022,MITSUBISHI,SPACE STAR 1.2 CVT AS&G,ICE,petrol,147,125.0,52.0,985.0,
2022,MORGAN,PLUS FOUR,ICE,petrol,3,161.0,190.0,1116.0,
2022,NILSSON,3-DOOR V90 HEARSE,HEV,diesel,1,157.0,145.0,2450.0,
2022,NISSAN,ARIYA,BEV,electric,30,0.0,45.0,2121.0,174.0
2022,NISSAN,E-NV200,BEV,electric,10,0.0,80.0,1688.0,259.0
2022,NISSAN,JUKE,HEV,petrol,32,115.0,69.0,1400.0,
2022,NISSAN,JUKE,ICE,petrol,222,136.0,84.0,1272.0,
2022,NISSAN,LEAF 40KWH,BEV,electric,27,0.0,90.0,1580.0,171.0
2022,NISSAN,LEAF 62KWH,BEV,electric,49,0.0,90.0,1756.0,181.0
2022,NISSAN,LEAF S PLUS,BEV,electric,1,0.0,160.0,1825.0,185.0
2022,NISSAN,MICRA,ICE,petrol,326,123.0,68.0,1121.0,
2022,NISSAN,NV300,ICE,diesel,1,190.0,110.0,2076.0,
2022,NISSAN,PRIMASTAR,ICE,diesel,10,189.6,110.0,2064.0,
2022,NISSAN,QASHQAI,HEV,petrol,1072,145.0,111.0,1464.0,
2022,NISSAN,TOWNSTAR,ICE,petrol,93,153.0,96.0,1550.0,
2022,NISSAN,X-TRAIL,HEV,petrol,62,146.0,116.0,1928.0,
2022,OPEL,ASTRA,ICE,diesel,66,117.0,96.0,1433.0,
2022,OPEL,ASTRA,ICE,petrol,180,125.0,89.0,1348.0,
2022,OPEL,ASTRA,PHEV,petrol/electric,156,24.0,110.0,1678.0,149.0
2022,OPEL,ASTRA SPORTS TOURER,ICE,diesel,8,115.0,86.0,1395.0,
2022,OPEL,ASTRA SPORTS TOURER,ICE,petrol,35,121.0,81.0,1355.0,
2022,OPEL,ASTRA SPORTS TOURER+,ICE,diesel,88,121.0,82.0,1422.0,
2022,OPEL,ASTRA SPORTS TOURER+,ICE,petrol,316,120.0,84.0,1355.0,
2022,OPEL,ASTRA+,ICE,diesel,1,135.0,90.0,1395.0,
2022,OPEL,ASTRA+,ICE,petrol,3,119.0,89.0,1280.0,
2022,OPEL,COMBO LIFE,ICE,diesel,78,138.0,86.0,1549.0,
2022,OPEL,COMBO LIFE,ICE,petrol,36,151.0,89.0,1501.0,
2022,OPEL,COMBO-E LIFE,BEV,electric,36,0.0,57.0,1783.0,200.0
2022,OPEL,CORSA,ICE,diesel,80,106.0,75.0,1165.0,
2022,OPEL,CORSA,BEV,electric,237,0.0,57.0,1530.0,157.0
2022,OPEL,CORSA,ICE,petrol,1030,117.0,59.0,1076.0,
2022,OPEL,CORSA RALLY 4,ICE,petrol,1,,153.0,1155.0,
2022,OPEL,CROSSLAND,ICE,diesel,95,121.0,81.0,1288.0,
2022,OPEL,CROSSLAND,ICE,petrol,471,132.0,82.0,1250.0,
2022,OPEL,GRANDLAND,ICE,diesel,297,135.0,96.0,1523.0,
2022,OPEL,GRANDLAND,ICE,petrol,221,143.0,96.0,1444.0,
2022,OPEL,GRANDLAND,PHEV,petrol/electric,156,30.0,142.0,1852.0,153.0
2022,OPEL,GRANDLAND X,ICE,diesel,3,136.0,96.0,1495.0,
2022,OPEL,GRANDLAND X,ICE,petrol,5,140.0,96.0,1395.0,
2022,OPEL,GRANDLAND X,PHEV,petrol/electric,10,30.0,147.0,1875.0,153.0
2022,OPEL,INSIGNIA GRAND SPORT,ICE,diesel,46,127.0,122.0,1600.0,
2022,OPEL,INSIGNIA GRAND SPORT,ICE,petrol,7,180.0,156.0,1667.0,
2022,OPEL,INSIGNIA SPORTS TOUR,ICE,diesel,6,132.0,128.0,1614.0,
2022,OPEL,INSIGNIA SPORTS TOURER,ICE,diesel,84,134.0,113.0,1628.0,
2022,OPEL,INSIGNIA SPORTS TOURER,ICE,petrol,6,186.0,158.0,1694.0,
2022,OPEL,MOKKA,ICE,diesel,91,117.0,81.0,1295.0,
2022,OPEL,MOKKA,BEV,electric,389,0.0,57.0,1598.0,160.0
2022,OPEL,MOKKA,ICE,petrol,798,128.0,84.0,1280.0,
2022,OPEL,VIVARO,ICE,diesel,1,167.0,88.0,1734.0,
2022,OPEL,VIVARO,BEV,electric,5,0.0,57.0,2149.0,269.0
2022,OPEL,VIVARO / ZAFIRA LIFE,ICE,diesel,154,179.0,103.0,1827.0,
2022,OPEL,VIVARO / ZAFIRA LIFE,BEV,electric,47,0.0,57.0,2145.0,269.0
2022,OPEL,ZAFIRA LIFE,ICE,diesel,5,190.0,125.0,1955.0,
2022,OPEL,ZAFIRA LIFE,BEV,electric,5,0.0,57.0,2149.0,268.0
2022,PEUGEOT,108,ICE,petrol,49,110.0,53.0,917.0,
2022,PEUGEOT,2008,ICE,diesel,366,120.0,87.0,1306.0,
2022,PEUGEOT,2008,BEV,electric,311,0.0,57.0,1623.0,162.0
2022,PEUGEOT,2008,ICE,petrol,589,128.0,87.0,1271.0,
2022,PEUGEOT,208,ICE,diesel,98,107.0,75.0,1165.0,
2022,PEUGEOT,208,BEV,electric,360,0.0,57.0,1530.0,157.0
2022,PEUGEOT,208,ICE,petrol,1037,118.0,67.0,1125.0,
2022,PEUGEOT,208 RALLY 4,ICE,petrol,1,,153.0,1175.0,
2022,PEUGEOT,3008,ICE,diesel,1202,135.0,96.0,1504.0,
2022,PEUGEOT,3008,ICE,petrol,186,143.0,96.0,1395.0,
2022,PEUGEOT,3008,PHEV,petrol/electric,219,31.0,141.0,1879.0,155.0
2022,PEUGEOT,308,ICE,diesel,710,119.0,96.0,1457.0,
2022,PEUGEOT,308,ICE,petrol,406,127.0,92.0,1358.0,
2022,PEUGEOT,308,PHEV,petrol/electric,162,25.0,115.0,1708.0,151.0
2022,PEUGEOT,408,PHEV,petrol/electric,4,28.0,132.0,1781.0,146.0
2022,PEUGEOT,5008,ICE,diesel,645,142.0,100.0,1618.0,
2022,PEUGEOT,5008,ICE,petrol,50,148.0,96.0,1504.0,
2022,PEUGEOT,508,ICE,diesel,113,125.0,96.0,1503.0,
2022,PEUGEOT,508,PHEV,petrol/electric,47,36.0,138.0,1867.0,155.0
2022,PEUGEOT,E-RIFTER,BEV,electric,48,0.0,57.0,1793.0,201.0
2022,PEUGEOT,EXPERT,ICE,diesel,15,174.0,95.0,1765.0,
2022,PEUGEOT,EXPERT,BEV,electric,22,0.0,57.0,2147.0,268.0
2022,PEUGEOT,EXPERT TRAVELLER,ICE,diesel,2,186.0,118.0,1918.0,
2022,PEUGEOT,RIFTER,ICE,diesel,143,139.0,88.0,1544.0,
2022,PEUGEOT,RIFTER,ICE,petrol,89,156.0,92.0,1559.0,
2022,PEUGEOT,TRAVELLER,ICE,diesel,97,188.0,125.0,1937.0,
2022,PEUGEOT,TRAVELLER,BEV,electric,46,0.0,57.0,2184.0,269.0
2022,POLESTAR,1,PHEV,petrol/electric,5,13.0,227.0,2420.0,241.0
2022,POLESTAR,2,BEV,electric,585,0.0,120.0,2124.0,186.0
2022,PORSCHE,718 BOXSTER,ICE,petrol,8,202.0,220.0,1440.0,
2022,PORSCHE,718 BOXSTER GTS,ICE,petrol,4,230.0,294.0,1510.0,
2022,PORSCHE,718 BOXSTER SPYDER,ICE,petrol,13,243.0,309.0,1520.0,
2022,PORSCHE,718 BOXSTER T,ICE,petrol,2,202.0,220.0,1455.0,
2022,PORSCHE,718 CAYMAN,ICE,petrol,5,203.0,220.0,1434.0,
2022,PORSCHE,718 CAYMAN GT4,ICE,petrol,6,243.0,309.0,1520.0,
2022,PORSCHE,718 CAYMAN GT4 RS,ICE,petrol,22,299.0,368.0,1490.0,
2022,PORSCHE,718 CAYMAN GTS,ICE,petrol,2,230.0,294.0,1510.0,
2022,PORSCHE,718 CAYMAN S,ICE,petrol,10,217.0,257.0,1460.0,
2022,PORSCHE,718 CAYMAN T,ICE,petrol,2,206.0,220.0,1440.0,
2022,PORSCHE,911 CARRERA,ICE,petrol,31,236.0,283.0,1616.0,
2022,PORSCHE,911 CARRERA 4,ICE,petrol,17,237.0,283.0,1667.0,
2022,PORSCHE,911 CARRERA 4 GTS,ICE,petrol,41,248.0,353.0,1704.0,
2022,PORSCHE,911 CARRERA 4S,ICE,petrol,29,242.0,331.0,1666.0,
2022,PORSCHE,911 CARRERA GTS,ICE,petrol,26,248.0,353.0,1657.0,
2022,PORSCHE,911 CARRERA S,ICE,petrol,17,240.0,331.0,1610.0,
2022,PORSCHE,911 GT3,ICE,petrol,92,293.0,375.0,1508.0,
2022,PORSCHE,911 SPORT CLASSIC,ICE,petrol,1,285.0,405.0,1645.0,
2022,PORSCHE,911 TARGA 4,ICE,petrol,17,239.0,283.0,1740.0,
2022,PORSCHE,911 TARGA 4 GTS,ICE,petrol,32,251.0,353.0,1760.0,
2022,PORSCHE,911 TARGA 4S,ICE,petrol,11,245.0,331.0,1750.0,
2022,PORSCHE,911 TURBO,ICE,petrol,10,273.0,427.0,1743.0,
2022,PORSCHE,911 TURBO S,ICE,petrol,36,273.0,478.0,1736.0,
2022,PORSCHE,CAYENNE E-HYBRID,PHEV,petrol/electric,302,74.0,250.0,2400.0,254.0
2022,PORSCHE,CAYENNE S,ICE,petrol,1,267.0,324.0,2095.0,
2022,PORSCHE,CAYENNE TURBO GT,ICE,petrol,6,319.0,471.0,2295.0,
2022,PORSCHE,CAYENNE TURBO S E-HYBRID,PHEV,petrol/electric,42,87.0,404.0,2591.0,254.0
2022,PORSCHE,MACAN,ICE,petrol,106,229.0,194.0,1919.0,
2022,PORSCHE,MACAN GTS,ICE,petrol,28,256.0,324.0,2035.0,
2022,PORSCHE,MACAN S,ICE,petrol,46,250.0,280.0,2005.0,
2022,PORSCHE,MACAN T,ICE,petrol,19,229.0,195.0,1940.0,
2022,PORSCHE,PANAMERA 4 E-HYBRID,PHEV,petrol/electric,64,53.0,243.0,2296.0,237.0
2022,PORSCHE,PANAMERA 4S E-HYBRID,PHEV,petrol/electric,38,59.0,321.0,2310.0,238.0
2022,PORSCHE,PANAMERA TURBO S E-HYBRID,PHEV,petrol/electric,10,64.0,420.0,2435.0,242.0
2022,PORSCHE,TAYCAN,BEV,electric,33,0.0,120.0,2188.0,216.0
2022,PORSCHE,TAYCAN 4,BEV,electric,60,0.0,140.0,2320.0,235.0
2022,PORSCHE,TAYCAN 4S,BEV,electric,93,0.0,139.0,2309.0,234.0
2022,PORSCHE,TAYCAN GTS,BEV,electric,34,0.0,142.0,2377.0,221.0
2022,PORSCHE,TAYCAN TURBO,BEV,electric,17,0.0,142.0,2394.0,236.0
2022,PORSCHE,TAYCAN TURBO S,BEV,electric,11,0.0,142.0,2386.0,244.0
2022,RENAULT,ARKANA,HEV,petrol,216,132.0,105.0,1413.0,
2022,RENAULT,ARKANA / MEGANE CONQUEST (*),HEV,petrol,415,132.0,105.0,1413.0,
2022,RENAULT,ARKANA / MEGANE CONQUEST (*),ICE,petrol,1,131.0,103.0,1411.0,
2022,RENAULT,ARKANA E-TECH,HEV,petrol,186,107.0,69.0,1510.0,
2022,RENAULT,ARKANA E-TECH / MEGANE CONQUES,HEV,petrol,274,109.0,69.0,1510.0,
2022,RENAULT,AUSTRAL,HEV,petrol,53,129.0,106.0,1595.0,
2022,RENAULT,CAPTUR,HEV,petrol,173,134.0,103.0,1371.0,
2022,RENAULT,CAPTUR,ICE,petrol,1158,134.0,78.0,1313.0,
2022,RENAULT,CAPTUR E-TECH HYBRID,HEV,petrol,42,107.0,69.0,1436.0,
2022,RENAULT,CAPTUR E-TECH PLUG-IN HYBRID,PHEV,petrol/electric,102,30.0,68.0,1615.0,133.0
2022,RENAULT,CLIO,ICE,diesel,65,108.0,74.0,1248.0,
2022,RENAULT,CLIO,ICE,petrol,1311,119.0,61.0,1145.0,
2022,RENAULT,CLIO E-TECH HYBRID,HEV,petrol,56,99.0,67.0,1339.0,
2022,RENAULT,ESPACE,ICE,diesel,63,167.0,130.0,1877.0,
2022,RENAULT,KADJAR,ICE,diesel,28,134.0,85.0,1541.0,
2022,RENAULT,KADJAR,ICE,petrol,232,141.0,103.0,1433.0,
2022,RENAULT,KANGOO,ICE,diesel,103,142.0,71.0,1647.0,
2022,RENAULT,KANGOO,ICE,petrol,270,155.0,83.0,1552.0,
2022,RENAULT,KOLEOS,ICE,diesel,62,176.0,135.0,1839.0,
2022,RENAULT,KOLEOS,ICE,petrol,38,152.0,116.0,1590.0,
2022,RENAULT,MASTER,ICE,diesel,2,280.0,107.0,2361.0,
2022,RENAULT,MEGANE,ICE,diesel,182,122.0,85.0,1450.0,
2022,RENAULT,MEGANE,ICE,petrol,306,133.0,97.0,1326.0,
2022,RENAULT,MEGANE E-TECH ELECTRIC,BEV,electric,461,0.0,55.0,1709.0,162.0
2022,RENAULT,MEGANE E-TECH PLUG-IN HYBRID,PHEV,petrol/electric,26,29.0,68.0,1627.0,147.0
2022,RENAULT,SCENIC,ICE,petrol,337,148.0,100.0,1537.0,
2022,RENAULT,TALISMAN,ICE,diesel,67,153.0,125.0,1717.0,
2022,RENAULT,TALISMAN,ICE,petrol,20,145.0,116.0,1509.0,
2022,RENAULT,TRAFIC,ICE,diesel,258,189.0,104.0,2138.0,
2022,RENAULT,TWINGO,BEV,electric,302,0.0,31.0,1204.0,161.0
2022,RENAULT,TWINGO,ICE,petrol,133,117.0,48.0,996.0,
2022,RENAULT,ZOE,BEV,electric,749,0.0,51.0,1577.0,178.0
2022,SEAT,ALHAMBRA,ICE,petrol,1398,191.0,110.0,1794.0,
2022,SEAT,ARONA,ICE,ng,1,104.0,66.0,1334.0,
2022,SEAT,ARONA,ICE,petrol,2192,127.0,74.0,1210.0,
2022,SEAT,ATECA,ICE,diesel,856,145.0,104.0,1566.0,
2022,SEAT,ATECA,ICE,petrol,1333,151.0,101.0,1416.0,
2022,SEAT,CUPRA LEON SPORTSTOURER,PHEV,petrol/electric,1,32.0,110.0,1717.0,158.0
2022,SEAT,IBIZA,ICE,ng,2,105.0,66.0,1277.0,
2022,SEAT,IBIZA,ICE,petrol,2358,123.0,67.0,1150.0,
2022,SEAT,LEON,ICE,diesel,86,115.0,94.0,1442.0,
2022,SEAT,LEON,ICE,ng,1,113.0,96.0,1430.0,
2022,SEAT,LEON,HEV,petrol,35,128.3,89.9,1365.0,
2022,SEAT,LEON,ICE,petrol,289,130.0,89.0,1334.0,
2022,SEAT,LEON SP,ICE,diesel,402,121.0,96.0,1513.0,
2022,SEAT,LEON SP,ICE,ng,2,114.0,96.0,1484.0,
2022,SEAT,LEON SP,HEV,petrol,69,132.0,101.0,1428.0,
2022,SEAT,LEON SP,ICE,petrol,372,125.0,75.0,1349.0,
2022,SEAT,LEON SPORTSTOURER,HEV,petrol,2,133.0,110.0,1410.0,
2022,SEAT,LEON SPORTSTOURER,PHEV,petrol/electric,1,29.0,110.0,1658.0,154.0
2022,SEAT,MII,BEV,electric,1,0.0,61.0,1235.0,149.0
2022,SEAT,TARRACO,ICE,diesel,328,161.0,129.0,1754.0,
2022,SEAT,TARRACO,ICE,petrol,388,167.0,117.0,1637.0,
2022,SEAT,TARRACO,PHEV,petrol/electric,156,41.0,110.0,1867.0,153.0
2022,SKODA,ENYAQ 60,BEV,electric,295,0.0,70.0,1990.0,160.0
2022,SKODA,ENYAQ 80,BEV,electric,1240,0.0,70.0,2143.0,166.0
2022,SKODA,ENYAQ 80X,BEV,electric,365,0.0,77.0,2194.0,179.0
2022,SKODA,ENYAQ RS,BEV,electric,99,0.0,77.0,2254.0,175.0
2022,SKODA,FABIA,ICE,petrol,3895,121.0,67.0,1145.0,
2022,SKODA,KAMIQ,ICE,ng,3,101.0,66.0,1344.0,
2022,SKODA,KAMIQ,ICE,petrol,1835,129.0,79.0,1244.0,
2022,SKODA,KAROQ,ICE,diesel,1298,143.0,102.0,1572.0,
2022,SKODA,KAROQ,ICE,petrol,993,144.0,103.0,1410.0,
2022,SKODA,KODIAQ,ICE,diesel,1352,158.0,120.0,1775.0,
2022,SKODA,KODIAQ,ICE,petrol,360,174.0,137.0,1682.0,
2022,SKODA,OCTAVIA,ICE,diesel,3362,122.0,101.0,1501.0,
2022,SKODA,OCTAVIA,ICE,ng,5,104.0,96.0,1441.0,
2022,SKODA,OCTAVIA,HEV,petrol,190,123.0,98.0,1394.0,
2022,SKODA,OCTAVIA,ICE,petrol,416,122.0,88.0,1339.0,
2022,SKODA,OCTAVIA,PHEV,petrol/electric,27,24.0,110.0,1645.0,145.0
2022,SKODA,OCTAVIA RS,ICE,diesel,280,139.0,147.0,1567.0,
2022,SKODA,OCTAVIA RS,ICE,petrol,64,160.0,180.0,1532.0,
2022,SKODA,OCTAVIA RS,PHEV,petrol/electric,21,28.0,110.0,1705.0,151.0
2022,SKODA,OCTAVIA SCOUT,ICE,diesel,121,143.0,119.0,1621.0,
2022,SKODA,OCTAVIA SCOUT,ICE,petrol,9,166.0,140.0,1592.0,
2022,SKODA,SCALA,ICE,petrol,795,124.0,81.0,1232.0,
2022,SKODA,SUPERB,ICE,diesel,1536,137.0,115.0,1629.0,
2022,SKODA,SUPERB,ICE,petrol,50,157.0,128.0,1548.0,
2022,SKODA,SUPERB,PHEV,petrol/electric,75,29.0,115.0,1782.0,156.0
2022,SKYWELL,ET5,BEV,electric,7,0.0,65.0,1955.0,193.0
2022,SMART,EQ FORFOUR,BEV,electric,10,0.0,41.0,1200.0,187.0
2022,SMART,EQ FORTWO CABRIO,BEV,electric,22,0.0,41.0,1125.0,166.0
2022,SMART,EQ FORTWO COUPE,BEV,electric,38,0.0,41.0,1094.0,168.0
2022,SSANGYONG,KORANDO,ICE,diesel,2,166.0,100.0,1654.0,
2022,SSANGYONG,KORANDO,ICE,petrol,1,180.0,120.0,1510.0,
2022,SSANGYONG,REXTON,ICE,diesel,4,221.0,149.0,2162.0,
2022,SSANGYONG,SSANGYONGTIVOLI,ICE,diesel,1,162.0,100.0,1555.0,
2022,SSANGYONG,SSANGYONGTIVOLI,ICE,petrol,1,158.0,94.0,1369.0,
2022,SSANGYONG,TIVOLI,ICE,petrol,3,160.0,102.0,1371.0,
2022,SUBARU,BRZ,ICE,petrol,1,200.0,172.0,1350.0,
2022,SUBARU,FORESTER,HEV,petrol,73,185.0,110.0,1743.0,
2022,SUBARU,IMPREZA,HEV,petrol,2,174.0,110.0,1590.0,
2022,SUBARU,IMPREZA,ICE,petrol,3,172.0,84.0,1435.0,
2022,SUBARU,OUTBACK,ICE,petrol,83,193.0,124.0,1729.0,
2022,SUBARU,SOLTERRA,BEV,electric,3,0.0,118.0,2093.0,181.0
2022,SUBARU,XV,HEV,petrol,74,180.0,110.0,1627.0,
2022,SUBARU,XV,ICE,petrol,70,180.0,84.0,1500.0,
2022,SUZUKI,ACROSS,PHEV,petrol/electric,48,22.0,136.0,2015.0,166.0
2022,SUZUKI,IGNIS,HEV,petrol,427,119.0,61.0,978.0,
2022,SUZUKI,SWACE,HEV,petrol,137,103.0,72.0,1475.0,
2022,SUZUKI,SWIFT,HEV,petrol,593,113.0,64.0,1008.0,
2022,SUZUKI,SX4,HEV,petrol,1084,133.0,94.0,1362.0,
2022,SUZUKI,SX4. S-CROSS,HEV,petrol,4,132.0,95.0,1360.0,
2022,SUZUKI,VITARA,HEV,petrol,965,132.0,89.0,1336.0,
2022,TESLA,MODEL 3,BEV,electric,894,0.0,140.0,1902.0,149.0
2022,TESLA,MODEL S,BEV,electric,118,0.0,229.0,2222.0,181.0
2022,TESLA,MODEL X,BEV,electric,40,0.0,239.0,2539.0,208.0
2022,TESLA,MODEL Y,BEV,electric,4359,0.0,153.0,2058.0,169.0
2022,TOYOTA,AYGO,ICE,petrol,44,114.0,53.0,931.0,
2022,TOYOTA,AYGO 1.0 VVT-I,ICE,petrol,242,113.0,53.0,929.0,
2022,TOYOTA,AYGO X,ICE,petrol,509,111.0,53.0,1033.0,
2022,TOYOTA,BZ4X,BEV,electric,53,0.0,103.0,2046.0,163.0
2022,TOYOTA,C-HR,HEV,petrol,588,112.0,78.0,1505.0,
2022,TOYOTA,C-HR 1.8 HYBRID 2WD,HEV,petrol,244,110.0,72.0,1495.0,
2022,TOYOTA,C-HR 2.0 HYBRID 2WD,HEV,petrol,55,119.0,112.0,1560.0,
2022,TOYOTA,CAMRY,HEV,petrol,41,124.0,131.0,1670.0,
2022,TOYOTA,CAMRY 2.5,HEV,petrol,20,122.0,131.0,1670.0,
2022,TOYOTA,COROLLA,HEV,petrol,870,113.0,85.0,1457.0,
2022,TOYOTA,COROLLA,ICE,petrol,3,142.0,85.0,1336.0,
2022,TOYOTA,COROLLA 1.2 TURBO,ICE,petrol,16,141.0,85.0,1315.0,
2022,TOYOTA,COROLLA 1.2 TURBO TOURING SPOR,ICE,petrol,16,141.0,85.0,1380.0,
2022,TOYOTA,COROLLA 1.8 HYBRID,HEV,petrol,43,110.0,72.0,1420.0,
2022,TOYOTA,COROLLA 1.8 HYBRID TOURING SPO,HEV,petrol,185,111.0,72.0,1445.0,
2022,TOYOTA,COROLLA 2.0 HYBRID,HEV,petrol,9,119.0,112.0,1415.0,
2022,TOYOTA,COROLLA 2.0 HYBRID TOURING SPO,HEV,petrol,38,120.0,112.0,1445.0,
2022,TOYOTA,GR 86,ICE,petrol,29,199.0,172.0,1352.0,
2022,TOYOTA,GR SUPRA,ICE,petrol,3,185.0,250.0,1570.0,
2022,TOYOTA,GR YARIS,ICE,petrol,70,186.0,192.0,1355.0,
2022,TOYOTA,GR YARIS 1.6,ICE,petrol,19,186.0,192.0,1355.0,
2022,TOYOTA,HIGHLANDER,HEV,petrol,58,158.0,140.0,2122.0,
2022,TOYOTA,HIGHLANDER 2.5 HYBRID,HEV,petrol,26,159.0,140.0,2125.0,
2022,TOYOTA,LAND CRUISER (150 SERIE,ICE,diesel,79,249.0,150.0,2211.0,
2022,TOYOTA,LAND CRUISER 2.8 D-4D 4WD,ICE,diesel,20,250.0,150.0,2214.0,
2022,TOYOTA,PRIUS 1.8 VVT-I PLUGIN HYBRID,PHEV,petrol/electric,3,28.0,72.0,1605.0,99.0
2022,TOYOTA,PRIUS PHV,PHEV,petrol/electric,7,28.0,72.0,1605.0,99.0
2022,TOYOTA,PROACE,ICE,diesel,198,188.0,109.0,1821.0,
2022,TOYOTA,PROACE,BEV,electric,19,0.0,57.0,2140.0,268.0
2022,TOYOTA,PROACE 2.0 D 145 COMBI MEDIUM,ICE,diesel,1,186.0,106.0,1808.0,
2022,TOYOTA,PROACE CITY VERSO,ICE,diesel,83,139.0,88.0,1581.0,
2022,TOYOTA,PROACE CITY VERSO,ICE,petrol,65,150.0,85.0,1492.0,
2022,TOYOTA,PROACE CITY VERSO 1.2 110 L1,ICE,petrol,2,153.0,81.0,1505.0,
2022,TOYOTA,PROACE CITY VERSO 1.2 110 SHUT,ICE,petrol,45,146.0,81.0,1441.0,
2022,TOYOTA,PROACE CITY VERSO 1.2 130 L2,ICE,petrol,5,159.0,96.0,1591.0,
2022,TOYOTA,PROACE CITY VERSO 1.5D 100 L1,ICE,diesel,12,138.0,75.0,1541.0,
2022,TOYOTA,PROACE CITY VERSO 1.5D 100 L2,ICE,diesel,2,138.0,75.0,1596.0,
2022,TOYOTA,PROACE CITY VERSO 1.5D 130 L1,ICE,diesel,5,142.0,96.0,1557.0,
2022,TOYOTA,PROACE CITY VERSO 1.5D 130 L2,ICE,diesel,21,142.0,96.0,1614.0,
2022,TOYOTA,PROACE CITY VERSO ELECTRIC,BEV,electric,10,0.0,57.0,1813.0,201.0
2022,TOYOTA,PROACE VERSO 1.5D 120 COMPACT,ICE,diesel,1,169.0,88.0,1700.0,
2022,TOYOTA,PROACE VERSO 1.5D 120 MEDIUM,ICE,diesel,1,170.0,88.0,1734.0,
2022,TOYOTA,PROACE VERSO 2.0 D 180 FAMILY,ICE,diesel,12,190.0,130.0,1840.0,
2022,TOYOTA,PROACE VERSO 2.0 D 180 LANG,ICE,diesel,1,197.0,130.0,2069.0,
2022,TOYOTA,PROACE VERSO 2.0 D 180 MEDIUM,ICE,diesel,9,194.0,130.0,2041.0,
2022,TOYOTA,PROACE VERSO 2.0D 145 LANG,ICE,diesel,1,191.0,106.0,1823.0,
2022,TOYOTA,PROACE VERSO 2.0D 145 MEDIUM,ICE,diesel,86,188.0,106.0,1797.0,
2022,TOYOTA,RAV4,HEV,petrol,429,129.0,131.0,1697.0,
2022,TOYOTA,RAV4,PHEV,petrol/electric,135,22.0,136.0,1994.0,166.0
2022,TOYOTA,RAV4 2.5 HYBRID,HEV,petrol,107,127.0,131.0,1667.0,
2022,TOYOTA,RAV4 2.5 HYBRID AWD-I,HEV,petrol,219,131.0,131.0,1726.0,
2022,TOYOTA,RAV4 PLUG-IN HYBRID,PHEV,petrol/electric,51,22.0,136.0,1999.0,166.0
2022,TOYOTA,SUPRA,ICE,petrol,8,185.0,242.0,1562.0,
2022,TOYOTA,YARIS,HEV,petrol,1209,92.0,68.0,1162.0,
2022,TOYOTA,YARIS,ICE,petrol,476,125.0,60.0,1051.0,
2022,TOYOTA,YARIS 1.0,ICE,petrol,87,127.0,53.0,1035.0,
2022,TOYOTA,YARIS 1.5,ICE,petrol,29,118.0,92.0,1115.0,
2022,TOYOTA,YARIS 1.5 VVT-I HYBRID,HEV,petrol,278,91.0,68.0,1161.0,
2022,TOYOTA,YARIS CROSS,HEV,petrol,1437,107.0,68.0,1289.0,
2022,TOYOTA,YARIS CROSS,ICE,petrol,149,133.0,92.0,1189.0,
2022,TOYOTA,YARIS CROSS 1.5 2WD,ICE,petrol,62,133.0,92.0,1189.0,
2022,TOYOTA,YARIS CROSS HSD 2WD,HEV,petrol,403,105.0,68.0,1263.0,
2022,TOYOTA,YARIS CROSS HSD 4WD,HEV,petrol,179,115.0,68.0,1375.0,
2022,VOLKSWAGEN,ARTEON,ICE,diesel,137,137.0,121.0,1674.0,
2022,VOLKSWAGEN,ARTEON,ICE,petrol,15,162.0,146.0,1628.0,
2022,VOLKSWAGEN,ARTEON,PHEV,petrol/electric,55,30.0,115.0,1813.0,158.0
2022,VOLKSWAGEN,CADDY,ICE,diesel,1930,136.0,85.0,1686.0,
2022,VOLKSWAGEN,CADDY,ICE,petrol,284,149.0,84.0,1571.0,
2022,VOLKSWAGEN,CALIFORNIA BEACH,ICE,diesel,479,215.0,117.0,2425.0,
2022,VOLKSWAGEN,CRAFTER,ICE,diesel,2,268.0,130.0,3360.0,
2022,VOLKSWAGEN,GOLF,ICE,diesel,2269,118.0,91.0,1449.0,
2022,VOLKSWAGEN,GOLF,ICE,ng,3,111.0,96.0,1443.0,
2022,VOLKSWAGEN,GOLF,HEV,petrol,343,124.0,91.0,1351.0,
2022,VOLKSWAGEN,GOLF,ICE,petrol,1481,128.0,94.0,1300.0,
2022,VOLKSWAGEN,GOLF,PHEV,petrol/electric,20,22.0,110.0,1590.0,142.0
2022,VOLKSWAGEN,GOLF GTE,PHEV,petrol/electric,15,27.0,110.0,1625.0,149.0
2022,VOLKSWAGEN,ID. BUZZ PRO 150 KW,BEV,electric,11,0.0,70.0,2459.0,214.0
2022,VOLKSWAGEN,ID.3 PRO 107 KW,BEV,electric,477,0.0,70.0,1812.0,155.0
2022,VOLKSWAGEN,ID.3 PRO 150 KW,BEV,electric,490,0.0,70.0,1812.0,157.0
2022,VOLKSWAGEN,ID.3 PRO S 150 KW,BEV,electric,548,0.0,70.0,1929.0,158.0
2022,VOLKSWAGEN,ID.3 PURE 110 KW,BEV,electric,30,0.0,70.0,1781.0,150.0
2022,VOLKSWAGEN,ID.4 GTX 220 KW,BEV,electric,1146,0.0,77.0,2229.0,183.0
2022,VOLKSWAGEN,ID.4 PRO 128 KW,BEV,electric,224,0.0,70.0,2123.0,168.0
2022,VOLKSWAGEN,ID.4 PRO 150 KW,BEV,electric,1726,0.0,70.0,2116.0,172.0
2022,VOLKSWAGEN,ID.4 PURE 109 KW,BEV,electric,26,0.0,70.0,1968.0,169.0
2022,VOLKSWAGEN,ID.4 PURE 125 KW,BEV,electric,8,0.0,70.0,1966.0,170.0
2022,VOLKSWAGEN,ID.5 GTX 220 KW,BEV,electric,470,0.0,77.0,2242.0,182.0
2022,VOLKSWAGEN,ID.5 PRO 128 KW,BEV,electric,25,0.0,70.0,2117.0,166.0
2022,VOLKSWAGEN,ID.5 PRO 150 KW,BEV,electric,205,0.0,70.0,2117.0,170.0
2022,VOLKSWAGEN,KOMBI,ICE,diesel,1061,204.0,105.0,2012.0,
2022,VOLKSWAGEN,MULTIVAN,ICE,diesel,1618,211.0,120.0,2185.0,
2022,VOLKSWAGEN,MULTIVAN,ICE,petrol,85,188.0,117.0,2003.0,
2022,VOLKSWAGEN,MULTIVAN,PHEV,petrol/electric,354,41.0,110.0,2161.0,172.0
2022,VOLKSWAGEN,PASSAT,ICE,diesel,1134,132.0,112.0,1595.0,
2022,VOLKSWAGEN,PASSAT,ICE,petrol,35,145.0,110.0,1461.0,
2022,VOLKSWAGEN,PASSAT,PHEV,petrol/electric,56,27.0,115.0,1750.0,151.0
2022,VOLKSWAGEN,POLO,ICE,ng,28,100.0,66.0,1303.0,
2022,VOLKSWAGEN,POLO,ICE,petrol,3330,123.0,67.0,1163.0,
2022,VOLKSWAGEN,SHARAN,ICE,petrol,257,191.0,110.0,1778.0,
2022,VOLKSWAGEN,T-CROSS,ICE,petrol,2225,135.0,76.0,1269.0,
2022,VOLKSWAGEN,T-ROC,ICE,diesel,560,136.0,100.0,1482.0,
2022,VOLKSWAGEN,T-ROC,ICE,petrol,2257,142.0,94.0,1346.0,
2022,VOLKSWAGEN,TAIGO,ICE,petrol,1641,130.0,78.0,1245.0,
2022,VOLKSWAGEN,TIGUAN,ICE,diesel,2415,158.0,112.0,1702.0,
2022,VOLKSWAGEN,TIGUAN,ICE,petrol,982,159.0,111.0,1551.0,
2022,VOLKSWAGEN,TIGUAN,PHEV,petrol/electric,199,38.0,110.0,1818.0,153.0
2022,VOLKSWAGEN,TOUAREG,ICE,diesel,71,218.0,190.0,2092.0,
2022,VOLKSWAGEN,TOUAREG EHYBRID,PHEV,petrol/electric,18,51.0,250.0,2423.0,236.0
2022,VOLKSWAGEN,TOUAREG R,PHEV,petrol/electric,41,60.0,250.0,2468.0,244.0
2022,VOLKSWAGEN,TOURAN,ICE,diesel,750,134.0,95.0,1603.0,
2022,VOLKSWAGEN,TOURAN,ICE,petrol,85,148.0,110.0,1525.0,
2022,VOLKSWAGEN,TRANSPORTER,ICE,diesel,2,190.0,110.0,2209.0,
2022,VOLKSWAGEN,UP!,BEV,electric,4,0.0,61.0,1248.0,144.0
2022,VOLKSWAGEN,UP!,ICE,ng,5,104.0,50.0,1071.0,
2022,VOLKSWAGEN,UP!,ICE,petrol,149,117.0,53.0,1003.0,
2022,VOLVO,C40,BEV,electric,261,0.0,140.0,2150.0,200.0
2022,VOLVO,S60,HEV,petrol,25,153.0,135.0,1744.0,
2022,VOLVO,S60,PHEV,petrol/electric,18,28.0,227.0,2044.0,168.0
2022,VOLVO,S90,HEV,diesel,1,154.0,173.0,1912.0,
2022,VOLVO,S90,HEV,petrol,6,157.0,145.0,1825.0,
2022,VOLVO,S90,PHEV,petrol/electric,17,27.0,226.0,2110.0,165.0
2022,VOLVO,V60,HEV,diesel,30,145.0,145.0,1803.0,
2022,VOLVO,V60,HEV,petrol,35,142.0,123.0,1734.0,
2022,VOLVO,V60,PHEV,petrol/electric,80,20.0,190.0,2065.0,174.0
2022,VOLVO,V60 CROSS COUNTRY,HEV,diesel,39,158.0,145.0,1924.0,
2022,VOLVO,V60 CROSS COUNTRY,HEV,petrol,2,169.0,184.0,1886.0,
2022,VOLVO,V90,HEV,diesel,26,154.0,147.0,1932.0,
2022,VOLVO,V90,HEV,petrol,2,160.0,145.0,1831.0,
2022,VOLVO,V90,PHEV,petrol/electric,42,22.0,191.0,2077.0,174.0
2022,VOLVO,V90 CROSS COUNTRY,HEV,diesel,33,169.0,156.0,1982.0,
2022,VOLVO,V90 CROSS COUNTRY,HEV,petrol,2,184.0,184.0,1930.0,
2022,VOLVO,XC40,BEV,electric,331,0.0,121.0,2112.0,204.0
2022,VOLVO,XC40,HEV,petrol,152,157.0,133.0,1710.0,
2022,VOLVO,XC40,ICE,petrol,230,165.0,101.0,1618.0,
2022,VOLVO,XC40,PHEV,petrol/electric,288,48.0,105.0,1812.0,154.0
2022,VOLVO,XC60,HEV,diesel,455,168.0,146.0,1961.0,
2022,VOLVO,XC60,HEV,petrol,85,173.0,147.0,1872.0,
2022,VOLVO,XC60,PHEV,petrol/electric,363,26.0,191.0,2151.0,193.0
2022,VOLVO,XC90,HEV,diesel,189,185.0,173.0,2160.0,
2022,VOLVO,XC90,PHEV,petrol/electric,156,32.0,227.0,2298.0,210.0
2022,WAVECAMPER,VOLKSWAGEN T6.1 SHO,ICE,diesel,3,197.0,110.0,2392.0,
2023,ALFA ROMEO,ALFA GIULIA,ICE,diesel,50,141.0,142.0,1614.0,
2023,ALFA ROMEO,ALFA GIULIA,ICE,petrol,66,187.0,227.0,1631.0,
2023,ALFA ROMEO,ALFA STELVIO,ICE,diesel,131,162.0,151.0,1816.0,
2023,ALFA ROMEO,ALFA STELVIO,ICE,petrol,129,199.0,211.0,1761.0,
2023,ALFA ROMEO,ALFA TONALE,ICE,diesel,83,147.0,96.0,1655.0,
2023,ALFA ROMEO,ALFA TONALE,HEV,petrol,345,135.0,107.0,1600.0,
2023,ALFA ROMEO,ALFA TONALE,PHEV,petrol/electric,223,31.0,132.0,1910.0,182.0
2023,ALPINA,BMW ALPINA B3 TOURING,ICE,petrol,3,229.0,364.0,1955.0,
2023,ALPINA,BMW ALPINA B4 GRAN COUPE,ICE,petrol,2,229.0,364.0,1965.0,
2023,ALPINA,BMW ALPINA B5 TOURING ALLRAD,ICE,petrol,1,272.0,457.0,2155.0,
2023,ALPINA,BMW ALPINA B8,ICE,petrol,1,270.0,457.0,2175.0,
2023,ALPINA,BMW ALPINA D3S TOURING,HEV,diesel,4,182.0,261.0,2020.0,
2023,ALPINA,BMW ALPINA D5 S TOURING ALLRAD,ICE,diesel,1,227.0,300.0,2095.0,
2023,ALPINA,BMW ALPINA XD3,ICE,diesel,2,224.0,290.0,2145.0,
2023,ALPINE,A110,ICE,petrol,38,154.0,214.0,1180.0,
2023,ASTON MARTIN,DB11 VOLANTE,ICE,petrol,1,257.0,393.0,1945.0,
2023,ASTON MARTIN,DB12,ICE,petrol,1,276.0,500.0,2005.0,
2023,ASTON MARTIN,DBS 770 ULTIMATE,ICE,petrol,1,314.0,566.0,2020.0,
2023,ASTON MARTIN,DBS VOLANTE,ICE,petrol,1,306.0,533.0,2020.0,
2023,ASTON MARTIN,DBX,ICE,petrol,1,323.0,405.0,2320.0,
2023,ASTON MARTIN,DBX707,ICE,petrol,14,323.0,520.0,2320.0,
2023,ASTON MARTIN,V12 VANTAGE,ICE,petrol,2,315.0,515.0,1930.0,
2023,ASTON MARTIN,V12 VANTAGE ROADSTER,ICE,petrol,3,315.0,515.0,1930.0,
2023,ASTON MARTIN,VANTAGE,ICE,petrol,1,264.0,375.0,1760.0,
2023,ASTON MARTIN,VANTAGE F1 EDITION,ICE,petrol,3,264.0,394.0,1760.0,
2023,ASTON MARTIN,VANTAGE ROADSTER F1 EDITION,ICE,petrol,5,263.0,393.0,1820.0,
2023,AUDI,A1 ALLSTREET,ICE,petrol,137,134.0,76.0,1225.0,
2023,AUDI,A1 CITYCARVER,ICE,petrol,6,134.0,73.0,1223.0,
2023,AUDI,A1 SPORTBACK,ICE,petrol,738,131.0,77.0,1194.0,
2023,AUDI,A3 40 TFSIE,PHEV,petrol/electric,18,26.0,110.0,1625.0,149.0
2023,AUDI,A3 45 TFSIE,PHEV,petrol/electric,27,29.0,110.0,1655.0,154.0
2023,AUDI,A3 LIMOUSINE,ICE,diesel,36,124.0,106.0,1485.0,
2023,AUDI,A3 LIMOUSINE,HEV,petrol,50,124.0,97.0,1380.0,
2023,AUDI,A3 LIMOUSINE,ICE,petrol,25,133.0,103.0,1371.0,
2023,AUDI,A3 SPORTBACK,ICE,diesel,625,127.0,102.0,1470.0,
2023,AUDI,A3 SPORTBACK,HEV,petrol,463,121.0,87.0,1363.0,
2023,AUDI,A3 SPORTBACK,ICE,petrol,323,129.0,86.0,1312.0,
2023,AUDI,A4 ALLROAD QUATTRO,HEV,diesel,131,157.0,152.0,1726.0,
2023,AUDI,A4 ALLROAD QUATTRO,HEV,petrol,5,178.0,195.0,1705.0,
2023,AUDI,A4 AVANT,HEV,diesel,1119,133.0,121.0,1622.0,
2023,AUDI,A4 AVANT,HEV,petrol,160,155.0,136.0,1614.0,
2023,AUDI,A4 LIMOUSINE,HEV,diesel,159,136.0,130.0,1580.0,
2023,AUDI,A4 LIMOUSINE,HEV,petrol,90,151.0,138.0,1562.0,
2023,AUDI,A5 CABRIOLET,HEV,diesel,6,155.0,145.0,1830.0,
2023,AUDI,A5 CABRIOLET,HEV,petrol,30,165.0,152.0,1767.0,
2023,AUDI,A5 COUP,HEV,diesel,2,132.0,135.0,1610.0,
2023,AUDI,A5 COUP,HEV,petrol,1,143.0,150.0,1560.0,
2023,AUDI,A5 COUPE,HEV,diesel,3,144.0,150.0,1626.0,
2023,AUDI,A5 COUPE,HEV,petrol,5,154.0,151.0,1588.0,
2023,AUDI,A5 SPORTBACK,HEV,diesel,136,139.0,134.0,1638.0,
2023,AUDI,A5 SPORTBACK,HEV,petrol,54,155.0,146.0,1626.0,
2023,AUDI,A6 50 TFSI E,PHEV,petrol/electric,35,27.0,195.0,2085.0,192.0
2023,AUDI,A6 55 TFSI E,PHEV,petrol/electric,28,29.0,195.0,2085.0,196.0
2023,AUDI,A6 ALLROAD QUATTRO,HEV,diesel,74,172.0,182.0,1971.0,
2023,AUDI,A6 AVANT,HEV,diesel,403,159.0,159.0,1875.0,
2023,AUDI,A6 AVANT,HEV,petrol,3,188.0,216.0,1865.0,
2023,AUDI,A6 AVANT 50 TFSI E,PHEV,petrol/electric,241,33.0,195.0,2150.0,205.0
2023,AUDI,A6 AVANT 55 TFSI E,PHEV,petrol/electric,170,34.0,195.0,2150.0,207.0
2023,AUDI,A6 LIMOUSINE,HEV,diesel,100,155.0,161.0,1807.0,
2023,AUDI,A6 LIMOUSINE,HEV,petrol,9,169.0,175.0,1748.0,
2023,AUDI,A7 50 TFSI E,PHEV,petrol/electric,5,35.0,195.0,2140.0,210.0
2023,AUDI,A7 55 TFSI E,PHEV,petrol/electric,2,36.0,195.0,2140.0,211.0
2023,AUDI,A7 SPORTBACK,HEV,diesel,4,163.0,172.0,1880.0,
2023,AUDI,A7 SPORTBACK,HEV,petrol,1,193.0,250.0,1890.0,
2023,AUDI,A8,HEV,diesel,21,192.0,210.0,2122.0,
2023,AUDI,A8,HEV,petrol,11,232.0,274.0,2068.0,
2023,AUDI,A8,PHEV,petrol/electric,48,45.0,250.0,2399.0,230.0
2023,AUDI,E-TRON 50,BEV,electric,6,0.0,158.0,2445.0,236.0
2023,AUDI,E-TRON 55,BEV,electric,30,0.0,158.0,2595.0,236.0
2023,AUDI,E-TRON GT,BEV,electric,78,0.0,140.0,2350.0,208.0
2023,AUDI,E-TRON S,BEV,electric,7,0.0,226.0,2730.0,279.0
2023,AUDI,E-TRON S SPORTBACK,BEV,electric,8,0.0,226.0,2730.0,275.0
2023,AUDI,E-TRON SPORTBACK 50,BEV,electric,2,0.0,158.0,2445.0,226.0
2023,AUDI,E-TRON SPORTBACK 55,BEV,electric,14,0.0,158.0,2595.0,238.0
2023,AUDI,Q2,ICE,diesel,153,133.0,93.0,1482.0,
2023,AUDI,Q2,ICE,petrol,306,139.0,95.0,1357.0,
2023,AUDI,Q3,ICE,diesel,449,145.0,112.0,1694.0,
2023,AUDI,Q3,ICE,petrol,433,153.0,115.0,1585.0,
2023,AUDI,Q3 E-TRON,PHEV,petrol/electric,69,42.0,110.0,1815.0,165.0
2023,AUDI,Q3 SPORTBACK,ICE,diesel,494,153.0,118.0,1701.0,
2023,AUDI,Q3 SPORTBACK,ICE,petrol,362,157.0,114.0,1582.0,
2023,AUDI,Q3 SPORTBACK E-TRON,PHEV,petrol/electric,200,39.0,110.0,1815.0,169.0
2023,AUDI,Q4 35 E-TRON,BEV,electric,45,0.0,70.0,1965.0,170.0
2023,AUDI,Q4 40 E-TRON,BEV,electric,450,0.0,70.0,2125.0,174.0
2023,AUDI,Q4 45 E-TRON,BEV,electric,242,0.0,77.0,2210.0,180.0
2023,AUDI,Q4 50 E-TRON,BEV,electric,606,0.0,77.0,2210.0,182.0
2023,AUDI,Q4 SPORTBACK 35 E-TRON,BEV,electric,28,0.0,70.0,1970.0,167.0
2023,AUDI,Q4 SPORTBACK 40 E-TRON,BEV,electric,151,0.0,70.0,2120.0,170.0
2023,AUDI,Q4 SPORTBACK 45 E-TRON,BEV,electric,2,0.0,73.0,2215.0,333.0
2023,AUDI,Q4 SPORTBACK 50 E-TRON,BEV,electric,346,0.0,77.0,2215.0,178.0
2023,AUDI,Q4 SPORTBACK 55 E-TRON,BEV,electric,3,0.0,77.0,2235.0,172.0
2023,AUDI,Q5,HEV,diesel,476,170.0,147.0,1874.0,
2023,AUDI,Q5,HEV,petrol,6,197.0,195.0,1835.0,
2023,AUDI,Q5 50 TFSI E,PHEV,petrol/electric,228,38.0,195.0,2150.0,221.0
2023,AUDI,Q5 55 TFSI E,PHEV,petrol/electric,65,39.0,195.0,2150.0,223.0
2023,AUDI,Q5 SPORTBACK,HEV,diesel,476,174.0,149.0,1898.0,
2023,AUDI,Q5 SPORTBACK,HEV,petrol,3,202.0,195.0,1850.0,
2023,AUDI,Q5 SPORTBACK 50 TFSI E,PHEV,petrol/electric,185,40.0,195.0,2150.0,227.0
2023,AUDI,Q5 SPORTBACK 55 TFSI E,PHEV,petrol/electric,143,41.0,195.0,2150.0,228.0
2023,AUDI,Q7,HEV,diesel,169,216.0,204.0,2247.0,
2023,AUDI,Q7,HEV,petrol,15,246.0,250.0,2203.0,
2023,AUDI,Q7 55 TFSI E,PHEV,petrol/electric,47,48.0,250.0,2459.0,236.0
2023,AUDI,Q7 60 TFSI E,PHEV,petrol/electric,82,50.0,250.0,2460.0,238.0
2023,AUDI,Q8,HEV,diesel,509,224.0,208.0,2243.0,
2023,AUDI,Q8,HEV,petrol,95,245.0,250.0,2184.0,
2023,AUDI,Q8 50 E-TRON,BEV,electric,189,0.0,158.0,2585.0,214.0
2023,AUDI,Q8 55 E-TRON,BEV,electric,459,0.0,158.0,2585.0,222.0
2023,AUDI,Q8 55 TFSI E,PHEV,petrol/electric,140,54.0,250.0,2514.0,244.0
2023,AUDI,Q8 60 TFSI E,PHEV,petrol/electric,97,55.0,250.0,2515.0,246.0
2023,AUDI,Q8 SPORTBACK 50 E-TRON,BEV,electric,90,0.0,158.0,2585.0,211.0
2023,AUDI,Q8 SPORTBACK 55 E-TRON,BEV,electric,228,0.0,158.0,2585.0,222.0
2023,AUDI,R8 SPYDER,ICE,petrol,4,316.0,456.0,1770.0,
2023,AUDI,RS 3 LIMOUSINE,ICE,petrol,46,203.0,294.0,1646.0,
2023,AUDI,RS 3 SPORTBACK,ICE,petrol,254,206.0,294.0,1644.0,
2023,AUDI,RS 4 AVANT,ICE,petrol,34,224.0,331.0,1820.0,
2023,AUDI,RS 5 COUPE,ICE,petrol,4,218.0,331.0,1770.0,
2023,AUDI,RS 5 SPORTBACK,ICE,petrol,1,220.0,331.0,1810.0,
2023,AUDI,RS 6 AVANT,HEV,petrol,223,286.0,449.0,2165.0,
2023,AUDI,RS 7 SPORTBACK,HEV,petrol,9,282.0,450.0,2145.0,
2023,AUDI,RS E-TRON GT,BEV,electric,24,0.0,142.0,2420.0,212.0
2023,AUDI,RS Q3,ICE,petrol,6,226.0,294.0,1790.0,
2023,AUDI,RS Q3 SPORTBACK,ICE,petrol,192,227.0,294.0,1775.0,
2023,AUDI,RS Q8,HEV,petrol,151,303.0,441.0,2392.0,
2023,AUDI,S3 LIMOUSINE,ICE,petrol,2,179.0,228.0,1580.0,
2023,AUDI,S3 SPORTBACK,ICE,petrol,45,185.0,228.0,1575.0,
2023,AUDI,S4 AVANT,HEV,diesel,21,192.0,251.0,1910.0,
2023,AUDI,S5 CABRIOLET,ICE,petrol,4,207.0,260.0,1915.0,
2023,AUDI,S5 COUP,HEV,diesel,1,189.0,251.0,1860.0,
2023,AUDI,S5 COUPE,HEV,diesel,3,188.0,251.0,1860.0,
2023,AUDI,S5 SPORTBACK,HEV,diesel,10,190.0,251.0,1895.0,
2023,AUDI,S6 AVANT,HEV,diesel,45,191.0,253.0,2095.0,
2023,AUDI,S6 LIMOUSINE,HEV,diesel,8,186.0,253.0,2030.0,
2023,AUDI,S7 SPORTBACK,HEV,diesel,7,189.0,253.0,2085.0,
2023,AUDI,S8,HEV,petrol,13,262.0,420.0,2295.0,
2023,AUDI,SQ2,ICE,petrol,9,189.0,221.0,1610.0,
2023,AUDI,SQ5,HEV,diesel,74,217.0,251.0,2085.0,
2023,AUDI,SQ5 SPORTBACK,HEV,diesel,133,218.0,251.0,2085.0,
2023,AUDI,SQ7,ICE,petrol,61,285.0,373.0,2337.0,
2023,AUDI,SQ8,ICE,petrol,56,288.0,373.0,2340.0,
2023,AUDI,SQ8 E-TRON,BEV,electric,15,0.0,226.0,2725.0,283.0
2023,AUDI,SQ8 SPORTBACK E-TRON,BEV,electric,15,0.0,226.0,2725.0,275.0
2023,AUDI,TT COUP,ICE,petrol,2,166.0,162.0,1407.0,
2023,AUDI,TT COUPE,ICE,petrol,41,171.0,166.0,1416.0,
2023,AUDI,TT ROADSTER,ICE,petrol,18,167.0,166.0,1459.0,
2023,AUDI,TT RS COUP,ICE,petrol,1,202.0,294.0,1550.0,
2023,AUDI,TT RS COUPE,ICE,petrol,7,203.0,294.0,1550.0,
2023,AUDI,TT RS ROADSTER,ICE,petrol,3,209.0,294.0,1640.0,
2023,AUDI,TTS COUP,ICE,petrol,1,190.0,235.0,1495.0,
2023,AUDI,TTS COUPE,ICE,petrol,5,189.0,235.0,1495.0,
2023,AUDI,TTS ROADSTER,ICE,petrol,1,195.0,235.0,1585.0,
2023,BAIC,X55,ICE,petrol,6,179.0,130.0,1617.0,
2023,BAIC,X55/X5,ICE,petrol,2,179.0,130.0,,
2023,BAIC,X75,ICE,petrol,4,188.0,130.0,,
2023,BENTLEY,BENTAYGA (S/AZURE) V8,ICE,petrol,2,294.0,404.0,2482.0,
2023,BENTLEY,BENTAYGA AZURE HYBRID,PHEV,petrol/electric,4,68.0,250.0,2585.0,261.0
2023,BENTLEY,BENTAYGA EXTENDED WHEELBASE AZ,ICE,petrol,1,294.0,404.0,2571.0,
2023,BENTLEY,BENTAYGA HYBRID,PHEV,petrol/electric,1,68.0,250.0,2585.0,261.0
2023,BENTLEY,BENTAYGA S HYBRID,PHEV,petrol/electric,1,68.0,250.0,2585.0,261.0
2023,BENTLEY,CONTINENTAL GT (S/MULLINER/AZU,ICE,petrol,1,275.0,404.0,2240.0,
2023,BENTLEY,CONTINENTAL GT AZURE V8,ICE,petrol,1,275.0,404.0,2240.0,
2023,BENTLEY,CONTINENTAL GT S V8,ICE,petrol,3,275.0,404.0,2240.0,
2023,BENTLEY,CONTINENTAL GT SPEED,ICE,petrol,1,311.0,485.0,2348.0,
2023,BENTLEY,CONTINENTAL GT SPEED CONVERTIB,ICE,petrol,1,320.0,485.0,2511.0,
2023,BENTLEY,CONTINENTAL GT V8,ICE,petrol,1,275.0,404.0,2240.0,
2023,BENTLEY,CONTINENTAL GTC AZURE V8,ICE,petrol,3,284.0,404.0,2410.0,
2023,BENTLEY,CONTINENTAL GTC S V8,ICE,petrol,1,284.0,404.0,2410.0,
2023,BENTLEY,CONTINENTAL GTC SPEED,ICE,petrol,1,320.0,485.0,2511.0,
2023,BENTLEY,FLYING SPUR (S) (AZURE) (MULLI,PHEV,petrol/electric,1,75.0,306.0,2580.0,244.0
2023,BENTLEY,FLYING SPUR AZURE HYBRID,PHEV,petrol/electric,3,75.0,306.0,2580.0,244.0
2023,BENTLEY,FLYING SPUR AZURE V8,ICE,petrol,1,288.0,404.0,2405.0,
2023,BENTLEY,FLYING SPUR HYBRID,PHEV,petrol/electric,1,75.0,306.0,2580.0,244.0
2023,BENTLEY,FLYING SPUR MULLINER HYBRID,PHEV,petrol/electric,1,75.0,306.0,2580.0,244.0
2023,BENTLEY,FLYING SPUR S HYBRID,PHEV,petrol/electric,1,75.0,306.0,2580.0,244.0
2023,BENTLEY,FLYING SPUR SPEED,ICE,petrol,2,340.0,467.0,2512.0,
2023,BMW,116D 5-TÜRER F40 B37,ICE,diesel,174,122.0,85.0,1457.0,
2023,BMW,116I 5-TÜRER F40 B38,ICE,petrol,128,133.0,80.0,1410.0,
2023,BMW,118D 5-TÜRER F40 B47,ICE,diesel,179,130.0,110.0,1500.0,
2023,BMW,118I 5-TÜRER F40 B38,ICE,petrol,122,133.0,100.0,1388.0,
2023,BMW,120D XDRIVE 5-TÜRER F40 B47,ICE,diesel,77,139.0,140.0,1590.0,
2023,BMW,120I 5-TÜRER F40 B48,ICE,petrol,21,142.0,131.0,1465.0,
2023,BMW,128TI 5-TÜRER F40 B48,ICE,petrol,6,161.0,195.0,1520.0,
2023,BMW,216D GRAN COUPE F44 B37,ICE,diesel,13,123.0,85.0,1505.0,
2023,BMW,216D GRAN TOURER F46 B37,ICE,diesel,5,130.0,85.0,1577.0,
2023,BMW,216I ACTIVE TOURER U06 B38,ICE,petrol,32,141.0,90.0,1545.0,
2023,BMW,216I GRAN TOURER F46 B38,ICE,petrol,2,145.0,80.0,1500.0,
2023,BMW,218D ACTIVE TOURER U06 B47,ICE,diesel,285,127.0,110.0,1620.0,
2023,BMW,218D GRAN COUPE F44 B47,ICE,diesel,64,129.0,110.0,1542.0,
2023,BMW,218D GRAN TOURER F46 B47,ICE,diesel,5,133.0,110.0,1634.0,
2023,BMW,218D XDRIVE GRAN TOURER F46 B4,ICE,diesel,4,143.0,110.0,1715.0,
2023,BMW,218I ACTIVE TOURER U06 B38,ICE,petrol,85,141.0,100.0,1545.0,
2023,BMW,218I COUPE G42 B48,ICE,petrol,10,149.0,115.0,1560.0,
2023,BMW,218I GRAN COUPE F44 B38,ICE,petrol,26,133.0,100.0,1446.0,
2023,BMW,218I GRAN TOURER F46 B38,ICE,petrol,1,148.0,100.0,1580.0,
2023,BMW,220D COUPE G42 B47,HEV,diesel,15,125.0,140.0,1655.0,
2023,BMW,220D GRAN COUPE F44 B47,ICE,diesel,5,130.0,140.0,1580.0,
2023,BMW,220D XDRIVE GRAN COUPE F44 B47,ICE,diesel,6,140.0,140.0,1640.0,
2023,BMW,220I ACTIVE TOURER U06 B38,HEV,petrol,63,133.0,115.0,1595.0,
2023,BMW,220I COUPE G42 B48,ICE,petrol,18,146.0,135.0,1565.0,
2023,BMW,220I GRAN COUPE F44 B48,ICE,petrol,7,141.0,131.0,1505.0,
2023,BMW,220I XDRIVE GRAN COUPE F44 B48,ICE,petrol,7,155.0,131.0,1595.0,
2023,BMW,223D XDRIVE ACTIVE TOURER U06,HEV,diesel,33,122.0,145.0,1730.0,
2023,BMW,223I ACTIVE TOURER U06 B48,HEV,petrol,6,138.0,150.0,1620.0,
2023,BMW,223I XDRIVE ACTIVE TOURER U06,HEV,petrol,18,148.0,150.0,1690.0,
2023,BMW,225E XDRIVE ACTIVE TOURER U06,PHEV,petrol/electric,331,15.0,100.0,1900.0,146.0
2023,BMW,230E XDRIVE ACTIVE TOURER U06,PHEV,petrol/electric,94,15.0,110.0,1920.0,148.0
2023,BMW,230I COUPE G42 B48,ICE,petrol,10,153.0,180.0,1600.0,
2023,BMW,316D LIMOUSINE G20 B47,HEV,diesel,1,129.0,90.0,1660.0,
2023,BMW,316D LIMOUSINE MX G20 B47,HEV,diesel,14,129.0,90.0,1660.0,
2023,BMW,316D TOURING G21 B47,HEV,diesel,19,134.0,90.0,1735.0,
2023,BMW,318D LIMOUSINE G20 B47,HEV,diesel,16,131.0,110.0,1660.0,
2023,BMW,318D LIMOUSINE MX G20 B47,HEV,diesel,56,130.0,110.0,1660.0,
2023,BMW,318D TOURING G21 B47,HEV,diesel,204,133.0,110.0,1735.0,
2023,BMW,318I LIMOUSINE G20 B48,ICE,petrol,2,146.0,115.0,1575.0,
2023,BMW,318I LIMOUSINE MX G20 B48,ICE,petrol,15,149.0,115.0,1575.0,
2023,BMW,318I TOURING G21 B48,ICE,petrol,11,153.0,115.0,1650.0,
2023,BMW,320D LIMOUSINE G20 B47,HEV,diesel,3,132.0,140.0,1670.0,
2023,BMW,320D LIMOUSINE G20 XD5,HEV,diesel,1,123.0,140.0,1615.0,
2023,BMW,320D LIMOUSINE MX G20 B47,HEV,diesel,46,129.0,140.0,1670.0,
2023,BMW,320D TOURING G21 B47,HEV,diesel,64,133.0,140.0,1740.0,
2023,BMW,320D XDRIVE LIMOUSINE G20 B47,HEV,diesel,12,142.0,140.0,1735.0,
2023,BMW,320D XDRIVE LIMOUSINE G20 XD5,HEV,diesel,1,132.0,140.0,1695.0,
2023,BMW,320D XDRIVE LIMOUSINE MX G20 B,HEV,diesel,91,141.0,140.0,1735.0,
2023,BMW,320D XDRIVE TOURING G21 B47,HEV,diesel,448,143.0,140.0,1800.0,
2023,BMW,320D XDRIVE TOURING G21 XD5,HEV,diesel,1,136.0,140.0,1765.0,
2023,BMW,320E LIMOUSINE G20 XB1,PHEV,petrol/electric,4,32.0,120.0,1845.0,163.0
2023,BMW,320E LIMOUSINE MX G20 XB1,PHEV,petrol/electric,23,31.0,120.0,1845.0,161.0
2023,BMW,320E TOURING G21 XB1,PHEV,petrol/electric,57,32.0,120.0,1900.0,165.0
2023,BMW,320E XDRIVE TOURING G21 XB1,PHEV,petrol/electric,136,37.0,120.0,1955.0,172.0
2023,BMW,320I LIMOUSINE G20 B48,ICE,petrol,1,153.0,135.0,1590.0,
2023,BMW,320I LIMOUSINE MX G20 B48,ICE,petrol,10,149.0,135.0,1590.0,
2023,BMW,320I TOURING G21 B48,ICE,petrol,7,155.0,135.0,1660.0,
2023,BMW,320I XDRIVE LIMOUSINE G20 B48,ICE,petrol,1,162.0,135.0,1655.0,
2023,BMW,320I XDRIVE LIMOUSINE MX G20 B,ICE,petrol,11,157.0,135.0,1655.0,
2023,BMW,330D LIMOUSINE MX G20 B57,HEV,diesel,2,140.0,210.0,1785.0,
2023,BMW,330D TOURING G21 B57,HEV,diesel,7,145.0,210.0,1845.0,
2023,BMW,330D XDRIVE LIMOUSINE G20 B57,HEV,diesel,1,155.0,210.0,1835.0,
2023,BMW,330D XDRIVE LIMOUSINE MX G20 B,HEV,diesel,8,147.0,210.0,1835.0,
2023,BMW,330D XDRIVE TOURING G21 B57,HEV,diesel,51,154.0,210.0,1900.0,
2023,BMW,330E LIMOUSINE G20 XB1,PHEV,petrol/electric,2,37.0,135.0,1845.0,173.0
2023,BMW,330E LIMOUSINE MX G20 XB1,PHEV,petrol/electric,11,32.0,135.0,1845.0,164.0
2023,BMW,330E TOURING G21 XB1,PHEV,petrol/electric,20,33.0,135.0,1900.0,165.0
2023,BMW,330E XDRIVE LIMOUSINE G20 XB1,PHEV,petrol/electric,2,38.0,135.0,1900.0,176.0
2023,BMW,330E XDRIVE LIMOUSINE MX G20 X,PHEV,petrol/electric,46,38.0,135.0,1900.0,175.0
2023,BMW,330E XDRIVE TOURING G21 XB1,PHEV,petrol/electric,206,39.0,135.0,1955.0,177.0
2023,BMW,330I LIMOUSINE G20 B48,ICE,petrol,1,150.0,180.0,1600.0,
2023,BMW,330I LIMOUSINE MX G20 B48,ICE,petrol,3,152.0,180.0,1600.0,
2023,BMW,330I TOURING G21 B48,ICE,petrol,2,158.0,180.0,1675.0,
2023,BMW,330I XDRIVE LIMOUSINE MX G20 B,ICE,petrol,4,166.0,180.0,1670.0,
2023,BMW,330I XDRIVE TOURING G21 B48,ICE,petrol,8,169.0,180.0,1735.0,
2023,BMW,420D CABRIO G23 B47,HEV,diesel,35,134.0,140.0,1850.0,
2023,BMW,420D COUPE G22 B47,HEV,diesel,5,126.0,140.0,1680.0,
2023,BMW,420D GRAN COUPE G26 B47,HEV,diesel,58,130.0,140.0,1780.0,
2023,BMW,420D XDRIVE COUPE G22 B47,HEV,diesel,34,136.0,140.0,1745.0,
2023,BMW,420D XDRIVE GRAN COUPE G26 B47,HEV,diesel,147,139.0,140.0,1835.0,
2023,BMW,420I CABRIO G23 B48,ICE,petrol,31,160.0,135.0,1765.0,
2023,BMW,420I COUPE G22 B48,ICE,petrol,9,148.0,135.0,1600.0,
2023,BMW,420I GRAN COUPE G26 B48,ICE,petrol,24,156.0,135.0,1695.0,
2023,BMW,420I XDRIVE COUPE G22 B48,ICE,petrol,7,159.0,135.0,1665.0,
2023,BMW,430D CABRIO G23 B57,HEV,diesel,7,144.0,210.0,1955.0,
2023,BMW,430D XDRIVE COUPE G22 B57,HEV,diesel,5,144.0,210.0,1855.0,
2023,BMW,430D XDRIVE GRAN COUPE G26 B57,HEV,diesel,68,151.0,210.0,1920.0,
2023,BMW,430I CABRIO G23 B48,ICE,petrol,6,163.0,180.0,1790.0,
2023,BMW,430I COUPE G22 B48,ICE,petrol,4,156.0,180.0,1620.0,
2023,BMW,430I GRAN COUPE G26 B48,ICE,petrol,2,165.0,180.0,1720.0,
2023,BMW,430I XDRIVE CABRIO G23 B48,ICE,petrol,17,172.0,180.0,1840.0,
2023,BMW,430I XDRIVE COUPE G22 B48,ICE,petrol,7,164.0,180.0,1680.0,
2023,BMW,430I XDRIVE G26 B48,ICE,petrol,17,167.0,180.0,1775.0,
2023,BMW,518D LIMOUSINE G30 B47,HEV,diesel,9,127.0,110.0,1745.0,
2023,BMW,518D TOURING G31 B47,HEV,diesel,9,135.0,110.0,1830.0,
2023,BMW,520D LIMOUSINE G30 B47,HEV,diesel,24,129.0,140.0,1750.0,
2023,BMW,520D LIMOUSINE G60 B47,HEV,diesel,8,136.0,145.0,1850.0,
2023,BMW,520D TOURING G31 B47,HEV,diesel,15,136.0,140.0,1855.0,
2023,BMW,520D XDRIVE LIMOUSINE G30 B47,HEV,diesel,62,137.0,140.0,1810.0,
2023,BMW,520D XDRIVE LIMOUSINE G60 B47,HEV,diesel,107,149.0,145.0,1905.0,
2023,BMW,520D XDRIVE TOURING G31 B47,HEV,diesel,163,144.0,140.0,1915.0,
2023,BMW,520E LIMOUSINE G30 XB1,PHEV,petrol/electric,1,34.0,120.0,1910.0,169.0
2023,BMW,520I LIMOUSINE G30 B48,HEV,petrol,4,143.0,135.0,1685.0,
2023,BMW,520I LIMOUSINE G60 B48,HEV,petrol,9,132.0,140.0,1800.0,
2023,BMW,520I TOURING G31 B48,HEV,petrol,2,153.0,135.0,1790.0,
2023,BMW,530D LIMOUSINE G30 B57,HEV,diesel,7,141.0,210.0,1835.0,
2023,BMW,530D TOURING G31 B57,HEV,diesel,4,149.0,210.0,1940.0,
2023,BMW,530D XDRIVE LIMOUSINE G30 B57,HEV,diesel,31,148.0,210.0,1895.0,
2023,BMW,530D XDRIVE TOURING G31 B57,HEV,diesel,82,159.0,210.0,2000.0,
2023,BMW,530E LIMOUSINE G30 XB1,PHEV,petrol/electric,11,33.0,135.0,1910.0,167.0
2023,BMW,530E LIMOUSINE G60 XB1,PHEV,petrol/electric,5,15.0,140.0,2080.0,206.0
2023,BMW,530E TOURING G31 XB1,PHEV,petrol/electric,13,36.0,135.0,1975.0,172.0
2023,BMW,530E XDRIVE LIMOUSINE G30 XB1,PHEV,petrol/electric,55,39.0,135.0,1970.0,180.0
2023,BMW,530E XDRIVE TOURING G31 XB1,PHEV,petrol/electric,169,44.0,135.0,2035.0,190.0
2023,BMW,530I XDRIVE LIMOUSINE G30 B48,HEV,petrol,2,159.0,180.0,1755.0,
2023,BMW,530I XDRIVE TOURING G31 B48,HEV,petrol,4,172.0,180.0,1865.0,
2023,BMW,540D XDRIVE LIMOUSINE G30 B57,HEV,diesel,6,157.0,250.0,1925.0,
2023,BMW,540D XDRIVE TOURING G31 B57,HEV,diesel,20,164.0,250.0,2000.0,
2023,BMW,540I LIMOUSINE G30 B58,HEV,petrol,3,169.0,245.0,1760.0,
2023,BMW,540I XDRIVE LIMOUSINE G30 B58,HEV,petrol,3,175.0,245.0,1820.0,
2023,BMW,540I XDRIVE TOURING G31 B58,HEV,petrol,10,185.0,245.0,1925.0,
2023,BMW,545E XDRIVE LIMOUSINE G30 XB1,PHEV,petrol/electric,28,42.0,210.0,2020.0,179.0
2023,BMW,550E XDRIVE LIMOUSINE G60 XB1,PHEV,petrol/electric,14,21.0,230.0,2230.0,225.0
2023,BMW,620D GRAN TURISMO G32 B47,HEV,diesel,1,150.0,140.0,1910.0,
2023,BMW,620D XDRIVE GRAN TURISMO G32 B,HEV,diesel,3,157.0,140.0,1965.0,
2023,BMW,630D GRAN TURISMO G32 B57,HEV,diesel,1,159.0,210.0,2005.0,
2023,BMW,630D XDRIVE GRAN TURISMO G32 B,HEV,diesel,12,172.0,210.0,2065.0,
2023,BMW,640D XDRIVE GRAN TURISMO G32 B,HEV,diesel,9,172.0,250.0,2085.0,
2023,BMW,740D XDRIVE LIMOUSINE G70 B57,HEV,diesel,58,164.0,210.0,2255.0,
2023,BMW,750E XDRIVE LIMOUSINE G70 XB1,PHEV,petrol/electric,41,24.0,230.0,2455.0,216.0
2023,BMW,840D XDRIVE CABRIO G14 B57,HEV,diesel,4,177.0,250.0,2100.0,
2023,BMW,840D XDRIVE COUPE G15 B57,HEV,diesel,1,178.0,250.0,1990.0,
2023,BMW,840D XDRIVE GRAN COUPE G16 B57,HEV,diesel,39,180.0,250.0,2070.0,
2023,BMW,840I CABRIO G14 B58,ICE,petrol,3,196.0,245.0,1915.0,
2023,BMW,840I COUPE G15 B58,ICE,petrol,1,187.0,245.0,1805.0,
2023,BMW,840I XDRIVE CABRIO G14 B58,ICE,petrol,7,205.0,245.0,1990.0,
2023,BMW,840I XDRIVE COUPE G15 B58,ICE,petrol,3,199.0,245.0,1870.0,
2023,BMW,840I XDRIVE GRAN COUPE G16 B58,ICE,petrol,8,203.0,245.0,1950.0,
2023,BMW,I4 EDRIVE35,BEV,electric,1,0.0,80.0,2065.0,165.0
2023,BMW,I4 EDRIVE35 GRAN COUPE G26 HA0,BEV,electric,267,0.0,80.0,2065.0,163.0
2023,BMW,I4 EDRIVE40,BEV,electric,1,0.0,105.0,2125.0,167.0
2023,BMW,I4 EDRIVE40 GRAN COUPE G26 HA0,BEV,electric,833,0.0,105.0,2125.0,168.0
2023,BMW,I4 M50 XDRIVE GRAN COUPE G26 X,BEV,electric,825,0.0,125.0,2290.0,200.0
2023,BMW,I5 EDRIVE40 LIMOUSINE G60 HA0,BEV,electric,39,0.0,105.0,2205.0,173.0
2023,BMW,I5 M60 XDRIVE LIMOUSINE G60 XE,BEV,electric,114,0.0,127.0,2380.0,196.0
2023,BMW,I7 M70 XDRIVE LIMOUSINE G70 XE,BEV,electric,24,0.0,135.0,2770.0,214.0
2023,BMW,I7 XDRIVE60 G70 XE2,BEV,electric,70,0.0,135.0,2715.0,192.0
2023,BMW,IX M60 I20 XE2,BEV,electric,63,0.0,140.0,2670.0,227.0
2023,BMW,IX XDRIVE40 I20 XE2,BEV,electric,403,0.0,102.0,2440.0,206.0
2023,BMW,IX XDRIVE50 I20 XE2,BEV,electric,148,0.0,140.0,2585.0,208.0
2023,BMW,IX1 EDRIVE20 U11 HB0,BEV,electric,144,0.0,68.0,1940.0,159.0
2023,BMW,IX1 XDRIVE30,BEV,electric,2,0.0,94.0,2085.0,178.0
2023,BMW,IX1 XDRIVE30 U11 XE2,BEV,electric,1666,0.0,94.0,2085.0,174.0
2023,BMW,IX3,BEV,electric,1,0.0,80.0,2255.0,189.0
2023,BMW,IX3 G08 HA0,BEV,electric,1246,0.0,80.0,2255.0,186.0
2023,BMW,M135I XDRIVE 5-TÜRER F40 B48,ICE,petrol,9,173.0,225.0,1600.0,
2023,BMW,M2 COUPE G87 S58,ICE,petrol,90,221.0,338.0,1797.0,
2023,BMW,M235I XDRIVE GRAN COUPE F44 B4,ICE,petrol,5,165.0,225.0,1645.0,
2023,BMW,M240I COUPE G42 B58,ICE,petrol,3,178.0,275.0,1710.0,
2023,BMW,M240I XDRIVE COUPE G42 B58,ICE,petrol,21,191.0,275.0,1765.0,
2023,BMW,M3 COMPETITION LIMOUSINE G80 S,ICE,petrol,10,223.0,375.0,1805.0,
2023,BMW,M3 COMPETITION M XDRIVE G80 S5,ICE,petrol,42,229.0,375.0,1855.0,
2023,BMW,M3 COMPETITION M XDRIVE TOURIN,ICE,petrol,202,232.0,375.0,1940.0,
2023,BMW,M3 CS LIMOUSINE G80 S58,ICE,petrol,20,233.0,405.0,1840.0,
2023,BMW,M3 LIMOUSINE G80 S58,ICE,petrol,2,230.0,353.0,1780.0,
2023,BMW,M340D XDRIVE LIMOUSINE MX G20,HEV,diesel,6,157.0,250.0,1875.0,
2023,BMW,M340D XDRIVE TOURING G21 B57,HEV,diesel,40,164.0,250.0,1945.0,
2023,BMW,M340D XDRIVE TOURING G21 XD5,HEV,diesel,1,167.0,250.0,1955.0,
2023,BMW,M340I XDRIVE LIMOUSINE G20 B58,HEV,petrol,4,184.0,275.0,1800.0,
2023,BMW,M340I XDRIVE LIMOUSINE MX G20,HEV,petrol,7,180.0,275.0,1800.0,
2023,BMW,M340I XDRIVE TOURING G21 B58,HEV,petrol,34,189.0,275.0,1870.0,
2023,BMW,M4 COMPETITION COUPE G82 S58,ICE,petrol,9,223.0,375.0,1800.0,
2023,BMW,M4 COMPETITION M XDRIVE G82 S5,ICE,petrol,59,228.0,375.0,1850.0,
2023,BMW,M4 COMPETITION M XDRIVE G83 S5,ICE,petrol,43,232.0,375.0,1995.0,
2023,BMW,M4 COUPE G82 S58,ICE,petrol,1,227.0,353.0,1775.0,
2023,BMW,M4 CSL COUPE G82 S58,ICE,petrol,5,225.0,405.0,1700.0,
2023,BMW,M440D XDRIVE CABRIO G23 B57,HEV,diesel,4,162.0,250.0,2055.0,
2023,BMW,M440D XDRIVE COUPE G22 B57,HEV,diesel,5,154.0,250.0,1905.0,
2023,BMW,M440I CABRIO G23 B58,HEV,petrol,1,181.0,275.0,1925.0,
2023,BMW,M440I COUPE G22 B58,HEV,petrol,2,177.0,275.0,1770.0,
2023,BMW,M440I GRAN COUPE G26 B58,HEV,petrol,2,173.0,275.0,1840.0,
2023,BMW,M440I XDRIVE CABRIO G23 B58,HEV,petrol,31,183.0,275.0,1965.0,
2023,BMW,M440I XDRIVE COUPE G22 B58,HEV,petrol,16,176.0,275.0,1815.0,
2023,BMW,M440I XDRIVE GRAN COUPE G26 B5,HEV,petrol,40,186.0,275.0,1900.0,
2023,BMW,M5 LIMOUSINE F90 S63,ICE,petrol,12,257.0,460.0,1970.0,
2023,BMW,M550I XDRIVE LIMOUSINE G30 N63,ICE,petrol,2,244.0,390.0,1990.0,
2023,BMW,M760E XDRIVE LIMOUSINE G70 XB1,PHEV,petrol/electric,36,25.0,280.0,2525.0,217.0
2023,BMW,M8 CABRIO F91 S63,ICE,petrol,5,262.0,460.0,2100.0,
2023,BMW,M8 GRAN COUPE F93 S63,ICE,petrol,8,263.0,457.0,2070.0,
2023,BMW,M850I XDRIVE CABRIO G14 N63,ICE,petrol,6,246.0,390.0,2125.0,
2023,BMW,M850I XDRIVE COUPE G15 N63,ICE,petrol,1,240.0,390.0,2005.0,
2023,BMW,M850I XDRIVE GRAN COUPE G16 N6,ICE,petrol,6,246.0,390.0,2085.0,
2023,BMW,X1 M35I XDRIVE U11 B48,ICE,petrol,1,177.0,221.0,1740.0,
2023,BMW,X1 SDRIVE18D U11 B47,ICE,diesel,449,132.0,110.0,1650.0,
2023,BMW,X1 SDRIVE18I U11 B38,ICE,petrol,144,146.0,100.0,1575.0,
2023,BMW,X1 SDRIVE20I U11 B38,HEV,petrol,67,137.0,115.0,1625.0,
2023,BMW,X1 XDRIVE20D U11 B47,HEV,diesel,521,130.0,110.0,1765.0,
2023,BMW,X1 XDRIVE23D U11 B47,HEV,diesel,248,130.0,145.0,1765.0,
2023,BMW,X1 XDRIVE23I U11 B48,HEV,petrol,170,152.0,150.0,1730.0,
2023,BMW,X1 XDRIVE25E U11 XB2,PHEV,petrol/electric,332,16.0,100.0,1930.0,153.0
2023,BMW,X1 XDRIVE30E U11 XB2,PHEV,petrol/electric,275,18.0,110.0,1935.0,157.0
2023,BMW,X2 M35I F39 B48,ICE,petrol,3,176.0,225.0,1690.0,
2023,BMW,X2 SDRIVE16D F39 B47,ICE,diesel,13,133.0,85.0,1559.0,
2023,BMW,X2 SDRIVE18D F39 B47,ICE,diesel,22,136.0,110.0,1608.0,
2023,BMW,X2 SDRIVE18I F39 B38,ICE,petrol,9,145.0,100.0,1502.0,
2023,BMW,X2 SDRIVE20D F39 B47,ICE,diesel,2,141.0,140.0,1620.0,
2023,BMW,X2 XDRIVE18D F39 B47,ICE,diesel,47,147.0,110.0,1680.0,
2023,BMW,X2 XDRIVE20D F39 B47,ICE,diesel,5,145.0,140.0,1680.0,
2023,BMW,X2 XDRIVE20I F39 B48,ICE,petrol,8,160.0,131.0,1640.0,
2023,BMW,X2 XDRIVE25D F39 B47,ICE,diesel,1,152.0,170.0,1695.0,
2023,BMW,X2 XDRIVE25E F39 XB2,PHEV,petrol/electric,19,38.0,92.0,1805.0,152.0
2023,BMW,X3 M F97 S58,ICE,petrol,13,248.0,375.0,2085.0,
2023,BMW,X3 M40D G01 B57,HEV,diesel,11,180.0,250.0,2080.0,
2023,BMW,X3 M40D G01 B57 ZA,HEV,diesel,49,179.0,250.0,2080.0,
2023,BMW,X3 M40I G01 B58,HEV,petrol,7,205.0,265.0,1985.0,
2023,BMW,X3 M40I G01 B58 ZA,HEV,petrol,20,205.0,265.0,1985.0,
2023,BMW,X3 SDRIVE18D G01 B47,HEV,diesel,2,148.0,110.0,1885.0,
2023,BMW,X3 SDRIVE18D G01 B47 ZA,HEV,diesel,28,149.0,110.0,1885.0,
2023,BMW,X3 XDRIVE20D G01 B47,HEV,diesel,84,155.0,140.0,1915.0,
2023,BMW,X3 XDRIVE20D G01 B47 ZA,HEV,diesel,569,154.0,140.0,1915.0,
2023,BMW,X3 XDRIVE20I G01 B48,HEV,petrol,9,174.0,135.0,1875.0,
2023,BMW,X3 XDRIVE20I G01 B48 ZA,HEV,petrol,45,174.0,135.0,1875.0,
2023,BMW,X3 XDRIVE30D G01 B57,HEV,diesel,21,167.0,210.0,2010.0,
2023,BMW,X3 XDRIVE30D G01 B57 ZA,HEV,diesel,103,167.0,210.0,2010.0,
2023,BMW,X3 XDRIVE30E G01 XB1,PHEV,petrol/electric,530,47.0,135.0,2065.0,192.0
2023,BMW,X3 XDRIVE30I G01 B48,HEV,petrol,3,176.0,180.0,1885.0,
2023,BMW,X3 XDRIVE30I G01 B48 ZA,HEV,petrol,11,176.0,180.0,1885.0,
2023,BMW,X4 M F98 S58,ICE,petrol,6,245.0,375.0,2085.0,
2023,BMW,X4 M40D G02 B57,HEV,diesel,33,179.0,250.0,2095.0,
2023,BMW,X4 M40I G02 B58,HEV,petrol,10,203.0,265.0,1995.0,
2023,BMW,X4 XDRIVE20D G02 B47,HEV,diesel,208,153.0,140.0,1915.0,
2023,BMW,X4 XDRIVE20I G02 B48,HEV,petrol,17,173.0,135.0,1875.0,
2023,BMW,X4 XDRIVE30D G02 B57,HEV,diesel,48,166.0,210.0,2010.0,
2023,BMW,X4 XDRIVE30I G02 B48,HEV,petrol,14,176.0,180.0,1890.0,
2023,BMW,X5 M COMPETITION F95 S68,HEV,petrol,8,294.0,460.0,2475.0,
2023,BMW,X5 M F95 S63,ICE,petrol,4,307.0,460.0,2410.0,
2023,BMW,X5 M50I,ICE,petrol,1,329.0,390.0,3275.0,
2023,BMW,X5 M50I G05 N63,ICE,petrol,3,268.0,390.0,2335.0,
2023,BMW,X5 M60I XDRIVE G05 S68,HEV,petrol,14,266.0,390.0,2420.0,
2023,BMW,X5 XDRIVE25D G05 B47,ICE,diesel,2,198.0,170.0,2145.0,
2023,BMW,X5 XDRIVE30D G05 B57,HEV,diesel,298,192.0,210.0,2289.0,
2023,BMW,X5 XDRIVE40D G05 B57,HEV,diesel,11,201.0,250.0,2321.0,
2023,BMW,X5 XDRIVE40D G05 XD5,HEV,diesel,38,191.0,250.0,2290.0,
2023,BMW,X5 XDRIVE40I G05 B58,HEV,petrol,23,207.0,269.0,2223.0,
2023,BMW,X5 XDRIVE45E G05 XB1,PHEV,petrol/electric,271,29.0,210.0,2510.0,253.0
2023,BMW,X5 XDRIVE50E G05 XB1,PHEV,petrol/electric,613,19.0,230.0,2495.0,240.0
2023,BMW,X6 M COMPETITION F96 S68,HEV,petrol,9,290.0,460.0,2445.0,
2023,BMW,X6 M F96 S63,ICE,petrol,7,302.0,457.0,2395.0,
2023,BMW,X6 M60I XDRIVE G06 S68,HEV,petrol,8,262.0,390.0,2390.0,
2023,BMW,X6 XDRIVE30D G06 B57,HEV,diesel,146,186.0,210.0,2280.0,
2023,BMW,X6 XDRIVE40D G06 B57,HEV,diesel,6,196.0,250.0,2320.0,
2023,BMW,X6 XDRIVE40D G06 XD5,HEV,diesel,36,186.0,250.0,2290.0,
2023,BMW,X6 XDRIVE40I G06 B58,HEV,petrol,25,202.0,271.0,2223.0,
2023,BMW,X7 M60I XDRIVE G07 S68,HEV,petrol,30,286.0,390.0,2675.0,
2023,BMW,X7 XDRIVE40D G07 B57,HEV,diesel,196,211.0,250.0,2565.0,
2023,BMW,X7 XDRIVE40I G07 B58,HEV,petrol,32,227.0,280.0,2490.0,
2023,BMW,XM,PHEV,petrol/electric,1,36.0,360.0,2785.0,301.0
2023,BMW,XM G09 XB1,PHEV,petrol/electric,151,35.0,360.0,2785.0,298.0
2023,BMW,XM LABEL RED G09 XB1,PHEV,petrol/electric,4,44.0,430.0,2795.0,335.0
2023,BMW,Z4 M40I G29 B58,ICE,petrol,47,183.0,250.0,1639.0,
2023,BMW,Z4 SDRIVE20I G29 B48,ICE,petrol,56,163.0,145.0,1523.0,
2023,BMW,Z4 SDRIVE30I G29 B48,ICE,petrol,12,165.0,190.0,1545.0,
2023,BMW I,I3 EDRIVE BEV I01 IB1,BEV,electric,1,0.0,75.0,1345.0,154.0
2023,BYD,ATTO 3,BEV,electric,733,0.0,65.0,1825.0,160.0
2023,BYD,DOLPHIN,BEV,electric,194,0.0,65.0,1733.0,159.0
2023,BYD,HAN,BEV,electric,43,0.0,130.0,2325.0,185.0
2023,BYD,SEAL,BEV,electric,17,0.0,127.0,2229.0,178.0
2023,BYD,TANG EV,BEV,electric,36,0.0,130.0,2564.0,238.0
2023,CATERHAM,SEVEN S3 (ZA VARIANT),ICE,petrol,1,109.0,63.0,570.0,
2023,CATERHAM,SEVEN SV (DA VARIANT),ICE,petrol,2,148.0,128.0,725.0,
2023,CHERVOLET,CORVETTE,ICE,petrol,1,277.0,354.0,1767.0,
2023,CHEVROLET,CORVETTE,ICE,petrol,22,277.0,354.0,1758.0,
2023,CHRYSLER,PACIFICA HYBRID,PHEV,petrol/electric,13,,174.3,2366.0,192.4
2023,CHRYSLER,PACIFICA HYBRID LIMITED,PHEV,petrol/electric,2,,162.0,2354.0,163.0
2023,CITROEN,BERLINGO,ICE,diesel,53,138.0,91.0,1550.0,
2023,CITROEN,BERLINGO,ICE,petrol,46,155.0,95.0,1538.0,
2023,CITROEN,C3,ICE,diesel,46,116.0,75.0,1164.0,
2023,CITROEN,C3,ICE,petrol,914,126.0,70.0,1108.0,
2023,CITROEN,C3 AIRCROSS,ICE,diesel,108,128.0,81.0,1307.0,
2023,CITROEN,C3 AIRCROSS,ICE,petrol,354,140.0,89.0,1299.0,
2023,CITROEN,C4,ICE,diesel,181,127.0,95.0,1395.0,
2023,CITROEN,C4,ICE,petrol,79,125.0,94.0,1334.0,
2023,CITROEN,C4 SPACETOURER,ICE,diesel,1,138.0,96.0,1505.0,
2023,CITROEN,C5 AIRCROSS,ICE,diesel,396,142.0,96.0,1566.0,
2023,CITROEN,C5 AIRCROSS,HEV,petrol,5,129.0,100.0,1606.0,
2023,CITROEN,C5 AIRCROSS,ICE,petrol,122,141.0,96.0,1485.0,
2023,CITROEN,C5 AIRCROSS,PHEV,petrol/electric,147,29.0,133.0,1845.0,165.0
2023,CITROEN,C5 X,ICE,petrol,99,136.0,96.0,1493.0,
2023,CITROEN,C5 X,PHEV,petrol/electric,231,27.0,131.0,1797.0,149.0
2023,CITROEN,E-BERLINGO,BEV,electric,136,0.0,57.0,1759.0,197.0
2023,CITROEN,E-C4,BEV,electric,244,0.0,57.0,1636.0,153.0
2023,CITROEN,E-C4 X,BEV,electric,147,0.0,57.0,1659.0,152.0
2023,CITROEN,JUMPY,BEV,electric,17,0.0,57.0,2118.0,265.0
2023,CITROEN,SPACETOURER,ICE,diesel,27,190.0,130.0,1876.0,
2023,CITROEN,SPACETOURER,BEV,electric,61,0.0,57.0,2140.0,267.0
2023,CUPRA,ATECA,ICE,petrol,703,168.0,129.0,1510.0,
2023,CUPRA,BORN,BEV,electric,3,0.0,,1811.0,157.0
2023,CUPRA,BORN 150 KW 58/62 KWH,BEV,electric,992,0.0,,1817.0,154.0
2023,CUPRA,BORN 170 KW 58/62 KWH,BEV,electric,330,0.0,,1837.0,157.0
2023,CUPRA,BORN 170 KW 77/82 KWH,BEV,electric,1321,0.0,,1949.0,160.0
2023,CUPRA,FORMENTOR,ICE,diesel,216,147.0,110.0,1590.0,
2023,CUPRA,FORMENTOR,ICE,petrol,1185,164.0,135.0,1500.0,
2023,CUPRA,FORMENTOR E-HYBRID,PHEV,petrol/electric,102,29.0,110.0,1680.0,152.0
2023,CUPRA,FORMENTOR VZ E-HYBRID,PHEV,petrol/electric,293,33.0,110.0,1700.0,159.0
2023,CUPRA,LEON,ICE,diesel,19,123.0,110.0,1473.0,
2023,CUPRA,LEON,HEV,petrol,307,135.0,110.0,1395.0,
2023,CUPRA,LEON,ICE,petrol,345,143.0,126.0,1406.0,
2023,CUPRA,LEON E-HYBRID150,PHEV,petrol/electric,17,26.0,110.0,1638.0,148.0
2023,CUPRA,LEON E-HYBRID180,PHEV,petrol/electric,16,29.0,110.0,1660.0,154.0
2023,CUPRA,LEON SP,ICE,diesel,448,129.0,110.0,1539.0,
2023,CUPRA,LEON SP,HEV,petrol,387,136.0,110.0,1441.0,
2023,CUPRA,LEON SP,ICE,petrol,397,155.0,146.0,1497.0,
2023,CUPRA,LEON SP E-HYBRID150,PHEV,petrol/electric,63,27.0,110.0,1689.0,149.0
2023,CUPRA,LEON SP E-HYBRID180,PHEV,petrol/electric,76,29.0,110.0,1704.0,155.0
2023,DACIA,DOKKER,ICE,petrol,1,,61.0,1349.0,
2023,DACIA,DUSTER,ICE,diesel,2027,139.0,84.0,1510.0,
2023,DACIA,DUSTER,ICE,petrol,754,144.0,100.0,1343.0,
2023,DACIA,JOGGER,ICE,lpg,4,119.0,70.0,1305.0,
2023,DACIA,JOGGER,HEV,petrol,280,106.0,51.0,1444.0,
2023,DACIA,JOGGER,ICE,petrol,2037,128.0,81.0,1261.0,
2023,DACIA,LOGAN,ICE,petrol,1,125.0,67.0,1191.0,
2023,DACIA,SANDERO,ICE,petrol,3949,125.0,65.0,1160.0,
2023,DACIA,SPRING,BEV,electric,517,0.0,33.0,1013.0,139.0
2023,DALLARA,STRADALE,ICE,petrol,1,216.0,293.0,1010.0,
2023,DFSK,FENGON 500,ICE,petrol,4,171.0,78.0,1455.0,
2023,DFSK,SERES 3,BEV,electric,2,0.0,50.0,1765.0,180.0
2023,DS,3,BEV,electric,11,0.0,62.0,1625.0,155.0
2023,DS,3 CROSSBACK,BEV,electric,2,0.0,57.0,1598.0,160.0
2023,DS,3 CROSSBACK,ICE,petrol,1,128.0,74.0,1245.0,
2023,DS,7 CROSSBACK,ICE,diesel,1,138.0,96.0,1575.0,
2023,DS,7 CROSSBACK,PHEV,petrol/electric,5,33.0,141.0,1874.0,164.0
2023,DS,9,PHEV,petrol/electric,15,30.0,142.0,1956.0,161.0
2023,DS,DS3,BEV,electric,5,0.0,62.0,1625.0,156.0
2023,DS,DS4,ICE,diesel,64,135.0,96.0,1489.0,
2023,DS,DS4,ICE,petrol,54,138.0,96.0,1427.0,
2023,DS,DS4,PHEV,petrol/electric,19,28.0,132.0,1728.0,148.0
2023,DS,DS7,ICE,diesel,27,145.0,96.0,1585.0,
2023,DS,DS7,PHEV,petrol/electric,71,32.0,145.0,1924.0,169.0
2023,FERRARI,296 GTB,PHEV,petrol/electric,24,149.0,488.0,1735.0,140.0
2023,FERRARI,296 GTS,PHEV,petrol/electric,8,153.0,488.0,1825.0,122.0
2023,FERRARI,812 COMPETIZIONE,ICE,petrol,5,385.0,607.0,1740.0,
2023,FERRARI,812 COMPETIZIONE A,ICE,petrol,3,370.0,607.0,1810.0,
2023,FERRARI,812 GTS,ICE,petrol,6,373.0,585.0,1865.0,
2023,FERRARI,DAYTONA SP3,ICE,petrol,1,368.0,614.0,1705.0,
2023,FERRARI,F8 SPIDER,ICE,petrol,9,296.0,530.0,1675.0,
2023,FERRARI,F8 TRIBUTO,ICE,petrol,1,292.0,530.0,1605.0,
2023,FERRARI,PORTOFINO M,ICE,petrol,6,256.0,456.0,1750.0,
2023,FERRARI,PUROSANGUE,ICE,petrol,4,393.0,529.0,2245.0,
2023,FERRARI,ROMA,ICE,petrol,15,255.0,456.0,1655.0,
2023,FERRARI,ROMA SPIDER,ICE,petrol,1,258.0,456.0,1780.0,
2023,FERRARI,SF90 SPIDER,PHEV,petrol/electric,18,151.0,574.0,1920.0,133.0
2023,FERRARI,SF90 STRADALE,PHEV,petrol/electric,13,155.0,574.0,1840.0,122.0
2023,FIAT,500,BEV,electric,833,0.0,43.0,1377.0,143.0
2023,FIAT,500,HEV,petrol,1077,105.0,52.0,1049.0,
2023,FIAT,500X,ICE,diesel,1,131.0,96.0,1505.0,
2023,FIAT,500X,HEV,petrol,165,129.0,96.0,1480.0,
2023,FIAT,500X,ICE,petrol,94,140.0,88.0,1365.0,
2023,FIAT,600,BEV,electric,78,0.0,62.0,1595.0,151.0
2023,FIAT,ABARTH 500,BEV,electric,129,0.0,47.0,1423.0,183.0
2023,FIAT,ABARTH 500,ICE,petrol,171,160.0,129.0,1146.0,
2023,FIAT,E-DOBLÒ,BEV,electric,55,0.0,57.0,1747.0,197.0
2023,FIAT,PANDA,HEV,petrol,294,110.0,52.0,1049.0,
2023,FIAT,PANDA,ICE,petrol,254,156.0,63.0,1165.0,
2023,FIAT,TIPO,ICE,diesel,67,120.0,94.0,1462.0,
2023,FIAT,TIPO,HEV,petrol,185,119.0,96.0,1425.0,
2023,FIAT,TIPO,ICE,petrol,327,126.0,73.0,1335.0,
2023,FIAT,ULYSSE,BEV,electric,14,0.0,57.0,2147.0,268.0
2023,FISKER,OCEAN,BEV,electric,246,0.0,179.0,2524.0,183.0
2023,FORD,BRONCO BADLANDS,ICE,petrol,4,287.0,246.0,2418.0,
2023,FORD,BRONCO OUTER BANKS,ICE,petrol,3,255.0,246.0,2289.0,
2023,FORD,ECOSPORT ACTIVE,ICE,petrol,3,143.0,92.0,1359.0,
2023,FORD,ECOSPORT ST-LINE,ICE,petrol,13,144.0,94.0,1360.0,
2023,FORD,ECOSPORT TITANIUM,ICE,petrol,47,141.0,92.0,1359.0,
2023,FORD,EXPLORER PLATINUM,PHEV,petrol/electric,11,71.0,267.0,2541.0,220.0
2023,FORD,EXPLORER ST- LINE,PHEV,petrol/electric,34,71.0,267.0,2541.0,220.0
2023,FORD,FIESTA,HEV,petrol,1,114.0,92.0,1246.0,
2023,FORD,FIESTA,ICE,petrol,3,121.0,55.0,1159.0,
2023,FORD,FIESTA ACTIVE,HEV,petrol,3,120.0,92.0,1265.0,
2023,FORD,FIESTA ACTIVE,ICE,petrol,60,126.0,74.0,1215.0,
2023,FORD,FIESTA ACTIVE X,HEV,petrol,5,120.0,92.0,1280.0,
2023,FORD,FIESTA ACTIVE X,ICE,petrol,52,128.0,74.0,1225.0,
2023,FORD,FIESTA COOL & CONNECT,ICE,petrol,340,122.0,59.0,1184.0,
2023,FORD,FIESTA ST X,ICE,petrol,40,152.0,147.0,1299.0,
2023,FORD,FIESTA ST- LINE,ICE,petrol,59,122.0,56.0,1182.0,
2023,FORD,FIESTA ST-LINE,HEV,petrol,15,114.0,108.0,1222.0,
2023,FORD,FIESTA ST-LINE,ICE,petrol,157,125.0,74.0,1213.0,
2023,FORD,FIESTA ST-LINE X,HEV,petrol,17,118.0,92.0,1265.0,
2023,FORD,FIESTA ST-LINE X,ICE,petrol,52,125.0,74.0,1219.0,
2023,FORD,FIESTA TITANIUM,HEV,petrol,11,119.0,92.0,1267.0,
2023,FORD,FIESTA TITANIUM,ICE,petrol,326,122.0,62.0,1188.0,
2023,FORD,FIESTA TITANIUM X,HEV,petrol,2,119.0,92.0,1279.0,
2023,FORD,FIESTA TITANIUM X,ICE,petrol,37,125.0,74.0,1207.0,
2023,FORD,FOCUS,ICE,diesel,1,131.0,85.0,1507.0,
2023,FORD,FOCUS ACTIVE,ICE,diesel,26,119.0,87.0,1483.0,
2023,FORD,FOCUS ACTIVE,HEV,petrol,10,123.0,92.0,1410.0,
2023,FORD,FOCUS ACTIVE,ICE,petrol,5,129.0,92.0,1381.0,
2023,FORD,FOCUS ACTIVE STYLE,ICE,diesel,1,116.0,88.0,1431.0,
2023,FORD,FOCUS ACTIVE STYLE,ICE,petrol,12,131.0,92.0,1394.0,
2023,FORD,FOCUS ACTIVE X,ICE,diesel,7,131.0,86.0,1492.0,
2023,FORD,FOCUS ACTIVE X,HEV,petrol,34,125.0,101.0,1432.0,
2023,FORD,FOCUS ACTIVE X,ICE,petrol,4,131.0,92.0,1398.0,
2023,FORD,FOCUS COOL & CONNECT,ICE,diesel,54,116.0,88.0,1451.0,
2023,FORD,FOCUS COOL & CONNECT,HEV,petrol,1,125.0,92.0,1469.0,
2023,FORD,FOCUS COOL & CONNECT,ICE,petrol,4,123.0,74.0,1362.0,
2023,FORD,FOCUS ST LINE DESIGN,HEV,petrol,3,123.0,92.0,1413.0,
2023,FORD,FOCUS ST LINE DESIGN,ICE,petrol,1,125.0,92.0,1330.0,
2023,FORD,FOCUS ST X,ICE,petrol,38,183.0,206.0,1527.0,
2023,FORD,FOCUS ST-LINE,ICE,diesel,5,124.0,87.0,1498.0,
2023,FORD,FOCUS ST-LINE,HEV,petrol,88,120.0,93.0,1406.0,
2023,FORD,FOCUS ST-LINE,ICE,petrol,7,124.0,92.0,1365.0,
2023,FORD,FOCUS ST-LINE DESIGN,HEV,petrol,1,121.0,114.0,1437.0,
2023,FORD,FOCUS ST-LINE DESIGN,ICE,petrol,2,127.0,92.0,1413.0,
2023,FORD,FOCUS ST-LINE STYLE,ICE,diesel,4,116.0,88.0,1427.0,
2023,FORD,FOCUS ST-LINE STYLE,HEV,petrol,64,122.0,92.0,1412.0,
2023,FORD,FOCUS ST-LINE STYLE,ICE,petrol,24,125.0,92.0,1338.0,
2023,FORD,FOCUS ST-LINE VIGNALE,ICE,diesel,5,121.0,88.0,1452.0,
2023,FORD,FOCUS ST-LINE VIGNALE,HEV,petrol,3,131.0,99.0,1468.0,
2023,FORD,FOCUS ST-LINE X,ICE,diesel,24,129.0,86.0,1488.0,
2023,FORD,FOCUS ST-LINE X,HEV,petrol,77,121.0,100.0,1423.0,
2023,FORD,FOCUS ST-LINE X,ICE,petrol,21,127.0,92.0,1386.0,
2023,FORD,FOCUS TITANIUM,ICE,diesel,46,121.0,86.0,1458.0,
2023,FORD,FOCUS TITANIUM,HEV,petrol,59,118.0,92.0,1393.0,
2023,FORD,FOCUS TITANIUM,ICE,petrol,25,121.0,92.0,1356.0,
2023,FORD,FOCUS TITANIUM DESIGN,HEV,petrol,1,125.0,92.0,1479.0,
2023,FORD,FOCUS TITANIUM STYLE,ICE,diesel,12,129.0,85.0,1507.0,
2023,FORD,FOCUS TITANIUM STYLE,HEV,petrol,51,119.0,92.0,1407.0,
2023,FORD,FOCUS TITANIUM STYLE,ICE,petrol,12,122.0,92.0,1351.0,
2023,FORD,FOCUS TITANIUM VIGNALE,HEV,petrol,2,123.0,103.0,1419.0,
2023,FORD,FOCUS TITANIUM X,ICE,diesel,17,128.0,85.0,1469.0,
2023,FORD,FOCUS TITANIUM X,HEV,petrol,33,119.0,94.0,1395.0,
2023,FORD,FOCUS TITANIUM X,ICE,petrol,4,122.0,92.0,1365.0,
2023,FORD,FOCUS TURNIER ACTIVE,ICE,diesel,9,135.0,85.0,1531.0,
2023,FORD,FOCUS TURNIER ACTIVE,HEV,petrol,128,125.0,92.0,1466.0,
2023,FORD,FOCUS TURNIER ACTIVE,ICE,petrol,6,131.0,92.0,1446.0,
2023,FORD,FOCUS TURNIER ACTIVE X,ICE,diesel,17,135.0,85.0,1533.0,
2023,FORD,FOCUS TURNIER ACTIVE X,HEV,petrol,52,127.0,99.0,1486.0,
2023,FORD,FOCUS TURNIER ACTIVE X,ICE,petrol,2,131.0,92.0,1448.0,
2023,FORD,FOCUS TURNIER ST X,ICE,petrol,19,182.0,206.0,1567.0,
2023,FORD,FOCUS TURNIER ST-LINE,ICE,diesel,42,136.0,85.0,1532.0,
2023,FORD,FOCUS TURNIER ST-LINE,HEV,petrol,129,126.0,94.0,1481.0,
2023,FORD,FOCUS TURNIER ST-LINE,ICE,petrol,2,129.0,92.0,1447.0,
2023,FORD,FOCUS TURNIER ST-LINE X,ICE,diesel,29,134.0,85.0,1539.0,
2023,FORD,FOCUS TURNIER ST-LINE X,HEV,petrol,91,125.0,99.0,1493.0,
2023,FORD,FOCUS TURNIER ST-LINE X,ICE,petrol,8,128.0,92.0,1454.0,
2023,FORD,FOCUS TURNIER TITANIUM,ICE,diesel,105,131.0,85.0,1507.0,
2023,FORD,FOCUS TURNIER TITANIUM,HEV,petrol,135,121.0,93.0,1454.0,
2023,FORD,FOCUS TURNIER TITANIUM,ICE,petrol,60,125.0,92.0,1422.0,
2023,FORD,FOCUS TURNIER TITANIUM X,ICE,diesel,32,130.0,85.0,1506.0,
2023,FORD,FOCUS TURNIER TITANIUM X,HEV,petrol,31,122.0,95.0,1457.0,
2023,FORD,FOCUS TURNIER TITANIUM X,ICE,petrol,1,126.0,92.0,1421.0,
2023,FORD,GALAXY EDITION,ICE,diesel,6,164.0,110.0,1927.0,
2023,FORD,GALAXY EDITION,HEV,petrol,63,147.0,110.0,1937.0,
2023,FORD,GALAXY TITANIUM,ICE,diesel,23,173.0,124.0,1983.0,
2023,FORD,GALAXY TITANIUM,HEV,petrol,855,147.0,110.0,1942.0,
2023,FORD,GALAXY TREND,HEV,petrol,11,147.0,110.0,1924.0,
2023,FORD,GALAXY VIGNALE,ICE,diesel,2,182.0,140.0,2030.0,
2023,FORD,GALAXY VIGNALE,HEV,petrol,134,148.0,110.0,1944.0,
2023,FORD,GR TOURNEO CONNECT ACT,ICE,diesel,71,139.0,89.0,1742.0,
2023,FORD,GR TOURNEO CONNECT ACT,ICE,petrol,2,155.0,84.0,1646.0,
2023,FORD,GR TOURNEO CONNECT SPORT,ICE,diesel,13,135.0,87.0,1708.0,
2023,FORD,GR TOURNEO CONNECT TIT,ICE,diesel,156,135.0,88.0,1717.0,
2023,FORD,GR TOURNEO CONNECT TIT,ICE,petrol,15,149.0,84.0,1618.0,
2023,FORD,GRTOURNEO CONNECT ACTIVE,ICE,diesel,21,129.0,87.0,1634.0,
2023,FORD,GRTOURNEO CONNECT TIT,ICE,diesel,12,140.0,90.0,1737.0,
2023,FORD,GT,ICE,petrol,1,315.0,463.0,1598.0,
2023,FORD,KUGA COOL & CONNECT,ICE,diesel,227,135.0,88.0,1622.0,
2023,FORD,KUGA COOL & CONNECT,HEV,petrol,51,125.0,112.0,1706.0,
2023,FORD,KUGA COOL & CONNECT,ICE,petrol,20,149.0,108.0,1564.0,
2023,FORD,KUGA COOL & CONNECT,PHEV,petrol/electric,23,22.0,112.0,1844.0,146.0
2023,FORD,KUGA GRAPHITE TECH ED,ICE,diesel,4,155.0,88.0,1701.0,
2023,FORD,KUGA GRAPHITE TECH ED,HEV,petrol,13,130.0,112.0,1734.0,
2023,FORD,KUGA GRAPHITE TECH ED,PHEV,petrol/electric,5,23.0,112.0,1844.0,148.0
2023,FORD,KUGA ST-LINE,ICE,diesel,79,151.0,88.0,1694.0,
2023,FORD,KUGA ST-LINE,HEV,petrol,25,128.0,112.0,1741.0,
2023,FORD,KUGA ST-LINE,ICE,petrol,12,149.0,111.0,1564.0,
2023,FORD,KUGA ST-LINE,PHEV,petrol/electric,73,22.0,112.0,1844.0,146.0
2023,FORD,KUGA ST-LINE X,ICE,diesel,84,154.0,91.0,1702.0,
2023,FORD,KUGA ST-LINE X,HEV,petrol,177,129.0,112.0,1745.0,
2023,FORD,KUGA ST-LINE X,ICE,petrol,9,150.0,111.0,1564.0,
2023,FORD,KUGA ST-LINE X,PHEV,petrol/electric,173,23.0,112.0,1844.0,147.0
2023,FORD,KUGA TITANIUM,ICE,diesel,114,151.0,88.0,1691.0,
2023,FORD,KUGA TITANIUM,HEV,petrol,90,126.0,112.0,1727.0,
2023,FORD,KUGA TITANIUM,ICE,petrol,27,149.0,111.0,1564.0,
2023,FORD,KUGA TITANIUM,PHEV,petrol/electric,68,22.0,112.0,1844.0,146.0
2023,FORD,KUGA TITANIUM X,ICE,diesel,168,150.0,130.0,1726.0,
2023,FORD,KUGA TITANIUM X,HEV,petrol,72,127.0,112.0,1740.0,
2023,FORD,KUGA TITANIUM X,ICE,petrol,11,149.0,111.0,1564.0,
2023,FORD,KUGA TITANIUM X,PHEV,petrol/electric,38,22.0,112.0,1844.0,146.0
2023,FORD,KUGA VIGNALE,HEV,diesel,1,128.0,110.0,1680.0,
2023,FORD,KUGA VIGNALE,ICE,diesel,4,153.0,101.0,1701.0,
2023,FORD,KUGA VIGNALE,HEV,petrol,45,130.0,112.0,1742.0,
2023,FORD,KUGA VIGNALE,ICE,petrol,2,150.0,111.0,1564.0,
2023,FORD,KUGA VIGNALE,PHEV,petrol/electric,66,23.0,112.0,1844.0,148.0
2023,FORD,MUSTANG CONVERTIBLE GT,ICE,petrol,21,264.0,330.0,1891.0,
2023,FORD,MUSTANG FASTBACK GT,ICE,petrol,7,259.0,330.0,1830.0,
2023,FORD,MUSTANG FASTBACK MACH 1,ICE,petrol,3,284.0,338.0,1834.0,
2023,FORD,MUSTANG MACH 1,ICE,petrol,15,275.0,338.0,1849.0,
2023,FORD,MUSTANG MACH-E,BEV,electric,162,0.0,100.0,2115.0,167.0
2023,FORD,MUSTANG MACH-E AWD,BEV,electric,109,0.0,124.0,2217.0,189.0
2023,FORD,MUSTANG MACH-E GT,BEV,electric,62,0.0,200.0,2348.0,206.0
2023,FORD,MUSTANG MACH-E PREMIUM,BEV,electric,226,0.0,111.0,2200.0,180.0
2023,FORD,PUMA,HEV,petrol,4,121.0,92.0,1280.0,
2023,FORD,PUMA ST,ICE,petrol,2,151.0,147.0,1358.0,
2023,FORD,PUMA ST GOLD EDITION,ICE,petrol,3,151.0,147.0,1358.0,
2023,FORD,PUMA ST X,HEV,petrol,6,139.0,118.0,1410.0,
2023,FORD,PUMA ST X,ICE,petrol,11,151.0,147.0,1363.0,
2023,FORD,PUMA ST- LINE,HEV,petrol,6,123.0,92.0,1315.0,
2023,FORD,PUMA ST- LINE X,HEV,petrol,9,125.0,94.0,1307.0,
2023,FORD,PUMA ST-LINE,HEV,petrol,277,124.0,92.0,1334.0,
2023,FORD,PUMA ST-LINE DESIGN,HEV,petrol,51,121.0,92.0,1315.0,
2023,FORD,PUMA ST-LINE VIGNALE,HEV,petrol,47,130.0,97.0,1357.0,
2023,FORD,PUMA ST-LINE X,HEV,petrol,194,125.0,94.0,1342.0,
2023,FORD,PUMA ST-X,ICE,petrol,1,151.0,147.0,1363.0,
2023,FORD,PUMA TITANIUM,HEV,petrol,428,123.0,92.0,1323.0,
2023,FORD,PUMA TITANIUM DESIGN,HEV,petrol,7,123.0,92.0,1295.0,
2023,FORD,PUMA TITANIUM DESIGN,ICE,petrol,2,132.0,92.0,1280.0,
2023,FORD,PUMA TITANIUM X,HEV,petrol,130,126.0,93.0,1343.0,
2023,FORD,PUMA VIGNALE,ICE,diesel,4,157.0,88.0,1735.0,
2023,FORD,PUMA VIVID RUBY EDITION,HEV,petrol,59,124.0,92.0,1338.0,
2023,FORD,S-MAX EDITION,HEV,petrol,1,145.0,110.0,1845.0,
2023,FORD,S-MAX ST-LINE,HEV,petrol,15,147.0,110.0,1849.0,
2023,FORD,S-MAX TITANIUM,HEV,petrol,13,146.0,110.0,1855.0,
2023,FORD,S-MAX VIGNALE,HEV,petrol,5,146.0,110.0,1858.0,
2023,FORD,TOURNEO CONNECT,ICE,petrol,1,154.0,84.0,1656.0,
2023,FORD,TOURNEO CONNECT ACTIVE,ICE,diesel,50,136.0,87.0,1671.0,
2023,FORD,TOURNEO CONNECT ACTIVE,ICE,petrol,10,149.0,84.0,1552.0,
2023,FORD,TOURNEO CONNECT SPORT,ICE,diesel,20,135.0,90.0,1655.0,
2023,FORD,TOURNEO CONNECT SPORT,ICE,petrol,2,152.0,84.0,1564.0,
2023,FORD,TOURNEO CONNECT TIT,ICE,diesel,3,139.0,90.0,1670.0,
2023,FORD,TOURNEO CONNECT TITANIUM,ICE,diesel,91,131.0,85.0,1636.0,
2023,FORD,TOURNEO CONNECT TITANIUM,ICE,petrol,21,148.0,84.0,1556.0,
2023,FORD,TOURNEO CUSTOM,ICE,diesel,1,220.0,96.0,2332.0,
2023,FORD,TOURNEO CUSTOM ACTIVE,HEV,diesel,8,203.0,110.0,2457.0,
2023,FORD,TOURNEO CUSTOM ACTIVE,ICE,diesel,26,234.0,114.0,2562.0,
2023,FORD,TOURNEO CUSTOM SPORT,ICE,diesel,10,230.0,125.0,2539.0,
2023,FORD,TOURNEO CUSTOM TITANIUM,HEV,diesel,8,205.0,108.0,2523.0,
2023,FORD,TOURNEO CUSTOM TITANIUM,ICE,diesel,51,221.0,104.0,2527.0,
2023,FORD,TOURNEO CUSTOM TITANIUM X,HEV,diesel,4,203.0,110.0,2534.0,
2023,FORD,TOURNEO CUSTOM TITANIUM X,ICE,diesel,27,228.0,118.0,2549.0,
2023,FORD,TOURNEO CUSTOM TREND,HEV,diesel,7,199.0,98.0,2481.0,
2023,FORD,TOURNEO CUSTOM TREND,ICE,diesel,17,205.0,93.0,2471.0,
2023,FORD,TRANSIT CUSTOM,ICE,diesel,5,203.0,77.0,2283.0,
2023,FORD,TRANSIT CUSTOM BASIS,HEV,diesel,1,199.0,96.0,2319.0,
2023,FORD,TRANSIT CUSTOM BASIS,ICE,diesel,28,201.0,84.0,2257.0,
2023,FORD,TRANSIT CUSTOM TRAIL,ICE,diesel,1,216.0,96.0,2421.0,
2023,FORD,TRANSIT CUSTOM TREND,HEV,diesel,21,200.0,103.0,2356.0,
2023,FORD,TRANSIT CUSTOM TREND,ICE,diesel,135,204.0,93.0,2280.0,
2023,FORD,TRANSIT TRAIL,HEV,diesel,1,212.0,96.0,2396.0,
2023,FORD,TRANSIT TREND,HEV,diesel,2,210.0,103.0,2389.0,
2023,FORD,TRANSIT TREND,ICE,diesel,56,225.0,96.0,2351.0,
2023,FORD,TRANSIT TREND,BEV,electric,2,0.0,100.0,2965.0,299.0
2023,FORTHING,4,ICE,petrol,1,180.0,130.0,,
2023,FORTHING,5,ICE,petrol,3,174.0,130.0,1625.0,
2023,HONDA,CIVIC E:HEV 20 ADVA,HEV,petrol,101,114.0,105.0,1533.0,
2023,HONDA,CIVIC E:HEV 20 ELEG,HEV,petrol,20,108.0,105.0,1517.0,
2023,HONDA,CIVIC E:HEV 20 SPOR,HEV,petrol,57,113.0,105.0,1533.0,
2023,HONDA,CIVIC TYPE R 20 TYP,ICE,petrol,25,186.0,242.0,1480.0,
2023,HONDA,CR-V E:HEV 2WD 20 E,HEV,petrol,10,148.0,107.0,1712.0,
2023,HONDA,CR-V E:HEV 2WD 20 L,HEV,petrol,2,154.0,107.0,1685.0,
2023,HONDA,CR-V E:HEV 2WD 20 S,HEV,petrol,4,151.0,107.0,1685.0,
2023,HONDA,CR-V E:HEV 4WD 20 A,HEV,petrol,33,151.0,109.0,1875.0,
2023,HONDA,CR-V E:HEV 4WD 20 E,HEV,petrol,52,163.0,107.0,1743.0,
2023,HONDA,CR-V E:HEV 4WD 20 S,HEV,petrol,7,161.0,107.0,1743.0,
2023,HONDA,CR-V PHEV 20 ADVANC,PHEV,petrol/electric,42,18.0,109.0,1988.0,156.0
2023,HONDA,E EV ADVANCE,BEV,electric,8,0.0,60.0,1595.0,178.0
2023,HONDA,E:NY1 EV ADVANCE,BEV,electric,38,0.0,60.0,1730.0,182.0
2023,HONDA,HR-V E:HEV 15 ADVAN,HEV,petrol,195,122.0,79.0,1452.0,
2023,HONDA,HR-V E:HEV 15 ELEGA,HEV,petrol,53,122.0,79.0,1452.0,
2023,HONDA,JAZZ 15 ADVANCE,HEV,petrol,38,104.0,79.0,1302.0,
2023,HONDA,JAZZ 15 ADVANCE SPO,HEV,petrol,21,106.0,79.0,1314.0,
2023,HONDA,JAZZ 15 COMFORT,HEV,petrol,4,102.0,72.0,1300.0,
2023,HONDA,JAZZ 15 ELEGANCE,HEV,petrol,34,102.0,73.0,1300.0,
2023,HONDA,JAZZ 15 EXECUTIVE,HEV,petrol,43,104.0,72.0,1300.0,
2023,HONDA,JAZZ CROSSTAR 15 AD,HEV,petrol,35,108.0,79.0,1320.0,
2023,HONDA,JAZZ CROSSTAR 15 EX,HEV,petrol,54,109.0,72.0,1327.0,
2023,HONDA,ZR-V 20 ADVANCE,HEV,petrol,39,132.0,105.0,1710.0,
2023,HONDA,ZR-V 20 SPORT,HEV,petrol,38,131.0,105.0,1675.0,
2023,HONG QI,H9 50TD,ICE,petrol,1,,200.0,2070.0,
2023,HYUNDAI,BAYON,HEV,petrol,59,121.0,88.0,1214.0,
2023,HYUNDAI,BAYON,ICE,petrol,576,125.0,69.0,1159.0,
2023,HYUNDAI,GV70 GENESIS GV70,BEV,electric,2,0.0,120.0,2310.0,190.0
2023,HYUNDAI,I 30,HEV,petrol,241,141.0,117.0,1443.0,
2023,HYUNDAI,I 30,ICE,petrol,1363,130.0,84.0,1298.0,
2023,HYUNDAI,I 30 N,ICE,petrol,75,190.0,206.0,1528.0,
2023,HYUNDAI,I10,ICE,petrol,1244,118.0,53.0,1005.0,
2023,HYUNDAI,I20,HEV,petrol,42,119.0,87.0,1178.0,
2023,HYUNDAI,I20,ICE,petrol,1432,121.0,66.0,1109.0,
2023,HYUNDAI,I20 N,ICE,petrol,80,158.0,150.0,1265.0,
2023,HYUNDAI,IONIQ,BEV,electric,1,0.0,25.0,1602.0,138.0
2023,HYUNDAI,IONIQ,PHEV,petrol/electric,1,26.0,77.0,1570.0,117.0
2023,HYUNDAI,IONIQ5,BEV,electric,1240,0.0,70.0,2069.0,177.0
2023,HYUNDAI,IONIQ6,BEV,electric,510,0.0,71.0,2062.0,158.0
2023,HYUNDAI,KONA KAUAI,BEV,electric,583,0.0,141.0,1730.0,147.0
2023,HYUNDAI,KONA KAUAI,HEV,petrol,776,119.0,82.0,1411.0,
2023,HYUNDAI,KONA KAUAI,ICE,petrol,700,140.0,101.0,1401.0,
2023,HYUNDAI,KONA N KAUAI N,ICE,petrol,19,194.0,206.0,1585.0,
2023,HYUNDAI,NEXO,ICE,hydrogen,6,0.0,32.0,1889.0,
2023,HYUNDAI,SANTA FE,ICE,diesel,108,176.0,142.0,1877.0,
2023,HYUNDAI,SANTA FE,PHEV,petrol/electric,113,37.0,132.0,2044.0,181.0
2023,HYUNDAI,STARIA,ICE,diesel,101,229.0,130.0,2362.0,
2023,HYUNDAI,STARIA PREMIUM,ICE,diesel,132,232.0,130.0,2442.0,
2023,HYUNDAI,TUCSON IX35,HEV,diesel,606,148.0,100.0,1659.0,
2023,HYUNDAI,TUCSON IX35,ICE,diesel,73,137.0,85.0,1552.0,
2023,HYUNDAI,TUCSON IX35,HEV,petrol,1078,144.0,121.0,1615.0,
2023,HYUNDAI,TUCSON IX35,ICE,petrol,751,156.0,110.0,1515.0,
2023,HYUNDAI,TUCSON IX35,PHEV,petrol/electric,547,31.0,132.0,1893.0,177.0
2023,INEOS,GRENADIER,ICE,diesel,28,308.0,183.0,2815.0,
2023,INEOS,GRENADIER,ICE,petrol,12,331.0,210.0,2740.0,
2023,JAGUAR,E-PACE D165 AWD AUT,HEV,diesel,2,169.0,120.0,1971.0,
2023,JAGUAR,E-PACE D165 R-DYNAMIC S AWD AU,HEV,diesel,4,172.0,120.0,1971.0,
2023,JAGUAR,E-PACE D165 R-DYNAMIC S FWD,ICE,diesel,1,162.0,120.0,1855.0,
2023,JAGUAR,E-PACE D165 R-DYNAMIC SE AWD A,HEV,diesel,7,173.0,120.0,1971.0,
2023,JAGUAR,E-PACE D165 S AWD AUT,HEV,diesel,2,172.0,120.0,1971.0,
2023,JAGUAR,E-PACE D165 SE AWD AUT,HEV,diesel,5,173.0,120.0,1971.0,
2023,JAGUAR,E-PACE D200 R-DYNAMIC SE AWD A,HEV,diesel,2,174.0,150.0,1989.0,
2023,JAGUAR,E-PACE P200 R-DYNAMIC S AWD AU,HEV,petrol,2,205.0,147.0,1911.0,
2023,JAGUAR,E-PACE P200 R-DYNAMIC SE AWD A,HEV,petrol,1,212.0,147.0,1911.0,
2023,JAGUAR,E-PACE P200 SE AWD AUT,HEV,petrol,1,206.0,147.0,1911.0,
2023,JAGUAR,E-PACE P250 R-DYNAMIC HSE AWD,HEV,petrol,1,207.0,183.0,1935.0,
2023,JAGUAR,E-PACE P300E R-DYNAMIC HSE AWD,PHEV,petrol/electric,4,34.0,147.0,2202.0,198.0
2023,JAGUAR,E-PACE P300E R-DYNAMIC S AWD,PHEV,petrol/electric,1,32.0,147.0,2202.0,191.0
2023,JAGUAR,E-PACE P300E R-DYNAMIC S AWD A,PHEV,petrol/electric,9,33.0,147.0,2202.0,197.0
2023,JAGUAR,E-PACE P300E R-DYNAMIC SE AWD,PHEV,petrol/electric,22,34.0,147.0,2202.0,198.0
2023,JAGUAR,F-PACE D200 LIMITED EDITION A,HEV,diesel,1,171.0,150.0,1991.0,
2023,JAGUAR,F-PACE D200 R-DYNAMIC S AWD A,HEV,diesel,5,168.0,150.0,1991.0,
2023,JAGUAR,F-PACE D200 R-DYNAMIC S AWD AU,HEV,diesel,3,168.0,150.0,1991.0,
2023,JAGUAR,F-PACE D200 R-DYNAMIC SE AWD,HEV,diesel,21,169.0,150.0,1991.0,
2023,JAGUAR,F-PACE D200 R-DYNAMIC SE AWD A,HEV,diesel,32,171.0,150.0,1991.0,
2023,JAGUAR,F-PACE D200 SE AWD AUT,HEV,diesel,5,169.0,150.0,1991.0,
2023,JAGUAR,F-PACE D300 LIMITED EDITION AW,HEV,diesel,1,198.0,221.0,2115.0,
2023,JAGUAR,F-PACE D300 R-DYNAMIC HSE AWD,HEV,diesel,3,196.0,221.0,2115.0,
2023,JAGUAR,F-PACE D300 R-DYNAMIC S AWD AU,HEV,diesel,1,197.0,221.0,2115.0,
2023,JAGUAR,F-PACE D300 R-DYNAMIC SE AWD,HEV,diesel,3,194.0,221.0,2115.0,
2023,JAGUAR,F-PACE D300 SE AWD AUT,HEV,diesel,1,199.0,221.0,2115.0,
2023,JAGUAR,F-PACE P250 LIMITED EDITION A,ICE,petrol,1,221.0,184.0,1934.0,
2023,JAGUAR,F-PACE P250 R-DYNAMIC S AWD AU,ICE,petrol,1,214.0,184.0,1934.0,
2023,JAGUAR,F-PACE P400 R-DYNAMIC HSE AWD,HEV,petrol,1,227.0,294.0,2059.0,
2023,JAGUAR,F-PACE P400E R-DYNAMIC HSE AWD,PHEV,petrol/electric,3,40.0,221.0,2254.0,241.0
2023,JAGUAR,F-PACE P400E R-DYNAMIC S AWD A,PHEV,petrol/electric,4,48.0,221.0,2230.0,225.0
2023,JAGUAR,F-PACE P400E R-DYNAMIC SE AWD,PHEV,petrol/electric,21,44.0,221.0,2240.0,231.0
2023,JAGUAR,F-PACE P400E SE AWD AUT,PHEV,petrol/electric,1,53.0,221.0,2222.0,221.0
2023,JAGUAR,F-PACE SVR AWD,ICE,petrol,2,274.0,405.0,2149.0,
2023,JAGUAR,F-TYPE 75 P450 R CONVERTIBLE A,ICE,petrol,1,238.0,331.0,1833.0,
2023,JAGUAR,F-TYPE 75 P450 R COUPE AUT,ICE,petrol,1,238.0,331.0,1820.0,
2023,JAGUAR,F-TYPE 75 P450 R COUPE AWD AU,ICE,petrol,3,242.0,331.0,1891.0,
2023,JAGUAR,F-TYPE P300 CONVERTIBLE,ICE,petrol,1,218.0,221.0,1697.0,
2023,JAGUAR,F-TYPE P300 CONVERTIBLE R-DYNA,ICE,petrol,1,217.0,221.0,1697.0,
2023,JAGUAR,F-TYPE P300 COUPE R-DYNAMIC AU,ICE,petrol,1,216.0,221.0,1679.0,
2023,JAGUAR,F-TYPE P300 LIMITED EDITION C,ICE,petrol,1,218.0,221.0,1701.0,
2023,JAGUAR,F-TYPE P300 R-DYNAMIC CONVERT,ICE,petrol,1,221.0,221.0,1697.0,
2023,JAGUAR,F-TYPE P300 R-DYNAMIC COUPE A,ICE,petrol,1,219.0,221.0,1679.0,
2023,JAGUAR,F-TYPE P450 AWD R-DYNAMIC CON,ICE,petrol,4,246.0,331.0,1905.0,
2023,JAGUAR,F-TYPE P450 R-DYNAMIC COUPE A,ICE,petrol,3,242.0,331.0,1820.0,
2023,JAGUAR,F-TYPE R75 P575 CONVERTIBLE A,ICE,petrol,2,239.0,423.0,1903.0,
2023,JAGUAR,I-PACE EV320 S AWD,BEV,electric,81,0.0,172.0,2244.0,228.0
2023,JAGUAR,I-PACE EV400 HSE AWD,BEV,electric,3,0.0,172.0,2244.0,246.0
2023,JAGUAR,I-PACE EV400 R-DYNAMIC,BEV,electric,2,0.0,172.0,2244.0,233.0
2023,JAGUAR,I-PACE EV400 SE AWD,BEV,electric,2,0.0,172.0,2244.0,230.0
2023,JAGUAR,I-PACE R-DYNAMIC SE,BEV,electric,1,0.0,172.0,2244.0,230.0
2023,JAGUAR,XE D200 R-DYNAMIC BLACK,HEV,diesel,8,145.0,150.0,1788.0,
2023,JAGUAR,XE D200 R-DYNAMIC BLACK AUT,HEV,diesel,1,136.0,150.0,1754.0,
2023,JAGUAR,XE D200 R-DYNAMIC BLACK AWD AU,HEV,diesel,1,151.0,150.0,1809.0,
2023,JAGUAR,XE D200 R-DYNAMIC S AUT,HEV,diesel,1,136.0,150.0,1754.0,
2023,JAGUAR,XE D200 R-DYNAMIC S AWD,HEV,diesel,1,145.0,150.0,1809.0,
2023,JAGUAR,XE D200 R-DYNAMIC SE AU,HEV,diesel,1,138.0,150.0,1754.0,
2023,JAGUAR,XE D200 SE AUT,HEV,diesel,1,128.0,150.0,1754.0,
2023,JAGUAR,XE D200 SE AWD AUT,HEV,diesel,1,144.0,150.0,1809.0,
2023,JAGUAR,XE P250 R-DYNAMIC BLACK,ICE,petrol,3,188.0,184.0,1645.0,
2023,JAGUAR,XF D200 R-DYNAMIC HSE,HEV,diesel,1,153.0,150.0,1908.0,
2023,JAGUAR,XF D200 R-DYNAMIC S AU,HEV,diesel,1,137.0,150.0,1849.0,
2023,JAGUAR,XF D200 R-DYNAMIC S AW,HEV,diesel,1,152.0,150.0,1908.0,
2023,JAGUAR,XF D200 R-DYNAMIC SE A,HEV,diesel,3,147.0,150.0,1888.0,
2023,JAGUAR,XF D200 S AUT,HEV,diesel,2,132.0,150.0,1849.0,
2023,JAGUAR,XF D200 SE AUT,HEV,diesel,2,140.0,150.0,1849.0,
2023,JAGUAR,XF D200 SE AWD AUT,HEV,diesel,4,149.0,150.0,1908.0,
2023,JAGUAR,XF P250 R-DYNAMIC S AU,ICE,petrol,1,183.0,184.0,1782.0,
2023,JAGUAR,XF SPORTBRAKE D200 R-D,HEV,diesel,1,159.0,150.0,1971.0,
2023,JAGUAR,XF SPORTBRAKE D200 SE,HEV,diesel,1,157.0,150.0,1971.0,
2023,JEEP,AVENGER,BEV,electric,312,0.0,62.0,1595.0,156.0
2023,JEEP,AVENGER,ICE,petrol,124,125.0,74.0,1255.0,
2023,JEEP,COMPASS,ICE,diesel,21,136.0,96.0,1615.0,
2023,JEEP,COMPASS,HEV,petrol,158,131.0,96.0,1575.0,
2023,JEEP,COMPASS,ICE,petrol,5,156.0,96.0,1505.0,
2023,JEEP,COMPASS,PHEV,petrol/electric,226,43.0,120.0,1935.0,172.0
2023,JEEP,GRAND CHEROKEE,PHEV,petrol/electric,87,61.0,200.0,2577.0,296.0
2023,JEEP,GRAND CHEROKEE SUMMIT,ICE,petrol,1,350.0,268.0,2548.0,
2023,JEEP,RENEGADE,ICE,diesel,3,134.0,96.0,1505.0,
2023,JEEP,RENEGADE,HEV,petrol,101,129.0,96.0,1495.0,
2023,JEEP,RENEGADE,ICE,petrol,8,146.0,88.0,1395.0,
2023,JEEP,RENEGADE,PHEV,petrol/electric,94,43.0,119.0,1845.0,190.0
2023,JEEP,WRANGLER UNLIMITED,PHEV,petrol/electric,58,88.0,200.0,2386.0,230.0
2023,KIA,CEED,HEV,diesel,499,117.0,100.0,1458.0,
2023,KIA,CEED,HEV,petrol,118,129.0,118.0,1423.0,
2023,KIA,CEED,ICE,petrol,1452,122.0,82.0,1323.0,
2023,KIA,CEED,PHEV,petrol/electric,14,29.0,77.0,1608.0,116.0
2023,KIA,EV6,BEV,electric,1017,0.0,234.0,2059.0,177.0
2023,KIA,EV9,BEV,electric,82,0.0,271.0,2649.0,225.0
2023,KIA,NIRO,BEV,electric,606,0.0,150.0,1757.0,162.0
2023,KIA,NIRO,HEV,petrol,94,101.0,77.0,1474.0,
2023,KIA,NIRO,PHEV,petrol/electric,28,19.0,77.0,1594.0,131.0
2023,KIA,PICANTO,ICE,petrol,991,111.0,51.0,976.0,
2023,KIA,PROCEED,HEV,petrol,57,129.0,118.0,1455.0,
2023,KIA,PROCEED,ICE,petrol,38,146.0,135.0,1423.0,
2023,KIA,RIO,HEV,petrol,28,124.0,88.0,1227.0,
2023,KIA,RIO,ICE,petrol,1022,121.0,63.0,1129.0,
2023,KIA,SORENTO,ICE,diesel,86,172.0,142.0,1880.0,
2023,KIA,SORENTO,HEV,petrol,5,166.0,132.0,1889.0,
2023,KIA,SORENTO,PHEV,petrol/electric,40,38.0,132.0,2029.0,184.0
2023,KIA,SOUL,BEV,electric,32,0.0,150.0,1757.0,157.0
2023,KIA,SPORTAGE,HEV,diesel,196,138.0,100.0,1636.0,
2023,KIA,SPORTAGE,ICE,diesel,55,137.0,85.0,1565.0,
2023,KIA,SPORTAGE,HEV,petrol,543,149.0,119.0,1610.0,
2023,KIA,SPORTAGE,ICE,petrol,235,152.0,110.0,1526.0,
2023,KIA,SPORTAGE,PHEV,petrol/electric,185,25.0,132.0,1905.0,169.0
2023,KIA,STINGER,ICE,petrol,10,247.0,269.0,1933.0,
2023,KIA,STONIC,HEV,petrol,63,126.0,88.0,1255.0,
2023,KIA,STONIC,ICE,petrol,1065,126.0,68.0,1182.0,
2023,KIA,XCEED,HEV,diesel,57,129.0,100.0,1453.0,
2023,KIA,XCEED,HEV,petrol,141,137.0,118.0,1430.0,
2023,KIA,XCEED,ICE,petrol,301,137.0,101.0,1357.0,
2023,KIA,XCEED,PHEV,petrol/electric,3,36.0,77.0,1604.0,129.0
2023,KTM,X-BOW GT-XR,ICE,petrol,6,214.0,368.0,1250.0,
2023,LAMBORGHINI,AVENTADOR,ICE,petrol,1,442.0,574.0,1790.0,
2023,LAMBORGHINI,HURACAN,ICE,petrol,10,332.0,463.0,1579.0,
2023,LAMBORGHINI,URUS,ICE,petrol,23,320.0,489.0,2246.0,
2023,LAND ROVER,DEFENDER,HEV,diesel,3,234.0,195.0,2647.0,
2023,LAND ROVER,DEFENDER,HEV,petrol,1,265.0,294.0,2431.0,
2023,LAND ROVER,DEFENDER 110 D200 S AWD,HEV,diesel,1,224.0,147.0,2515.0,
2023,LAND ROVER,DEFENDER 110 D200 S AWD AUT,HEV,diesel,3,232.0,147.0,2538.0,
2023,LAND ROVER,DEFENDER 110 D200 SE AWD,HEV,diesel,6,229.0,147.0,2515.0,
2023,LAND ROVER,DEFENDER 110 D200 SE AWD AUT,HEV,diesel,6,231.0,147.0,2520.0,
2023,LAND ROVER,DEFENDER 110 D200 X-DYNAMIC S,HEV,diesel,3,231.0,147.0,2520.0,
2023,LAND ROVER,DEFENDER 110 D200 X-DYNAMIC SE,HEV,diesel,4,230.0,147.0,2518.0,
2023,LAND ROVER,DEFENDER 110 D250 S AWD,HEV,diesel,3,227.0,183.0,2515.0,
2023,LAND ROVER,DEFENDER 110 D250 S AWD AUT,HEV,diesel,1,238.0,183.0,2520.0,
2023,LAND ROVER,DEFENDER 110 D250 SE AWD,HEV,diesel,3,227.0,183.0,2520.0,
2023,LAND ROVER,DEFENDER 110 D250 SE AWD AUT,HEV,diesel,8,232.0,183.0,2520.0,
2023,LAND ROVER,DEFENDER 110 D250 X-DYNAMIC HS,HEV,diesel,1,233.0,183.0,2520.0,
2023,LAND ROVER,DEFENDER 110 D250 X-DYNAMIC S,HEV,diesel,3,231.0,183.0,2520.0,
2023,LAND ROVER,DEFENDER 110 D250 X-DYNAMIC SE,HEV,diesel,16,230.0,183.0,2525.0,
2023,LAND ROVER,DEFENDER 110 D250 XS EDITION,HEV,diesel,1,236.0,183.0,2520.0,
2023,LAND ROVER,DEFENDER 110 D250 XS EDITION A,HEV,diesel,5,230.0,183.0,2517.0,
2023,LAND ROVER,DEFENDER 110 D300 75TH EDITIO,HEV,diesel,4,240.0,221.0,2520.0,
2023,LAND ROVER,DEFENDER 110 D300 SE AWD,HEV,diesel,1,225.0,221.0,2515.0,
2023,LAND ROVER,DEFENDER 110 D300 SE AWD AUT,HEV,diesel,3,234.0,221.0,2520.0,
2023,LAND ROVER,DEFENDER 110 D300 X AWD AUT,HEV,diesel,6,235.0,221.0,2520.0,
2023,LAND ROVER,DEFENDER 110 D300 X-DYNAMIC H,HEV,diesel,3,234.0,221.0,2520.0,
2023,LAND ROVER,DEFENDER 110 D300 X-DYNAMIC HS,HEV,diesel,6,234.0,221.0,2518.0,
2023,LAND ROVER,DEFENDER 110 D300 X-DYNAMIC S,HEV,diesel,2,233.0,221.0,2520.0,
2023,LAND ROVER,DEFENDER 110 D300 X-DYNAMIC SE,HEV,diesel,9,228.0,221.0,2516.0,
2023,LAND ROVER,DEFENDER 110 P400 75TH EDITIO,HEV,petrol,1,266.0,294.0,2431.0,
2023,LAND ROVER,DEFENDER 110 P400 75TH EDITION,HEV,petrol,1,275.0,294.0,2431.0,
2023,LAND ROVER,DEFENDER 110 P400 X AWD AUT,HEV,petrol,2,269.0,294.0,2431.0,
2023,LAND ROVER,DEFENDER 110 P400 X-DYNAMIC HS,HEV,petrol,1,244.0,294.0,2475.0,
2023,LAND ROVER,DEFENDER 110 P400E 75TH EDITI,PHEV,petrol/electric,1,69.0,221.0,2693.0,259.0
2023,LAND ROVER,DEFENDER 110 P400E 75TH EDITIO,PHEV,petrol/electric,5,65.0,221.0,2693.0,254.0
2023,LAND ROVER,DEFENDER 110 P400E AWD AUT,PHEV,petrol/electric,4,59.0,221.0,2693.0,245.0
2023,LAND ROVER,DEFENDER 110 P400E S AWD,PHEV,petrol/electric,3,60.0,221.0,2693.0,246.0
2023,LAND ROVER,DEFENDER 110 P400E S AWD AUT,PHEV,petrol/electric,3,60.0,221.0,2693.0,246.0
2023,LAND ROVER,DEFENDER 110 P400E SE AWD,PHEV,petrol/electric,5,61.0,221.0,2693.0,248.0
2023,LAND ROVER,DEFENDER 110 P400E SE AWD AUT,PHEV,petrol/electric,10,61.0,221.0,2693.0,248.0
2023,LAND ROVER,DEFENDER 110 P400E X AWD,PHEV,petrol/electric,3,62.0,221.0,2693.0,249.0
2023,LAND ROVER,DEFENDER 110 P400E X AWD AUT,PHEV,petrol/electric,10,62.0,221.0,2694.0,249.0
2023,LAND ROVER,DEFENDER 110 P400E X-DYNAMIC,PHEV,petrol/electric,6,61.0,221.0,2693.0,247.0
2023,LAND ROVER,DEFENDER 110 P400E X-DYNAMIC H,PHEV,petrol/electric,23,62.0,221.0,2693.0,250.0
2023,LAND ROVER,DEFENDER 110 P400E X-DYNAMIC S,PHEV,petrol/electric,14,61.0,221.0,2693.0,247.0
2023,LAND ROVER,DEFENDER 110 P400E XS EDITION,PHEV,petrol/electric,3,61.0,221.0,2693.0,248.0
2023,LAND ROVER,DEFENDER 110 P525 AWD,ICE,petrol,1,324.0,386.0,2678.0,
2023,LAND ROVER,DEFENDER 110 P525 AWD AUT,ICE,petrol,9,334.0,386.0,2678.0,
2023,LAND ROVER,DEFENDER 110 P525 CARPATHIAN E,ICE,petrol,15,334.0,386.0,2678.0,
2023,LAND ROVER,DEFENDER 130 D250 SE AWD,HEV,diesel,2,232.0,183.0,2711.0,
2023,LAND ROVER,DEFENDER 130 D250 X-DYNAMIC SE,HEV,diesel,1,235.0,183.0,2711.0,
2023,LAND ROVER,DEFENDER 130 D300 FIRST EDITIO,HEV,diesel,4,237.0,221.0,2711.0,
2023,LAND ROVER,DEFENDER 130 D300 OUTBOUND AWD,HEV,diesel,1,230.0,221.0,2672.0,
2023,LAND ROVER,DEFENDER 130 D300 SE AWD AUT,HEV,diesel,2,235.0,202.0,2711.0,
2023,LAND ROVER,DEFENDER 130 D300 X AWD,HEV,diesel,1,238.0,221.0,2674.0,
2023,LAND ROVER,DEFENDER 130 D300 X-DYNAMIC HS,HEV,diesel,1,239.0,221.0,2711.0,
2023,LAND ROVER,DEFENDER 130 D300 X-DYNAMIC SE,HEV,diesel,2,232.0,221.0,2711.0,
2023,LAND ROVER,DEFENDER 130 P400 X AWD AUT,HEV,petrol,1,267.0,294.0,2656.0,
2023,LAND ROVER,DEFENDER 130 P400 X-DYNAMIC HS,HEV,petrol,1,265.0,294.0,2656.0,
2023,LAND ROVER,DEFENDER 90 D200 SE AWD,HEV,diesel,1,220.0,147.0,2394.0,
2023,LAND ROVER,DEFENDER 90 D200 SE AWD AUT,HEV,diesel,1,227.0,147.0,2406.0,
2023,LAND ROVER,DEFENDER 90 D200 X-DYNAMIC S,HEV,diesel,1,227.0,147.0,2406.0,
2023,LAND ROVER,DEFENDER 90 D200 X-DYNAMIC SE,HEV,diesel,2,229.0,147.0,2406.0,
2023,LAND ROVER,DEFENDER 90 D250 X EDITION AWD,HEV,diesel,1,229.0,183.0,2406.0,
2023,LAND ROVER,DEFENDER 90 D250 X-DYNAMIC HSE,HEV,diesel,1,221.0,183.0,2394.0,
2023,LAND ROVER,DEFENDER 90 D250 X-DYNAMIC S,HEV,diesel,2,226.0,183.0,2406.0,
2023,LAND ROVER,DEFENDER 90 D250 XS EDITION A,HEV,diesel,1,229.0,183.0,2406.0,
2023,LAND ROVER,DEFENDER 90 D300 75TH EDITION,HEV,diesel,4,233.0,221.0,2406.0,
2023,LAND ROVER,DEFENDER 90 D300 SE AWD AUT,HEV,diesel,1,230.0,221.0,2406.0,
2023,LAND ROVER,DEFENDER 90 D300 X-DYNAMIC SE,HEV,diesel,1,228.0,221.0,2406.0,
2023,LAND ROVER,DEFENDER 90 P400 75TH EDITION,HEV,petrol,2,265.0,294.0,2312.0,
2023,LAND ROVER,DEFENDER 90 P400 X AWD AUT,HEV,petrol,1,265.0,294.0,2312.0,
2023,LAND ROVER,DEFENDER 90 P525 AWD AUT,ICE,petrol,1,330.0,386.0,2546.0,
2023,LAND ROVER,DEFENDER 90 P525 CARPATHIAN ED,ICE,petrol,1,330.0,386.0,2546.0,
2023,LAND ROVER,DISCOVERY D250 R-DYNAMIC HSE A,HEV,diesel,1,223.0,183.0,2512.0,
2023,LAND ROVER,DISCOVERY D250 R-DYNAMIC S AWD,HEV,diesel,1,219.0,183.0,2459.0,
2023,LAND ROVER,DISCOVERY D250 R-DYNAMIC SE AW,HEV,diesel,5,221.0,183.0,2480.0,
2023,LAND ROVER,DISCOVERY D300 METROPOLITAN ED,HEV,diesel,8,223.0,221.0,2521.0,
2023,LAND ROVER,DISCOVERY D300 R-DYNAMIC HSE A,HEV,diesel,6,224.0,221.0,2519.0,
2023,LAND ROVER,DISCOVERY D300 R-DYNAMIC SE AW,HEV,diesel,6,220.0,221.0,2503.0,
2023,LAND ROVER,DISCOVERY P360 R-DYNAMIC HSE A,HEV,petrol,1,246.0,265.0,2493.0,
2023,LAND ROVER,DISCOVERY SPORT D165 R-DYNAMI,HEV,diesel,16,177.0,120.0,2026.0,
2023,LAND ROVER,DISCOVERY SPORT D165 R-DYNAMIC,HEV,diesel,7,176.0,120.0,2026.0,
2023,LAND ROVER,DISCOVERY SPORT D165 S AWD AUT,HEV,diesel,1,173.0,120.0,2026.0,
2023,LAND ROVER,DISCOVERY SPORT D165 SE AWD A,HEV,diesel,6,178.0,120.0,2026.0,
2023,LAND ROVER,DISCOVERY SPORT D165 SE AWD AU,HEV,diesel,6,177.0,120.0,2037.0,
2023,LAND ROVER,DISCOVERY SPORT D165 SE FWD,ICE,diesel,1,173.0,120.0,1915.0,
2023,LAND ROVER,DISCOVERY SPORT D165 URBAN ED,HEV,diesel,2,179.0,120.0,2026.0,
2023,LAND ROVER,DISCOVERY SPORT D200 R-DYNAMI,HEV,diesel,3,179.0,150.0,2026.0,
2023,LAND ROVER,DISCOVERY SPORT D200 R-DYNAMIC,HEV,diesel,4,180.0,150.0,2043.0,
2023,LAND ROVER,DISCOVERY SPORT P200 R-DYNAMI,HEV,petrol,2,211.0,147.0,1977.0,
2023,LAND ROVER,DISCOVERY SPORT P200 R-DYNAMIC,HEV,diesel,1,178.0,150.0,2026.0,
2023,LAND ROVER,DISCOVERY SPORT P200 R-DYNAMIC,HEV,petrol,3,207.0,147.0,1978.0,
2023,LAND ROVER,DISCOVERY SPORT P200 S AWD AU,HEV,diesel,1,174.0,150.0,2026.0,
2023,LAND ROVER,DISCOVERY SPORT P300E R-DYNAM,PHEV,petrol/electric,9,36.0,147.0,2229.0,193.0
2023,LAND ROVER,DISCOVERY SPORT P300E R-DYNAMI,PHEV,petrol/electric,41,35.0,147.0,2229.0,192.0
2023,LAND ROVER,DISCOVERY SPORT P300E S AWD A,PHEV,petrol/electric,1,34.0,147.0,2229.0,187.0
2023,LAND ROVER,DISCOVERY SPORT P300E SE AWD,PHEV,petrol/electric,4,36.0,147.0,2229.0,193.0
2023,LAND ROVER,DISCOVERY SPORT P300E SE AWD A,PHEV,petrol/electric,3,36.0,147.0,2229.0,193.0
2023,LAND ROVER,EVOQUE D165 R-DYNAMIC S AWD AU,HEV,diesel,6,169.0,120.0,1967.0,
2023,LAND ROVER,EVOQUE D165 R-DYNAMIC SE AWD A,HEV,diesel,3,171.0,120.0,1967.0,
2023,LAND ROVER,EVOQUE D165 SE AWD AUT,HEV,diesel,1,172.0,120.0,1967.0,
2023,LAND ROVER,EVOQUE D200 R-DYNAMIC S AWD AU,HEV,diesel,1,173.0,150.0,1992.0,
2023,LAND ROVER,EVOQUE D200 R-DYNAMIC SE AWD A,HEV,diesel,2,175.0,150.0,1992.0,
2023,LAND ROVER,EVOQUE P200 SE AWD AUT,HEV,petrol,1,199.0,147.0,1917.0,
2023,LAND ROVER,EVOQUE P300E BRONZE COLLECTION,PHEV,petrol/electric,5,34.0,147.0,2192.0,188.0
2023,LAND ROVER,EVOQUE P300E R-DYNAMIC HSE AWD,PHEV,petrol/electric,1,34.0,147.0,2192.0,189.0
2023,LAND ROVER,EVOQUE P300E R-DYNAMIC S AWD A,PHEV,petrol/electric,9,32.0,147.0,2192.0,185.0
2023,LAND ROVER,EVOQUE P300E R-DYNAMIC SE AWD,PHEV,petrol/electric,15,33.0,147.0,2192.0,188.0
2023,LAND ROVER,EVOQUE P300E SE AWD AUT,PHEV,petrol/electric,2,34.0,147.0,2192.0,188.0
2023,LAND ROVER,RANGE ROVER D250 HSE AWD AUT,HEV,diesel,1,205.0,183.0,2505.0,
2023,LAND ROVER,RANGE ROVER D250 SE AWD AUT,HEV,diesel,1,202.0,183.0,2505.0,
2023,LAND ROVER,RANGE ROVER D300 AUTOBIOGRAPHY,HEV,diesel,3,209.0,221.0,2505.0,
2023,LAND ROVER,RANGE ROVER D300 HSE AWD AUT,HEV,diesel,7,206.0,221.0,2505.0,
2023,LAND ROVER,RANGE ROVER D300 SE AWD AUT,HEV,diesel,4,203.0,221.0,2505.0,
2023,LAND ROVER,RANGE ROVER D350 AUTOBIOGRAPHY,HEV,diesel,18,210.0,258.0,2511.0,
2023,LAND ROVER,RANGE ROVER D350 FIRST EDITION,HEV,diesel,5,210.0,258.0,2517.0,
2023,LAND ROVER,RANGE ROVER D350 HSE AWD,HEV,diesel,3,206.0,258.0,2504.0,
2023,LAND ROVER,RANGE ROVER D350 HSE AWD AUT,HEV,diesel,6,208.0,258.0,2525.0,
2023,LAND ROVER,RANGE ROVER D350 HSE LWB AWD,HEV,diesel,1,212.0,258.0,2666.0,
2023,LAND ROVER,RANGE ROVER D350 SV AWD,HEV,diesel,1,212.0,258.0,2504.0,
2023,LAND ROVER,RANGE ROVER EVOQUE D165 AWD AU,HEV,diesel,1,170.0,120.0,1967.0,
2023,LAND ROVER,RANGE ROVER EVOQUE D165 BRONZ,HEV,diesel,1,174.0,120.0,1967.0,
2023,LAND ROVER,RANGE ROVER EVOQUE D165 R-DYN,HEV,diesel,21,172.0,120.0,1967.0,
2023,LAND ROVER,RANGE ROVER EVOQUE D165 R-DYNA,HEV,diesel,2,168.0,120.0,1967.0,
2023,LAND ROVER,RANGE ROVER EVOQUE D165 S AWD,HEV,diesel,3,170.0,120.0,1967.0,
2023,LAND ROVER,RANGE ROVER EVOQUE D165 SE AWD,HEV,diesel,3,173.0,120.0,1967.0,
2023,LAND ROVER,RANGE ROVER EVOQUE D200 R-DYN,HEV,diesel,3,174.0,150.0,1992.0,
2023,LAND ROVER,RANGE ROVER EVOQUE D200 R-DYNA,HEV,diesel,1,170.0,150.0,1992.0,
2023,LAND ROVER,RANGE ROVER EVOQUE D200 SE AWD,HEV,diesel,1,173.0,150.0,1992.0,
2023,LAND ROVER,RANGE ROVER EVOQUE P200 R-DYNA,HEV,petrol,1,199.0,147.0,1917.0,
2023,LAND ROVER,RANGE ROVER EVOQUE P300 HST A,HEV,petrol,1,208.0,221.0,1962.0,
2023,LAND ROVER,RANGE ROVER EVOQUE P300E AUTO,PHEV,petrol/electric,4,34.0,147.0,2192.0,189.0
2023,LAND ROVER,RANGE ROVER EVOQUE P300E BRON,PHEV,petrol/electric,2,34.0,147.0,2192.0,189.0
2023,LAND ROVER,RANGE ROVER EVOQUE P300E R-DY,PHEV,petrol/electric,30,33.0,147.0,2192.0,188.0
2023,LAND ROVER,RANGE ROVER EVOQUE P300E R-DYN,PHEV,petrol/electric,10,32.0,147.0,2192.0,183.0
2023,LAND ROVER,RANGE ROVER EVOQUE P300E SE A,PHEV,petrol/electric,2,34.0,147.0,2192.0,188.0
2023,LAND ROVER,RANGE ROVER EVOQUE P300E SE AW,PHEV,petrol/electric,1,35.0,147.0,2192.0,190.0
2023,LAND ROVER,RANGE ROVER P440E AUTOBIOGRAPH,PHEV,petrol/electric,19,20.0,294.0,2786.0,294.0
2023,LAND ROVER,RANGE ROVER P440E HSE,PHEV,petrol/electric,1,20.0,294.0,2810.0,292.0
2023,LAND ROVER,RANGE ROVER P440E HSE AWD AUT,PHEV,petrol/electric,12,19.0,294.0,2780.0,292.0
2023,LAND ROVER,RANGE ROVER P440E SE AWD AUT,PHEV,petrol/electric,9,19.0,294.0,2770.0,289.0
2023,LAND ROVER,RANGE ROVER P460E AUTOBIOGRAPH,PHEV,petrol/electric,2,18.0,294.0,2810.0,289.0
2023,LAND ROVER,RANGE ROVER P460E HSE AWD AUT,PHEV,petrol/electric,1,17.0,294.0,2770.0,283.0
2023,LAND ROVER,RANGE ROVER P510E AUTOBIOGRAPH,PHEV,petrol/electric,28,20.0,294.0,2810.0,295.0
2023,LAND ROVER,RANGE ROVER P510E FIRST EDITIO,PHEV,petrol/electric,4,20.0,294.0,2810.0,296.0
2023,LAND ROVER,RANGE ROVER P510E HSE AWD,PHEV,petrol/electric,1,20.0,294.0,2810.0,294.0
2023,LAND ROVER,RANGE ROVER P510E HSE AWD AUT,PHEV,petrol/electric,21,20.0,294.0,2810.0,294.0
2023,LAND ROVER,RANGE ROVER P510E SV AWD AUT,PHEV,petrol/electric,4,20.0,294.0,2810.0,296.0
2023,LAND ROVER,RANGE ROVER P530 AUTOBIOGRAPHY,HEV,petrol,1,269.0,390.0,2810.0,
2023,LAND ROVER,RANGE ROVER P530 AUTOBIOGRAPHY,ICE,petrol,14,266.0,390.0,2610.0,
2023,LAND ROVER,RANGE ROVER P530 FIRST EDITION,ICE,petrol,5,266.0,390.0,2601.0,
2023,LAND ROVER,RANGE ROVER P530 HSE AWD AUT,ICE,petrol,3,263.0,390.0,2585.0,
2023,LAND ROVER,RANGE ROVER P530 SE AWD AUT,ICE,petrol,1,260.0,390.0,2585.0,
2023,LAND ROVER,RANGE ROVER P530 SV AWD AUT,ICE,petrol,7,267.0,390.0,2684.0,
2023,LAND ROVER,RANGE ROVER P550E AUTOBIOGRAPH,PHEV,petrol/electric,2,18.0,294.0,2810.0,289.0
2023,LAND ROVER,RANGE ROVER P615 AWD AUT,HEV,petrol,1,269.0,452.0,2791.0,
2023,LAND ROVER,RANGE ROVER SPORT (30 I6) P44,PHEV,petrol/electric,53,19.0,294.0,2735.0,289.0
2023,LAND ROVER,RANGE ROVER SPORT D250 DYNAMIC,HEV,diesel,7,201.0,183.0,2390.0,
2023,LAND ROVER,RANGE ROVER SPORT D250 SE AWD,HEV,diesel,6,200.0,183.0,2390.0,
2023,LAND ROVER,RANGE ROVER SPORT D300 DYNAMIC,HEV,diesel,53,203.0,221.0,2390.0,
2023,LAND ROVER,RANGE ROVER SPORT D300 SE AWD,HEV,diesel,2,201.0,221.0,2390.0,
2023,LAND ROVER,RANGE ROVER SPORT D350 AUTOBIO,HEV,diesel,26,204.0,258.0,2435.0,
2023,LAND ROVER,RANGE ROVER SPORT D350 FIRST E,HEV,diesel,5,205.0,258.0,2435.0,
2023,LAND ROVER,RANGE ROVER SPORT P400 AUTOBIO,HEV,petrol,3,220.0,294.0,2385.0,
2023,LAND ROVER,RANGE ROVER SPORT P400 MHEV HS,HEV,petrol,1,240.0,294.0,2356.0,
2023,LAND ROVER,RANGE ROVER SPORT P440E DYNAMI,PHEV,petrol/electric,5,18.0,294.0,2735.0,288.0
2023,LAND ROVER,RANGE ROVER SPORT P440E S AWD,PHEV,petrol/electric,1,19.0,294.0,2735.0,287.0
2023,LAND ROVER,RANGE ROVER SPORT P440E SE AWD,PHEV,petrol/electric,11,19.0,294.0,2735.0,288.0
2023,LAND ROVER,RANGE ROVER SPORT P460E DYNAMI,PHEV,petrol/electric,6,16.0,294.0,2735.0,277.0
2023,LAND ROVER,RANGE ROVER SPORT P460E S AWD,PHEV,petrol/electric,1,16.0,294.0,2735.0,273.0
2023,LAND ROVER,RANGE ROVER SPORT P460E SE AWD,PHEV,petrol/electric,1,16.0,294.0,2735.0,275.0
2023,LAND ROVER,RANGE ROVER SPORT P510E AUTOBI,PHEV,petrol/electric,58,19.0,294.0,2810.0,292.0
2023,LAND ROVER,RANGE ROVER SPORT P510E FIRST,PHEV,petrol/electric,22,19.0,294.0,2810.0,293.0
2023,LAND ROVER,RANGE ROVER SPORT P530 FIRST E,ICE,petrol,15,262.0,390.0,2505.0,
2023,LAND ROVER,RANGE ROVER SPORT P550E AUTOBI,PHEV,petrol/electric,13,17.0,294.0,2810.0,283.0
2023,LAND ROVER,RANGE ROVER VELAR,PHEV,petrol/electric,1,42.0,221.0,2308.0,246.0
2023,LAND ROVER,RANGE ROVER VELAR D200 DYNAMIC,HEV,diesel,17,173.0,150.0,2049.0,
2023,LAND ROVER,RANGE ROVER VELAR D200 R-DYNA,HEV,diesel,8,173.0,150.0,2049.0,
2023,LAND ROVER,RANGE ROVER VELAR D200 R-DYNAM,HEV,diesel,2,175.0,150.0,2049.0,
2023,LAND ROVER,RANGE ROVER VELAR D200 S AWD,HEV,diesel,1,167.0,150.0,2049.0,
2023,LAND ROVER,RANGE ROVER VELAR D200 S AWD A,HEV,diesel,2,168.0,150.0,2049.0,
2023,LAND ROVER,RANGE ROVER VELAR D200 SE AWD,HEV,diesel,1,168.0,150.0,2049.0,
2023,LAND ROVER,RANGE ROVER VELAR D300 AUTOBIO,HEV,diesel,1,198.0,221.0,2164.0,
2023,LAND ROVER,RANGE ROVER VELAR D300 DYNAMIC,HEV,diesel,18,196.0,221.0,2164.0,
2023,LAND ROVER,RANGE ROVER VELAR D300 R-DYNA,HEV,diesel,4,201.0,221.0,2164.0,
2023,LAND ROVER,RANGE ROVER VELAR D300 R-DYNAM,HEV,diesel,1,199.0,221.0,2164.0,
2023,LAND ROVER,RANGE ROVER VELAR P250 DYNAMIC,ICE,petrol,1,216.0,184.0,1996.0,
2023,LAND ROVER,RANGE ROVER VELAR P250 R-DYNA,ICE,petrol,1,221.0,184.0,1996.0,
2023,LAND ROVER,RANGE ROVER VELAR P250 R-DYNAM,ICE,petrol,2,222.0,184.0,1996.0,
2023,LAND ROVER,RANGE ROVER VELAR P250 SE AWD,ICE,petrol,1,217.0,184.0,1996.0,
2023,LAND ROVER,RANGE ROVER VELAR P400E AWD,PHEV,petrol/electric,1,49.0,221.0,2274.0,217.0
2023,LAND ROVER,RANGE ROVER VELAR P400E AWD AU,PHEV,petrol/electric,2,50.0,221.0,2274.0,218.0
2023,LAND ROVER,RANGE ROVER VELAR P400E DYNAMI,PHEV,petrol/electric,29,41.0,221.0,2308.0,244.0
2023,LAND ROVER,RANGE ROVER VELAR P400E LE3 AW,PHEV,petrol/electric,1,52.0,221.0,2274.0,220.0
2023,LAND ROVER,RANGE ROVER VELAR P400E LIMITE,PHEV,petrol/electric,2,52.0,221.0,2274.0,220.0
2023,LAND ROVER,RANGE ROVER VELAR P400E R-DYN,PHEV,petrol/electric,22,54.0,221.0,2274.0,223.0
2023,LAND ROVER,RANGE ROVER VELAR P400E R-DYNA,PHEV,petrol/electric,7,53.0,221.0,2274.0,222.0
2023,LAND ROVER,RANGE ROVER VELAR P400E S AWD,PHEV,petrol/electric,5,47.0,221.0,2287.0,228.0
2023,LEXUS,ES300H,HEV,petrol,46,120.0,131.0,1755.0,
2023,LEXUS,LC500,ICE,petrol,1,275.0,341.0,2110.0,
2023,LEXUS,LS500H,HEV,petrol,2,215.0,220.0,2345.0,
2023,LEXUS,NX350H,HEV,petrol,34,136.0,140.0,1842.0,
2023,LEXUS,NX450H+,PHEV,petrol/electric,57,23.0,136.0,2065.0,170.0
2023,LEXUS,RX350H,HEV,petrol,12,143.0,140.0,2040.0,
2023,LEXUS,RX450H+,PHEV,petrol/electric,51,25.0,136.0,2185.0,176.0
2023,LEXUS,RX500H,HEV,petrol,19,183.0,200.0,2175.0,
2023,LEXUS,RZ450E,BEV,electric,7,0.0,150.0,2167.0,183.0
2023,LEXUS,UX250H,HEV,petrol,45,125.0,112.0,1619.0,
2023,LOTUS,EMIRA,ICE,petrol,5,258.0,298.0,1570.0,
2023,MAN,TGE,ICE,diesel,1,323.0,130.0,2840.0,
2023,MASERATI,GHIBLI GT HYBRID,HEV,petrol,1,202.0,243.0,1953.0,
2023,MASERATI,GHIBLI MODENA S Q4,ICE,petrol,2,258.0,316.0,2010.0,
2023,MASERATI,GRANTURISMO MODENA,ICE,petrol,3,230.0,361.0,1870.0,
2023,MASERATI,GRECALE GT,HEV,petrol,13,202.0,221.0,1959.0,
2023,MASERATI,GRECALE MODENA,HEV,petrol,11,206.0,243.0,1978.0,
2023,MASERATI,GRECALE TROFEO,ICE,petrol,5,254.0,390.0,2107.0,
2023,MASERATI,LEVANTE GT HYBRID,HEV,petrol,2,228.0,243.0,2165.0,
2023,MASERATI,MC20,ICE,petrol,3,261.0,463.0,1550.0,
2023,MASERATI,MC20 CIELO,ICE,petrol,1,265.0,463.0,1635.0,
2023,MASERATI,QUATTROPORTE MODENA Q4,ICE,petrol,1,262.0,316.0,2055.0,
2023,MAZDA,CX-30,HEV,petrol,1421,138.0,104.0,1485.0,
2023,MAZDA,CX-30/G122/AT/COMFORT+/S,HEV,petrol,1,144.0,90.0,1481.0,
2023,MAZDA,CX-30/G122/COMFORT+,HEV,petrol,1,134.0,90.0,1453.0,
2023,MAZDA,CX-30/G122/COMFORT+/SOUN,HEV,petrol,1,134.0,90.0,1453.0,
2023,MAZDA,CX-30/G122/COMFORT+/STYL,HEV,petrol,3,134.0,90.0,1453.0,
2023,MAZDA,CX-30/G122/HOMURA,HEV,petrol,3,134.0,90.0,1453.0,
2023,MAZDA,CX-30/G150/AT/HOMURA,HEV,petrol,4,144.0,110.0,1481.0,
2023,MAZDA,CX-30/G150/AWD/COMFORT+/,HEV,petrol,1,144.0,110.0,1530.0,
2023,MAZDA,CX-30/G150/COMFORT+,HEV,petrol,2,134.0,110.0,1453.0,
2023,MAZDA,CX-30/G150/COMFORT+/SOUN,HEV,petrol,1,134.0,110.0,1453.0,
2023,MAZDA,CX-30/G150/HOMURA,HEV,petrol,1,134.0,110.0,1453.0,
2023,MAZDA,CX-30/X186/AT/GT+,HEV,petrol,2,138.0,137.0,1530.0,
2023,MAZDA,CX-30/X186/AT/GT+/SOUND,HEV,petrol,3,138.0,137.0,1530.0,
2023,MAZDA,CX-30/X186/AT/GT+/SOUND/,HEV,petrol,1,138.0,137.0,1530.0,
2023,MAZDA,CX-30/X186/AWD/AT/GT+,HEV,petrol,3,148.0,137.0,1546.0,
2023,MAZDA,CX-30/X186/AWD/AT/GT+/SO,HEV,petrol,8,149.0,137.0,1603.0,
2023,MAZDA,CX-30/X186/AWD/GT+,HEV,petrol,8,136.0,137.0,1528.0,
2023,MAZDA,CX-30/X186/GT+,HEV,petrol,8,128.0,137.0,1507.0,
2023,MAZDA,CX-30/X186/GT+/SOUND,HEV,petrol,1,128.0,137.0,1507.0,
2023,MAZDA,CX-30/X186/GT+/SOUND/PRE,HEV,petrol,2,128.0,137.0,1507.0,
2023,MAZDA,CX-5,ICE,diesel,452,167.0,120.0,1762.0,
2023,MAZDA,CX-5,HEV,petrol,627,159.0,129.0,1667.0,
2023,MAZDA,CX-5,ICE,petrol,130,162.0,126.0,1582.0,
2023,MAZDA,CX-5/CD150/AMBITION,ICE,diesel,19,147.0,110.0,1666.0,
2023,MAZDA,CX-5/CD150/AMBITION PLUS,ICE,diesel,2,147.0,110.0,1687.0,
2023,MAZDA,CX-5/CD150/AT/AMBITION,ICE,diesel,24,160.0,110.0,1689.0,
2023,MAZDA,CX-5/CD150/AWD/AMBITION,ICE,diesel,1,164.0,110.0,1750.0,
2023,MAZDA,CX-5/CD150/AWD/AT/REVOLU,ICE,diesel,4,173.0,110.0,1764.0,
2023,MAZDA,CX-5/CD150/AWD/HOMURA PL,ICE,diesel,1,165.0,110.0,1786.0,
2023,MAZDA,CX-5/CD150/AWD/NEWGROUND,ICE,diesel,1,165.0,110.0,1786.0,
2023,MAZDA,CX-5/CD150/CHALLENGE PLU,ICE,diesel,1,147.0,110.0,1666.0,
2023,MAZDA,CX-5/CD150/NEWGROUND,ICE,diesel,1,147.0,110.0,1723.0,
2023,MAZDA,CX-5/CD184/AWD/AT/NEWGRO,ICE,diesel,11,173.0,135.0,1801.0,
2023,MAZDA,CX-5/CD184/AWD/AT/REVOLU,ICE,diesel,1,173.0,135.0,1764.0,
2023,MAZDA,CX-5/G165/AMBITION,ICE,petrol,3,154.0,121.0,1486.0,
2023,MAZDA,CX-5/G165/AMBITION PLUS,ICE,petrol,1,153.0,121.0,1576.0,
2023,MAZDA,CX-5/G165/AT/AMBITION,ICE,petrol,9,164.0,121.0,1554.0,
2023,MAZDA,CX-5/G165/HOMURA PLUS/SD,ICE,petrol,1,153.0,121.0,1576.0,
2023,MAZDA,CX-60,HEV,diesel,427,135.0,173.0,1974.0,
2023,MAZDA,CX-60,PHEV,petrol/electric,811,33.0,141.0,2069.0,230.0
2023,MAZDA,CX-60 25L E-SKYACTIV PH,PHEV,petrol/electric,20,33.0,141.0,2070.0,230.0
2023,MAZDA,MAZDA2,HEV,petrol,225,107.0,67.0,1112.0,
2023,MAZDA,MAZDA2,ICE,petrol,916,111.0,59.0,1099.0,
2023,MAZDA,MAZDA2 HYBRID,HEV,petrol,297,88.0,68.0,1196.0,
2023,MAZDA,MAZDA2 HYBRID/AGILE,HEV,petrol,3,87.0,68.0,1190.0,
2023,MAZDA,MAZDA2 HYBRID/AGILE/COMFORT,HEV,petrol,7,87.0,68.0,1200.0,
2023,MAZDA,MAZDA2 HYBRID/AGILE/COMFORT/SA,HEV,petrol,2,87.0,68.0,1200.0,
2023,MAZDA,MAZDA2 HYBRID/PURE/PLUS,HEV,petrol,4,87.0,68.0,1190.0,
2023,MAZDA,MAZDA2/G75/HOMURA,ICE,petrol,6,109.0,55.0,1096.0,
2023,MAZDA,MAZDA2/G75/LIFE+,ICE,petrol,3,109.0,55.0,1096.0,
2023,MAZDA,MAZDA2/G90/AT/HOMURA,ICE,petrol,1,122.0,66.0,1112.0,
2023,MAZDA,MAZDA2/G90/HOMURA,ICE,petrol,2,109.0,66.0,1096.0,
2023,MAZDA,MAZDA3,HEV,petrol,718,129.0,98.0,1417.0,
2023,MAZDA,MAZDA3 SEDAN/G122/COMFORT+,HEV,petrol,1,123.0,90.0,1406.0,
2023,MAZDA,MAZDA3 SEDAN/G122/COMFORT+/SOU,HEV,petrol,1,123.0,90.0,1406.0,
2023,MAZDA,MAZDA3/G122/AT/COMFORT+,HEV,petrol,2,140.0,90.0,1420.0,
2023,MAZDA,MAZDA3/G122/COMFORT,HEV,petrol,2,124.0,90.0,1380.0,
2023,MAZDA,MAZDA3/G122/COMFORT+/STYLE,HEV,petrol,2,127.0,90.0,1411.0,
2023,MAZDA,MAZDA3/G122/HOMURA,HEV,petrol,9,127.0,90.0,1411.0,
2023,MAZDA,MAZDA3/G150/AT/COMFORT+/STYLE,HEV,petrol,4,140.0,110.0,1420.0,
2023,MAZDA,MAZDA3/G150/AT/HOMURA,HEV,petrol,4,140.0,110.0,1420.0,
2023,MAZDA,MAZDA3/G150/COMFORT+/STYLE,HEV,petrol,2,128.0,110.0,1411.0,
2023,MAZDA,MAZDA3/G150/HOMURA,HEV,petrol,9,128.0,110.0,1411.0,
2023,MAZDA,MAZDA3/X186/GT+,HEV,petrol,1,120.0,137.0,1451.0,
2023,MAZDA,MAZDA6,ICE,petrol,273,161.0,125.0,1517.0,
2023,MAZDA,MAZDA6/G194/AT/REVOLUTION TOP,ICE,petrol,1,167.0,143.0,1539.0,
2023,MAZDA,MAZDA6/SPC/G145/ATTRACTION,ICE,petrol,1,155.0,107.0,1476.0,
2023,MAZDA,MAZDA6/SPC/G165/AT/REVOLUTION,ICE,petrol,1,163.0,121.0,1531.0,
2023,MAZDA,MAZDA6/SPC/G194/AT/REVOLUTION,ICE,petrol,1,172.0,143.0,1555.0,
2023,MAZDA,MX-30,BEV,electric,33,0.0,81.0,1720.0,179.0
2023,MAZDA,MX-30,PHEV,petrol/electric,32,21.0,55.0,1853.0,175.0
2023,MAZDA,MX-30 E-SKYACTIV EV MAKO,BEV,electric,5,0.0,81.0,1720.0,179.0
2023,MAZDA,MX-5,ICE,petrol,83,151.0,122.0,1110.0,
2023,MAZDA,MX-5/G132/MODERN,ICE,petrol,3,142.0,97.0,1075.0,
2023,MAZDA,MX-5/G132/REVOLUTION,ICE,petrol,2,142.0,97.0,1075.0,
2023,MAZDA,MX-5/G184/REVOLUTION TOP,ICE,petrol,1,155.0,135.0,1100.0,
2023,MAZDA,MX-5/RF/G184/REVOLUTION,ICE,petrol,1,155.0,135.0,1147.0,
2023,MAZDA,MX-5/RF/G184/VINTAGE,ICE,petrol,6,155.0,135.0,1147.0,
2023,MCLAREN,720S COUPE,ICE,petrol,1,276.0,530.0,1494.0,
2023,MCLAREN,720S SPIDER,ICE,petrol,2,276.0,530.0,1543.0,
2023,MCLAREN,765LT SPIDER,ICE,petrol,2,280.0,563.0,1463.0,
2023,MCLAREN,ARTURA,PHEV,petrol/electric,8,104.0,430.0,1573.0,247.0
2023,MCLAREN,ARTURA COUPE,PHEV,petrol/electric,10,104.0,430.0,1573.0,247.0
2023,MCLAREN,GT,ICE,petrol,6,270.0,456.0,1603.0,
2023,MERCEDES-AMG,AMG G 63 4X42,ICE,petrol,15,456.0,430.0,2703.0,
2023,MERCEDES-AMG,AMG GT 43 4MATIC+,HEV,petrol,7,220.0,270.0,2040.0,
2023,MERCEDES-AMG,AMG GT 53 4MATIC+,HEV,petrol,1,213.0,320.0,2045.0,
2023,MERCEDES-AMG,AMG GT 63 S E PERFORMANCE,PHEV,petrol/electric,21,180.0,470.0,2380.0,344.0
2023,MERCEDES-AMG,AMG SL 43,HEV,petrol,4,208.0,280.0,1810.0,
2023,MERCEDES-AMG,AMG SL 55 4MATIC+,ICE,petrol,17,295.0,350.0,1950.0,
2023,MERCEDES-AMG,AMG SL 63 4MATIC+,ICE,petrol,26,297.0,430.0,1970.0,
2023,MERCEDES-BENZ,A 160,ICE,petrol,60,134.0,80.0,1350.0,
2023,MERCEDES-BENZ,A 180,HEV,petrol,245,134.0,100.0,1441.0,
2023,MERCEDES-BENZ,A 180,ICE,petrol,22,136.0,100.0,1363.0,
2023,MERCEDES-BENZ,A 180 D,ICE,diesel,483,132.0,85.0,1515.0,
2023,MERCEDES-BENZ,A 200,HEV,petrol,10,135.0,120.0,1442.0,
2023,MERCEDES-BENZ,A 200,ICE,petrol,5,137.0,120.0,1387.0,
2023,MERCEDES-BENZ,A 200 4MATIC,ICE,petrol,1,150.0,120.0,1450.0,
2023,MERCEDES-BENZ,A 200 D,ICE,diesel,119,131.0,110.0,1530.0,
2023,MERCEDES-BENZ,A 200 D 4MATIC,ICE,diesel,6,137.0,110.0,1559.0,
2023,MERCEDES-BENZ,A 220 4MATIC,HEV,petrol,30,161.0,140.0,1577.0,
2023,MERCEDES-BENZ,A 220 D,ICE,diesel,5,137.0,140.0,1560.0,
2023,MERCEDES-BENZ,A 220 D 4MATIC,ICE,diesel,1,133.0,140.0,1595.0,
2023,MERCEDES-BENZ,A 250 4MATIC,HEV,petrol,3,157.0,165.0,1583.0,
2023,MERCEDES-BENZ,A 250 4MATIC,ICE,petrol,3,157.0,165.0,1525.0,
2023,MERCEDES-BENZ,A 250 E,PHEV,petrol/electric,112,22.0,119.0,1689.0,180.0
2023,MERCEDES-BENZ,AMG A 35,ICE,petrol,4,188.0,225.0,1585.0,
2023,MERCEDES-BENZ,AMG A 35 4MATIC,HEV,petrol,12,191.0,225.0,1646.0,
2023,MERCEDES-BENZ,AMG A 45 S,ICE,petrol,1,206.0,310.0,1660.0,
2023,MERCEDES-BENZ,AMG A 45 S 4MATIC+,ICE,petrol,10,206.0,310.0,1680.0,
2023,MERCEDES-BENZ,AMG C 43,ICE,petrol,6,231.0,287.0,1817.0,
2023,MERCEDES-BENZ,AMG C 43 4MATIC+,HEV,petrol,30,204.0,300.0,1864.0,
2023,MERCEDES-BENZ,AMG C 63 S,ICE,petrol,5,254.0,375.0,1892.0,
2023,MERCEDES-BENZ,AMG C 63 S E PERFORMANCE,PHEV,petrol/electric,3,156.0,350.0,2190.0,339.0
2023,MERCEDES-BENZ,AMG CLA 35,ICE,petrol,6,194.0,225.0,1635.0,
2023,MERCEDES-BENZ,AMG CLA 35 4MATIC,HEV,petrol,4,192.0,225.0,1686.0,
2023,MERCEDES-BENZ,AMG CLA 45,ICE,petrol,1,201.0,285.0,1680.0,
2023,MERCEDES-BENZ,AMG CLA 45 S,ICE,petrol,8,204.0,310.0,1710.0,
2023,MERCEDES-BENZ,AMG CLA 45 S 4MATIC+,ICE,petrol,4,204.0,310.0,1726.0,
2023,MERCEDES-BENZ,AMG CLS 53 4MATIC,HEV,petrol,4,216.0,320.0,1980.0,
2023,MERCEDES-BENZ,AMG E 53 4MATIC,HEV,petrol,6,219.0,320.0,2045.0,
2023,MERCEDES-BENZ,AMG E 63 S,ICE,petrol,8,280.0,450.0,2058.0,
2023,MERCEDES-BENZ,AMG EQE 43 4MATIC,BEV,electric,53,0.0,135.0,2571.0,228.0
2023,MERCEDES-BENZ,AMG EQE 53 4MATIC+,BEV,electric,19,0.0,185.0,2535.0,221.0
2023,MERCEDES-BENZ,AMG EQS 53 4MATIC+,BEV,electric,16,0.0,185.0,2660.0,234.0
2023,MERCEDES-BENZ,AMG G 63,ICE,petrol,122,364.0,430.0,2595.0,
2023,MERCEDES-BENZ,AMG GLA 35,ICE,petrol,8,200.0,225.0,1680.0,
2023,MERCEDES-BENZ,AMG GLA 35 4MATIC,HEV,petrol,3,204.0,225.0,1750.0,
2023,MERCEDES-BENZ,AMG GLB 35,ICE,petrol,8,205.0,225.0,1755.0,
2023,MERCEDES-BENZ,AMG GLC 43 4MATIC,ICE,petrol,3,248.0,287.0,1880.0,
2023,MERCEDES-BENZ,AMG GLC 63 4MATIC+,ICE,petrol,1,293.0,350.0,2020.0,
2023,MERCEDES-BENZ,AMG GLC 63 S 4MATIC+,ICE,petrol,4,292.0,375.0,2030.0,
2023,MERCEDES-BENZ,AMG GLC 63S E PERFORMANCE,PHEV,petrol/electric,1,170.0,350.0,2310.0,336.0
2023,MERCEDES-BENZ,AMG GLE 53 4MATIC+,HEV,petrol,20,245.0,320.0,2315.0,
2023,MERCEDES-BENZ,AMG GLE 53 4MATIC+ COUPE,HEV,petrol,7,238.0,320.0,2360.0,
2023,MERCEDES-BENZ,AMG GLE 63 4MATIC+,HEV,petrol,1,282.0,420.0,2415.0,
2023,MERCEDES-BENZ,AMG GLE 63 S 4MATIC+,HEV,petrol,5,285.0,450.0,2450.0,
2023,MERCEDES-BENZ,AMG GLE 63 S 4MATIC+COUPE,HEV,petrol,6,282.0,450.0,2465.0,
2023,MERCEDES-BENZ,AMG GLS 63 4MATIC+,HEV,petrol,9,293.0,450.0,2630.0,
2023,MERCEDES-BENZ,AMG S 63 E PERFORMANCE,PHEV,petrol/electric,41,100.0,450.0,2604.0,336.0
2023,MERCEDES-BENZ,B 160,ICE,petrol,4,138.0,80.0,1385.0,
2023,MERCEDES-BENZ,B 180,HEV,petrol,66,138.0,100.0,1490.0,
2023,MERCEDES-BENZ,B 180,ICE,petrol,11,138.0,100.0,1397.0,
2023,MERCEDES-BENZ,B 180 D,ICE,diesel,95,138.0,85.0,1575.0,
2023,MERCEDES-BENZ,B 200,HEV,petrol,8,138.0,120.0,1490.0,
2023,MERCEDES-BENZ,B 200,ICE,petrol,1,148.0,120.0,1410.0,
2023,MERCEDES-BENZ,B 200 D,ICE,diesel,48,135.0,110.0,1576.0,
2023,MERCEDES-BENZ,B 220 4MATIC,HEV,petrol,11,163.0,140.0,1625.0,
2023,MERCEDES-BENZ,B 220 D,ICE,diesel,1,136.0,140.0,1610.0,
2023,MERCEDES-BENZ,B 220 D 4MATIC,ICE,diesel,3,143.0,140.0,1625.0,
2023,MERCEDES-BENZ,B 250 E,PHEV,petrol/electric,12,23.0,119.0,1741.0,183.0
2023,MERCEDES-BENZ,C 180,HEV,petrol,25,147.0,125.0,1641.0,
2023,MERCEDES-BENZ,C 200,HEV,petrol,32,152.0,149.0,1682.0,
2023,MERCEDES-BENZ,C 200 4MATIC,HEV,petrol,42,159.0,149.0,1738.0,
2023,MERCEDES-BENZ,C 200 4MATIC ALL-TERRAIN,HEV,petrol,1,160.0,150.0,1795.0,
2023,MERCEDES-BENZ,C 200 D,HEV,diesel,240,125.0,120.0,1758.0,
2023,MERCEDES-BENZ,C 220 D,HEV,diesel,97,124.0,147.0,1763.0,
2023,MERCEDES-BENZ,C 220 D,ICE,diesel,3,141.0,143.0,1650.0,
2023,MERCEDES-BENZ,C 220 D 4MATIC,HEV,diesel,301,132.0,147.0,1825.0,
2023,MERCEDES-BENZ,C 220 D 4MATIC,ICE,diesel,2,145.0,143.0,1772.0,
2023,MERCEDES-BENZ,C 220D 4MATIC ALL-TERRAIN,HEV,diesel,33,132.0,147.0,1885.0,
2023,MERCEDES-BENZ,C 300,HEV,petrol,6,160.0,190.0,1690.0,
2023,MERCEDES-BENZ,C 300 4MATIC,HEV,petrol,29,169.0,190.0,1776.0,
2023,MERCEDES-BENZ,C 300 D,HEV,diesel,6,136.0,195.0,1795.0,
2023,MERCEDES-BENZ,C 300 D 4MATIC,HEV,diesel,14,140.0,195.0,1825.0,
2023,MERCEDES-BENZ,C 300 DE,PHEV,diesel/electric,2,12.0,145.0,2150.0,210.0
2023,MERCEDES-BENZ,C 300 DE 4MATIC,PHEV,diesel/electric,32,13.0,145.0,2240.0,217.0
2023,MERCEDES-BENZ,C 300 E,PHEV,petrol/electric,107,12.0,150.0,2099.0,201.0
2023,MERCEDES-BENZ,C 300 E 4MATIC,PHEV,petrol/electric,29,13.0,150.0,2130.0,202.0
2023,MERCEDES-BENZ,C 400 E 4MATIC,PHEV,petrol/electric,13,14.0,185.0,2133.0,204.0
2023,MERCEDES-BENZ,CITAN,ICE,diesel,78,142.0,75.0,1646.0,
2023,MERCEDES-BENZ,CITAN,ICE,petrol,16,154.0,84.0,1556.0,
2023,MERCEDES-BENZ,CITAN TOURER/T-CLASS,ICE,diesel,167,142.0,80.0,1655.0,
2023,MERCEDES-BENZ,CITAN TOURER/T-CLASS,ICE,petrol,82,155.0,93.0,1580.0,
2023,MERCEDES-BENZ,CLA 180,HEV,petrol,8,136.0,100.0,1511.0,
2023,MERCEDES-BENZ,CLA 180,ICE,petrol,52,139.0,100.0,1445.0,
2023,MERCEDES-BENZ,CLA 180 D,ICE,diesel,89,134.0,85.0,1585.0,
2023,MERCEDES-BENZ,CLA 200,HEV,petrol,9,139.0,120.0,1507.0,
2023,MERCEDES-BENZ,CLA 200,ICE,petrol,28,140.0,120.0,1450.0,
2023,MERCEDES-BENZ,CLA 200 4MATIC,ICE,petrol,9,153.0,120.0,1511.0,
2023,MERCEDES-BENZ,CLA 200 D,ICE,diesel,295,134.0,110.0,1590.0,
2023,MERCEDES-BENZ,CLA 200 D 4MATIC,ICE,diesel,40,140.0,110.0,1647.0,
2023,MERCEDES-BENZ,CLA 220 4MATIC,HEV,petrol,4,160.0,140.0,1625.0,
2023,MERCEDES-BENZ,CLA 220 D,ICE,diesel,17,138.0,140.0,1602.0,
2023,MERCEDES-BENZ,CLA 220 D 4MATIC,ICE,diesel,3,142.0,140.0,1631.0,
2023,MERCEDES-BENZ,CLA 250,ICE,petrol,4,159.0,165.0,1526.0,
2023,MERCEDES-BENZ,CLA 250 4MATIC,HEV,petrol,4,166.0,165.0,1642.0,
2023,MERCEDES-BENZ,CLA 250 4MATIC,ICE,petrol,7,160.0,165.0,1562.0,
2023,MERCEDES-BENZ,CLA 250 E,PHEV,petrol/electric,53,24.0,118.0,1740.0,181.0
2023,MERCEDES-BENZ,CLE 220D,HEV,diesel,11,125.0,145.0,1870.0,
2023,MERCEDES-BENZ,CLE 300 4MATIC,HEV,petrol,16,162.0,190.0,1855.0,
2023,MERCEDES-BENZ,CLS 220 D,ICE,diesel,1,159.0,143.0,1800.0,
2023,MERCEDES-BENZ,CLS 300 D 4MATIC,HEV,diesel,1,167.0,195.0,1905.0,
2023,MERCEDES-BENZ,CLS 400 D 4MATIC,ICE,diesel,4,186.0,243.0,1935.0,
2023,MERCEDES-BENZ,CLS 450 4MATIC,HEV,petrol,4,199.0,270.0,1925.0,
2023,MERCEDES-BENZ,E 200,HEV,petrol,2,157.0,150.0,1905.0,
2023,MERCEDES-BENZ,E 200 4MATIC,HEV,petrol,2,185.0,145.0,1850.0,
2023,MERCEDES-BENZ,E 200 D,ICE,diesel,106,134.0,118.0,1779.0,
2023,MERCEDES-BENZ,E 220 D,HEV,diesel,100,130.0,146.0,1898.0,
2023,MERCEDES-BENZ,E 220 D,ICE,diesel,2,157.0,143.0,1870.0,
2023,MERCEDES-BENZ,E 220 D 4MATIC,HEV,diesel,205,144.0,146.0,1963.0,
2023,MERCEDES-BENZ,E 220 D 4MATIC,ICE,diesel,9,157.0,143.0,1845.0,
2023,MERCEDES-BENZ,E 220 D 4MATIC ALLTERRAIN,HEV,diesel,5,156.0,147.0,2040.0,
2023,MERCEDES-BENZ,E 300,HEV,petrol,1,165.0,190.0,1730.0,
2023,MERCEDES-BENZ,E 300 D 4MATIC,HEV,diesel,21,163.0,195.0,2002.0,
2023,MERCEDES-BENZ,E 300 DE,PHEV,diesel/electric,12,34.0,143.0,2147.0,212.0
2023,MERCEDES-BENZ,E 300 DE 4MATIC,PHEV,diesel/electric,31,30.0,143.0,2260.0,222.0
2023,MERCEDES-BENZ,E 300 E,PHEV,petrol/electric,6,14.0,150.0,2242.0,210.0
2023,MERCEDES-BENZ,E 300 E 4MATIC,PHEV,petrol/electric,7,25.0,152.0,2179.0,211.0
2023,MERCEDES-BENZ,E 350,HEV,petrol,1,182.0,220.0,1870.0,
2023,MERCEDES-BENZ,E 400 D 4 MATIC,ICE,diesel,25,185.0,243.0,1988.0,
2023,MERCEDES-BENZ,E 400 D 4MATIC,ICE,diesel,1,191.0,243.0,1965.0,
2023,MERCEDES-BENZ,E 400 D 4MATIC ALLTERRAIN,ICE,diesel,2,195.0,243.0,2060.0,
2023,MERCEDES-BENZ,E 400 E 4MATIC,PHEV,petrol/electric,4,15.0,185.0,2265.0,216.0
2023,MERCEDES-BENZ,E 450 4MATIC,HEV,petrol,5,203.0,270.0,2025.0,
2023,MERCEDES-BENZ,E 450 D 4MATIC,HEV,diesel,1,161.0,270.0,2065.0,
2023,MERCEDES-BENZ,ECITAN TOURER/EQT,BEV,electric,56,0.0,51.0,1874.0,195.0
2023,MERCEDES-BENZ,EQA 250,BEV,electric,228,0.0,110.0,2040.0,159.0
2023,MERCEDES-BENZ,EQA 250+,BEV,electric,53,0.0,95.0,2045.0,157.0
2023,MERCEDES-BENZ,EQA 300 4MATIC,BEV,electric,234,0.0,139.0,2105.0,178.0
2023,MERCEDES-BENZ,EQA 350 4MATIC,BEV,electric,63,0.0,139.0,2105.0,181.0
2023,MERCEDES-BENZ,EQB 250,BEV,electric,108,0.0,111.0,2110.0,167.0
2023,MERCEDES-BENZ,EQB 250+,BEV,electric,8,0.0,95.0,2115.0,169.0
2023,MERCEDES-BENZ,EQB 300 4MATIC,BEV,electric,206,0.0,139.0,2175.0,186.0
2023,MERCEDES-BENZ,EQB 350 4MATIC,BEV,electric,76,0.0,139.0,2175.0,188.0
2023,MERCEDES-BENZ,EQC 400 4MATIC,BEV,electric,178,0.0,145.0,2495.0,226.0
2023,MERCEDES-BENZ,EQE 300,BEV,electric,166,0.0,109.0,2396.0,169.0
2023,MERCEDES-BENZ,EQE 350,BEV,electric,26,0.0,109.0,2387.0,171.0
2023,MERCEDES-BENZ,EQE 350 4MATIC,BEV,electric,98,0.0,135.0,2542.0,191.0
2023,MERCEDES-BENZ,EQE 350+,BEV,electric,46,0.0,109.0,2395.0,178.0
2023,MERCEDES-BENZ,EQE 500 4MATIC,BEV,electric,72,0.0,135.0,2530.0,196.0
2023,MERCEDES-BENZ,EQS 450 4MATIC,BEV,electric,41,0.0,135.0,2786.0,214.0
2023,MERCEDES-BENZ,EQS 450+,BEV,electric,12,0.0,109.0,2503.0,177.0
2023,MERCEDES-BENZ,EQS 500 4MATIC,BEV,electric,6,0.0,135.0,2680.0,193.0
2023,MERCEDES-BENZ,EQS 580 4MATIC,BEV,electric,65,0.0,135.0,2766.0,213.0
2023,MERCEDES-BENZ,EQV,BEV,electric,193,0.0,70.0,2640.0,289.0
2023,MERCEDES-BENZ,EVITO TOURER,BEV,electric,68,0.0,70.0,2536.0,281.0
2023,MERCEDES-BENZ,G 350 D,ICE,diesel,8,291.0,210.0,2508.0,
2023,MERCEDES-BENZ,G 400 D,ICE,diesel,65,290.0,243.0,2501.0,
2023,MERCEDES-BENZ,G 500,ICE,petrol,37,338.0,310.0,2483.0,
2023,MERCEDES-BENZ,GLA 180,HEV,petrol,24,153.0,100.0,1570.0,
2023,MERCEDES-BENZ,GLA 180,ICE,petrol,53,152.0,100.0,1498.0,
2023,MERCEDES-BENZ,GLA 180 D,ICE,diesel,108,141.0,85.0,1629.0,
2023,MERCEDES-BENZ,GLA 200,HEV,petrol,18,153.0,120.0,1570.0,
2023,MERCEDES-BENZ,GLA 200,ICE,petrol,27,152.0,120.0,1498.0,
2023,MERCEDES-BENZ,GLA 200 4MATIC,ICE,petrol,24,167.0,120.0,1567.0,
2023,MERCEDES-BENZ,GLA 200 D,ICE,diesel,53,141.0,110.0,1629.0,
2023,MERCEDES-BENZ,GLA 200 D 4MATIC,ICE,diesel,276,149.0,110.0,1689.0,
2023,MERCEDES-BENZ,GLA 220 4MATIC,HEV,petrol,12,172.0,140.0,1690.0,
2023,MERCEDES-BENZ,GLA 220 D,ICE,diesel,3,145.0,140.0,1640.0,
2023,MERCEDES-BENZ,GLA 220 D 4MATIC,ICE,diesel,41,151.0,140.0,1692.0,
2023,MERCEDES-BENZ,GLA 250,ICE,petrol,2,172.0,165.0,1565.0,
2023,MERCEDES-BENZ,GLA 250 4MATIC,HEV,petrol,2,171.0,165.0,1695.0,
2023,MERCEDES-BENZ,GLA 250 4MATIC,ICE,petrol,14,179.0,165.0,1611.0,
2023,MERCEDES-BENZ,GLA 250 E,PHEV,petrol/electric,88,31.0,118.0,1780.0,198.0
2023,MERCEDES-BENZ,GLB 180,ICE,petrol,5,159.0,100.0,1550.0,
2023,MERCEDES-BENZ,GLB 180 D,ICE,diesel,30,145.0,85.0,1687.0,
2023,MERCEDES-BENZ,GLB 200,ICE,petrol,12,160.0,120.0,1562.0,
2023,MERCEDES-BENZ,GLB 200 4MATIC,ICE,petrol,36,173.0,120.0,1627.0,
2023,MERCEDES-BENZ,GLB 200 D,ICE,diesel,47,146.0,110.0,1690.0,
2023,MERCEDES-BENZ,GLB 200 D 4MATIC,ICE,diesel,245,153.0,110.0,1747.0,
2023,MERCEDES-BENZ,GLB 220 D,ICE,diesel,9,150.0,140.0,1697.0,
2023,MERCEDES-BENZ,GLB 220 D 4MATIC,ICE,diesel,53,155.0,140.0,1741.0,
2023,MERCEDES-BENZ,GLB 250,ICE,petrol,2,179.0,165.0,1622.0,
2023,MERCEDES-BENZ,GLB 250 4MATIC,ICE,petrol,17,184.0,165.0,1672.0,
2023,MERCEDES-BENZ,GLC 200 4MATIC,HEV,petrol,82,175.0,148.0,1903.0,
2023,MERCEDES-BENZ,GLC 200 D 4MATIC,ICE,diesel,35,168.0,120.0,1845.0,
2023,MERCEDES-BENZ,GLC 220 D 4MATIC,HEV,diesel,750,141.0,145.0,2003.0,
2023,MERCEDES-BENZ,GLC 220 D 4MATIC,ICE,diesel,158,169.0,143.0,1843.0,
2023,MERCEDES-BENZ,GLC 300 4MATIC,HEV,petrol,43,179.0,190.0,1906.0,
2023,MERCEDES-BENZ,GLC 300 D 4MATIC,HEV,diesel,41,151.0,198.0,2037.0,
2023,MERCEDES-BENZ,GLC 300 D 4MATIC,ICE,diesel,16,181.0,180.0,1871.0,
2023,MERCEDES-BENZ,GLC 300 DE 4MATIC,PHEV,diesel/electric,330,19.0,144.0,2357.0,221.0
2023,MERCEDES-BENZ,GLC 300 E 4MATIC,PHEV,petrol/electric,146,19.0,150.0,2301.0,217.0
2023,MERCEDES-BENZ,GLC 400 D 4MATIC,ICE,diesel,7,195.0,243.0,1929.0,
2023,MERCEDES-BENZ,GLC 400 E 4MATIC,PHEV,petrol/electric,64,12.0,185.0,2355.0,213.0
2023,MERCEDES-BENZ,GLE 300 D 4MATIC,HEV,diesel,101,182.0,199.0,2284.0,
2023,MERCEDES-BENZ,GLE 300 D 4MATIC COUPE,HEV,diesel,19,188.0,198.0,2378.0,
2023,MERCEDES-BENZ,GLE 350 DE 4MATIC,PHEV,diesel/electric,203,22.0,143.0,2660.0,276.0
2023,MERCEDES-BENZ,GLE 350 DE 4MATIC COUPE,PHEV,diesel/electric,84,22.0,143.0,2698.0,279.0
2023,MERCEDES-BENZ,GLE 350 E 4MATIC,PHEV,petrol/electric,50,26.0,155.0,2605.0,290.0
2023,MERCEDES-BENZ,GLE 350 E 4MATIC COUPE,PHEV,petrol/electric,15,28.0,155.0,2625.0,304.0
2023,MERCEDES-BENZ,GLE 400 D 4MATIC,ICE,diesel,197,210.0,243.0,2280.0,
2023,MERCEDES-BENZ,GLE 400 D 4MATIC COUPE,ICE,diesel,81,214.0,243.0,2310.0,
2023,MERCEDES-BENZ,GLE 400 E 4MATIC,PHEV,petrol/electric,10,22.0,185.0,2645.0,263.0
2023,MERCEDES-BENZ,GLE 400 E 4MATIC COUPE,PHEV,petrol/electric,9,20.0,185.0,2670.0,261.0
2023,MERCEDES-BENZ,GLE 450 4MATIC,HEV,petrol,13,221.0,270.0,2226.0,
2023,MERCEDES-BENZ,GLE 450 D 4MATIC,HEV,diesel,26,214.0,270.0,2405.0,
2023,MERCEDES-BENZ,GLE 450 D 4MATIC COUPE,HEV,diesel,50,210.0,270.0,2450.0,
2023,MERCEDES-BENZ,GLE 580 4MATIC,HEV,petrol,2,260.0,360.0,2345.0,
2023,MERCEDES-BENZ,GLS 350 D 4MATIC,HEV,diesel,1,223.0,230.0,2615.0,
2023,MERCEDES-BENZ,GLS 350 D 4MATIC,ICE,diesel,4,228.0,210.0,2500.0,
2023,MERCEDES-BENZ,GLS 400 D 4MATIC,ICE,diesel,27,226.0,243.0,2505.0,
2023,MERCEDES-BENZ,GLS 450 4MATIC,HEV,petrol,9,243.0,270.0,2460.0,
2023,MERCEDES-BENZ,GLS 450 D 4MATIC,HEV,diesel,6,232.0,270.0,2615.0,
2023,MERCEDES-BENZ,GLS 580 4MATIC,HEV,petrol,2,283.0,360.0,2545.0,
2023,MERCEDES-BENZ,GLS 600 4MATIC MAYBACH,HEV,petrol,12,299.0,410.0,2785.0,
2023,MERCEDES-BENZ,MARCO POLO,ICE,diesel,60,219.0,137.0,2365.0,
2023,MERCEDES-BENZ,S 350 D,ICE,diesel,1,181.0,210.0,2040.0,
2023,MERCEDES-BENZ,S 350 D 4MATIC,HEV,diesel,2,165.0,230.0,2125.0,
2023,MERCEDES-BENZ,S 350 D 4MATIC,ICE,diesel,30,182.0,210.0,2070.0,
2023,MERCEDES-BENZ,S 400 D 4MATIC,ICE,diesel,33,188.0,243.0,2075.0,
2023,MERCEDES-BENZ,S 450 4MATIC,HEV,petrol,13,195.0,274.0,2034.0,
2023,MERCEDES-BENZ,S 450 D 4MATIC,HEV,diesel,5,175.0,270.0,2137.0,
2023,MERCEDES-BENZ,S 450 E,PHEV,petrol/electric,2,14.0,220.0,2390.0,223.0
2023,MERCEDES-BENZ,S 500 4MATIC,HEV,petrol,16,196.0,326.0,2072.0,
2023,MERCEDES-BENZ,S 580 4MATIC,HEV,petrol,11,237.0,370.0,2115.0,
2023,MERCEDES-BENZ,S 580 E,PHEV,petrol/electric,1,21.0,270.0,2385.0,270.0
2023,MERCEDES-BENZ,S 580 E 4MATIC,PHEV,petrol/electric,27,16.0,270.0,2440.0,238.0
2023,MERCEDES-BENZ,S 580 E MAYBACH,PHEV,petrol/electric,1,19.0,270.0,2650.0,262.0
2023,MERCEDES-BENZ,S 580 MAYBACH,HEV,petrol,5,243.0,370.0,2278.0,
2023,MERCEDES-BENZ,S 680 MAYBACH,ICE,petrol,6,312.0,450.0,2335.0,
2023,MERCEDES-BENZ,SPRINTER,ICE,diesel,86,283.0,119.0,2603.0,
2023,MERCEDES-BENZ,V-KLASSE,ICE,diesel,614,214.0,154.0,2203.0,
2023,MERCEDES-BENZ,VITO TOURER,ICE,diesel,708,204.0,117.0,2087.0,
2023,MERCEDES-BENZ AG,G 580,BEV,electric,6,,160.0,3240.0,250.0
2023,MG,EHS PLUG-IN HYBRID,PHEV,petrol/electric,117,43.0,119.0,1849.0,240.0
2023,MG,HS,ICE,petrol,1,174.0,119.0,1610.0,
2023,MG,MARVEL R ELECTRIC,BEV,electric,273,0.0,87.0,1946.0,202.0
2023,MG,MG4 ELECTRIC,BEV,electric,798,0.0,67.0,1749.0,167.0
2023,MG,MG5 ELECTRIC,BEV,electric,360,0.0,73.0,1632.0,179.0
2023,MG,ZS,ICE,petrol,329,149.0,78.0,1312.0,
2023,MG,ZS EV,BEV,electric,608,0.0,73.0,1692.0,177.0
2023,MINI,COOPER ALL4 COUNTRYMAN F6,ICE,petrol,74,162.0,100.0,1580.0,
2023,MINI,COOPER CLUBMAN F54 B38,ICE,petrol,36,138.0,100.0,1435.0,
2023,MINI,COOPER COUNTRYMAN F60 B38,ICE,petrol,194,148.0,100.0,1505.0,
2023,MINI,COOPER D ALL4 COUNTRYMAN,ICE,diesel,34,144.0,110.0,1645.0,
2023,MINI,COOPER D CLUBMAN F54 B47,ICE,diesel,17,131.0,110.0,1545.0,
2023,MINI,COOPER D COUNTRYMAN F60 B,ICE,diesel,48,135.0,110.0,1585.0,
2023,MINI,COOPER F55 B38,ICE,petrol,175,128.0,100.0,1303.0,
2023,MINI,COOPER F56 B38,ICE,petrol,250,126.0,100.0,1244.0,
2023,MINI,COOPER F57 B38,ICE,petrol,186,136.0,100.0,1357.0,
2023,MINI,COOPER S,ICE,petrol,1,134.0,131.0,1300.0,
2023,MINI,COOPER S ALL4 COUNTRYMAN,ICE,petrol,49,164.0,131.0,1645.0,
2023,MINI,COOPER S CLUBMAN,ICE,petrol,1,147.0,131.0,1490.0,
2023,MINI,COOPER S CLUBMAN F54 B48,ICE,petrol,42,147.0,131.0,1490.0,
2023,MINI,COOPER S COUNTRYMAN F60 B,ICE,petrol,11,149.0,131.0,1555.0,
2023,MINI,COOPER S F55 B48,ICE,petrol,61,139.0,131.0,1355.0,
2023,MINI,COOPER S F56 B48,ICE,petrol,126,136.0,131.0,1300.0,
2023,MINI,COOPER S F57 B48,ICE,petrol,119,143.0,131.0,1400.0,
2023,MINI,COOPER SD ALL4 COUNTRYMAN,ICE,diesel,22,144.0,140.0,1675.0,
2023,MINI,COOPER SD COUNTRYMAN F60,ICE,diesel,1,139.0,140.0,1610.0,
2023,MINI,COOPER SE ALL4 COUNTRYMAN,PHEV,petrol/electric,118,41.0,92.0,1790.0,154.0
2023,MINI,COOPER SE BEV F56 IB1,BEV,electric,445,0.0,75.0,1440.0,155.0
2023,MINI,COOPER SE CABRIO F57 IB1,BEV,electric,22,0.0,75.0,1540.0,172.0
2023,MINI,JCW ALL4 COUNTRYMAN F60 B,ICE,petrol,25,182.0,225.0,1680.0,
2023,MINI,JOHN COOPER WORKS ALL4 F5,ICE,petrol,24,173.0,225.0,1630.0,
2023,MINI,JOHN COOPER WORKS F56 B48,ICE,petrol,65,152.0,170.0,1350.0,
2023,MINI,JOHN COOPER WORKS F57 B48,ICE,petrol,86,158.0,170.0,1450.0,
2023,MITSUBISHI,ASX,HEV,petrol,360,120.0,89.0,1376.0,
2023,MITSUBISHI,ASX,ICE,petrol,213,130.0,67.0,1289.0,
2023,MITSUBISHI,ASX,PHEV,petrol/electric,31,30.0,68.0,1631.0,133.0
2023,MITSUBISHI,COLT,HEV,petrol,40,95.0,69.0,1357.0,
2023,MITSUBISHI,COLT,ICE,petrol,148,117.0,62.0,1170.0,
2023,MITSUBISHI,ECLIPSE CROSS,PHEV,petrol/electric,371,46.0,72.0,1975.0,175.0
2023,MITSUBISHI,SPACE STAR,ICE,petrol,1226,115.0,52.0,954.0,
2023,MORGAN,PLUS FOUR,ICE,petrol,1,165.0,190.0,1119.0,
2023,NIO,ES8,BEV,electric,1,0.0,120.0,2495.0,240.0
2023,NISSAN,ARIYA,BEV,electric,61,0.0,189.0,2153.0,189.0
2023,NISSAN,JUKE,HEV,petrol,130,112.0,69.0,1400.0,
2023,NISSAN,JUKE,ICE,petrol,211,134.0,84.0,1268.0,
2023,NISSAN,LEAF 40KWH,BEV,electric,36,0.0,110.0,1580.0,166.0
2023,NISSAN,LEAF 62KWH,BEV,electric,70,0.0,160.0,1756.0,178.0
2023,NISSAN,MICRA,ICE,petrol,114,129.0,68.0,1125.0,
2023,NISSAN,PRIMASTAR,ICE,diesel,45,189.0,114.0,2068.0,
2023,NISSAN,QASHQAI,HEV,petrol,1244,138.0,113.0,1540.0,
2023,NISSAN,TOWNSTAR,BEV,electric,10,0.0,90.0,1872.0,200.0
2023,NISSAN,TOWNSTAR,ICE,petrol,154,153.0,96.0,1550.0,
2023,NISSAN,X-TRAIL,HEV,petrol,448,145.0,116.0,1876.0,
2023,OPEL,ASTRA,ICE,diesel,70,127.0,96.0,1438.0,
2023,OPEL,ASTRA,BEV,electric,69,0.0,62.0,1736.0,150.0
2023,OPEL,ASTRA,ICE,petrol,501,125.0,89.0,1347.0,
2023,OPEL,ASTRA,PHEV,petrol/electric,140,24.0,116.0,1685.0,145.0
2023,OPEL,ASTRA SPORTS TOURER,ICE,diesel,135,131.0,96.0,1482.0,
2023,OPEL,ASTRA SPORTS TOURER,ICE,petrol,279,128.0,89.0,1394.0,
2023,OPEL,ASTRA SPORTS TOURER,PHEV,petrol/electric,72,24.0,112.0,1720.0,144.0
2023,OPEL,COMBO LIFE,ICE,diesel,23,138.0,89.0,1575.0,
2023,OPEL,COMBO LIFE,ICE,petrol,15,150.0,89.0,1499.0,
2023,OPEL,COMBO-E LIFE,BEV,electric,106,0.0,57.0,1784.0,199.0
2023,OPEL,CORSA,ICE,diesel,8,110.0,75.0,1165.0,
2023,OPEL,CORSA,BEV,electric,411,0.0,57.0,1530.0,157.0
2023,OPEL,CORSA,ICE,petrol,1068,119.0,73.0,1143.0,
2023,OPEL,CORSA RALLY 4,ICE,petrol,1,121.0,156.0,1155.0,
2023,OPEL,CROSSLAND,ICE,diesel,93,125.0,81.0,1305.0,
2023,OPEL,CROSSLAND,ICE,petrol,359,134.0,84.0,1282.0,
2023,OPEL,GRANDLAND,ICE,diesel,269,142.0,96.0,1523.0,
2023,OPEL,GRANDLAND,ICE,petrol,341,143.0,96.0,1449.0,
2023,OPEL,GRANDLAND,PHEV,petrol/electric,198,27.0,142.0,1852.0,162.0
2023,OPEL,INSIGNIA GRAND SPORT,ICE,diesel,2,130.0,128.0,1615.0,
2023,OPEL,INSIGNIA SPORTS TOUR,ICE,diesel,7,133.0,122.0,1612.0,
2023,OPEL,INSIGNIA SPORTS TOURER,ICE,diesel,4,139.0,128.0,1645.0,
2023,OPEL,MOKKA,ICE,diesel,158,117.0,81.0,1295.0,
2023,OPEL,MOKKA,BEV,electric,261,0.0,57.0,1598.0,160.0
2023,OPEL,MOKKA,ICE,petrol,536,128.0,85.0,1279.0,
2023,OPEL,VIVARO,ICE,diesel,4,168.0,88.0,1734.0,
2023,OPEL,VIVARO,BEV,electric,48,0.0,57.0,2146.0,268.0
2023,OPEL,VIVARO / ZAFIRA LIFE,ICE,diesel,2,168.0,88.0,1734.0,
2023,OPEL,ZAFIRA LIFE,ICE,diesel,2,186.0,118.0,1816.0,
2023,OPEL,ZAFIRA LIFE,BEV,electric,15,0.0,57.0,2150.0,268.0
2023,PEUGEOT,2008,ICE,diesel,206,130.0,94.0,1338.0,
2023,PEUGEOT,2008,BEV,electric,292,0.0,57.0,1623.0,159.0
2023,PEUGEOT,2008,ICE,petrol,570,128.0,85.0,1271.0,
2023,PEUGEOT,208,ICE,diesel,46,108.0,75.0,1165.0,
2023,PEUGEOT,208,BEV,electric,334,0.0,57.0,1530.0,157.0
2023,PEUGEOT,208,ICE,petrol,450,117.0,72.0,1153.0,
2023,PEUGEOT,3008,ICE,diesel,512,142.0,96.0,1504.0,
2023,PEUGEOT,3008,HEV,petrol,7,127.0,100.0,1553.0,
2023,PEUGEOT,3008,ICE,petrol,115,144.0,96.0,1395.0,
2023,PEUGEOT,3008,PHEV,petrol/electric,192,28.0,142.0,1887.0,162.0
2023,PEUGEOT,308,ICE,diesel,474,130.0,96.0,1464.0,
2023,PEUGEOT,308,BEV,electric,8,0.0,62.0,1759.0,150.0
2023,PEUGEOT,308,ICE,petrol,282,129.0,95.0,1374.0,
2023,PEUGEOT,308,PHEV,petrol/electric,56,24.0,116.0,1720.0,145.0
2023,PEUGEOT,408,ICE,petrol,284,136.0,96.0,1467.0,
2023,PEUGEOT,408,PHEV,petrol/electric,102,26.0,125.0,1777.0,146.0
2023,PEUGEOT,5008,ICE,diesel,451,146.0,98.0,1615.0,
2023,PEUGEOT,5008,HEV,petrol,8,130.0,100.0,1627.0,
2023,PEUGEOT,5008,ICE,petrol,45,147.0,96.0,1504.0,
2023,PEUGEOT,508,ICE,diesel,44,132.0,96.0,1535.0,
2023,PEUGEOT,508,PHEV,petrol/electric,65,32.0,134.0,1865.0,159.0
2023,PEUGEOT,E-RIFTER,BEV,electric,89,0.0,57.0,1792.0,202.0
2023,PEUGEOT,EXPERT,BEV,electric,16,0.0,57.0,2135.0,267.0
2023,PEUGEOT,EXPERT TRAVELLER,BEV,electric,1,0.0,57.0,2167.0,272.0
2023,PEUGEOT,RIFTER,ICE,diesel,57,140.0,90.0,1562.0,
2023,PEUGEOT,RIFTER,ICE,petrol,16,155.0,91.0,1552.0,
2023,PEUGEOT,TRAVELLER,BEV,electric,20,0.0,57.0,2186.0,269.0
2023,POLESTAR,2,BEV,electric,716,0.0,121.0,2113.0,175.0
2023,PORSCHE,718 BOXSTER,ICE,petrol,24,204.0,220.0,1435.0,
2023,PORSCHE,718 BOXSTER GTS,ICE,petrol,12,231.0,294.0,1507.0,
2023,PORSCHE,718 BOXSTER S,ICE,petrol,5,221.0,257.0,1454.0,
2023,PORSCHE,718 BOXSTER SPYDER,ICE,petrol,15,243.0,309.0,1521.0,
2023,PORSCHE,718 BOXSTER T,ICE,petrol,4,205.0,220.0,1447.0,
2023,PORSCHE,718 CAYMAN,ICE,petrol,12,204.0,220.0,1435.0,
2023,PORSCHE,718 CAYMAN GT4,ICE,petrol,10,242.0,309.0,1522.0,
2023,PORSCHE,718 CAYMAN GT4 RS,ICE,petrol,63,299.0,368.0,1490.0,
2023,PORSCHE,718 CAYMAN GTS,ICE,petrol,6,232.0,294.0,1505.0,
2023,PORSCHE,718 CAYMAN S,ICE,petrol,1,218.0,257.0,1460.0,
2023,PORSCHE,718 CAYMAN T,ICE,petrol,3,206.0,220.0,1445.0,
2023,PORSCHE,718 SPYDER RS,ICE,petrol,1,294.0,368.0,1485.0,
2023,PORSCHE,911 CARRERA,ICE,petrol,46,236.0,283.0,1619.0,
2023,PORSCHE,911 CARRERA 4,ICE,petrol,25,236.0,283.0,1660.0,
2023,PORSCHE,911 CARRERA 4 GTS,ICE,petrol,48,249.0,353.0,1709.0,
2023,PORSCHE,911 CARRERA 4S,ICE,petrol,33,243.0,331.0,1684.0,
2023,PORSCHE,911 CARRERA GTS,ICE,petrol,37,247.0,353.0,1647.0,
2023,PORSCHE,911 CARRERA S,ICE,petrol,26,240.0,331.0,1625.0,
2023,PORSCHE,911 CARRERA T,ICE,petrol,16,234.0,283.0,1571.0,
2023,PORSCHE,911 DAKAR,ICE,petrol,20,256.0,353.0,1680.0,
2023,PORSCHE,911 GT3,ICE,petrol,81,293.0,375.0,1506.0,
2023,PORSCHE,911 GT3 RS,ICE,petrol,55,305.0,386.0,1525.0,
2023,PORSCHE,911 SPORT CLASSIC,ICE,petrol,15,285.0,405.0,1645.0,
2023,PORSCHE,911 TARGA 4,ICE,petrol,21,239.0,283.0,1740.0,
2023,PORSCHE,911 TARGA 4 GTS,ICE,petrol,38,251.0,353.0,1759.0,
2023,PORSCHE,911 TARGA 4S,ICE,petrol,24,244.0,331.0,1748.0,
2023,PORSCHE,911 TURBO,ICE,petrol,12,273.0,427.0,1744.0,
2023,PORSCHE,911 TURBO S,ICE,petrol,50,273.0,478.0,1738.0,
2023,PORSCHE,CAYENNE E-HYBRID,PHEV,petrol/electric,313,62.0,241.0,2441.0,268.0
2023,PORSCHE,CAYENNE GTS,ICE,petrol,1,306.0,338.0,2220.0,
2023,PORSCHE,CAYENNE S,ICE,petrol,1,276.0,324.0,2095.0,
2023,PORSCHE,CAYENNE TURBO,ICE,petrol,2,307.0,404.0,2262.0,
2023,PORSCHE,CAYENNE TURBO GT,ICE,petrol,5,319.0,471.0,2295.0,
2023,PORSCHE,CAYENNE TURBO S E-HYBRID,PHEV,petrol/electric,12,87.0,404.0,2576.0,264.0
2023,PORSCHE,MACAN,ICE,petrol,87,228.0,195.0,1920.0,
2023,PORSCHE,MACAN GTS,ICE,petrol,42,256.0,324.0,2035.0,
2023,PORSCHE,MACAN S,ICE,petrol,39,249.0,280.0,2005.0,
2023,PORSCHE,MACAN T,ICE,petrol,25,228.0,195.0,1940.0,
2023,PORSCHE,PANAMERA 4 E-HYBRID,PHEV,petrol/electric,44,53.0,243.0,2295.0,241.0
2023,PORSCHE,PANAMERA 4S E-HYBRID,PHEV,petrol/electric,20,57.0,324.0,2307.0,240.0
2023,PORSCHE,PANAMERA TURBO S E-HYBRID,PHEV,petrol/electric,16,63.0,420.0,2437.0,242.0
2023,PORSCHE,TAYCAN,BEV,electric,36,0.0,120.0,2201.0,214.0
2023,PORSCHE,TAYCAN 4,BEV,electric,52,0.0,140.0,2320.0,225.0
2023,PORSCHE,TAYCAN 4S,BEV,electric,63,0.0,139.0,2311.0,222.0
2023,PORSCHE,TAYCAN GTS,BEV,electric,52,0.0,142.0,2377.0,223.0
2023,PORSCHE,TAYCAN TURBO,BEV,electric,13,0.0,142.0,2392.0,228.0
2023,PORSCHE,TAYCAN TURBO S,BEV,electric,8,0.0,142.0,2386.0,230.0
2023,RENAULT,ARKANA,HEV,petrol,645,131.0,105.0,1413.0,
2023,RENAULT,ARKANA E-TECH,HEV,petrol,374,106.0,69.0,1510.0,
2023,RENAULT,AUSTRAL,HEV,petrol,1418,124.0,103.0,1560.0,
2023,RENAULT,CAPTUR,HEV,petrol,309,134.0,104.0,1372.0,
2023,RENAULT,CAPTUR,ICE,petrol,700,132.0,67.0,1290.0,
2023,RENAULT,CAPTUR E-TECH HYBRID,HEV,petrol,286,107.0,69.0,1436.0,
2023,RENAULT,CAPTUR E-TECH PLUG-IN HYBRID,PHEV,petrol/electric,63,30.0,68.0,1614.0,133.0
2023,RENAULT,CLIO,ICE,diesel,80,109.0,74.0,1248.0,
2023,RENAULT,CLIO,ICE,petrol,1392,119.0,60.0,1148.0,
2023,RENAULT,CLIO E-TECH HYBRID,HEV,petrol,200,96.0,69.0,1343.0,
2023,RENAULT,ESPACE,ICE,diesel,40,166.0,135.0,1894.0,
2023,RENAULT,ESPACE,HEV,petrol,131,108.0,96.0,1752.0,
2023,RENAULT,GRAND SCENIC,ICE,petrol,240,150.0,106.0,1571.0,
2023,RENAULT,KADJAR,ICE,diesel,1,136.0,85.0,1510.0,
2023,RENAULT,KANGOO,ICE,diesel,145,143.0,77.0,1649.0,
2023,RENAULT,KANGOO,ICE,petrol,315,155.0,87.0,1563.0,
2023,RENAULT,KANGOO E-TECH ELECTRIC,BEV,electric,38,0.0,90.0,1870.0,198.0
2023,RENAULT,KOLEOS,ICE,diesel,20,177.0,135.0,1848.0,
2023,RENAULT,KOLEOS,ICE,petrol,3,151.0,116.0,1590.0,
2023,RENAULT,MASTER,ICE,diesel,3,280.0,107.0,2361.0,
2023,RENAULT,MEGANE,ICE,diesel,277,120.0,85.0,1476.0,
2023,RENAULT,MEGANE,ICE,petrol,232,139.0,116.0,1380.0,
2023,RENAULT,MEGANE E-TECH ELECTRIC,BEV,electric,946,0.0,150.0,1705.0,161.0
2023,RENAULT,MEGANE E-TECH PLUG-IN HYBRID,PHEV,petrol/electric,15,28.0,67.0,1636.0,142.0
2023,RENAULT,TRAFIC,ICE,diesel,311,189.0,110.0,2119.0,
2023,RENAULT,TWINGO,BEV,electric,177,0.0,60.0,1204.0,158.0
2023,RENAULT,TWINGO,ICE,petrol,21,117.0,48.0,1000.0,
2023,RENAULT,ZOE,BEV,electric,257,0.0,83.0,1577.0,176.0
2023,ROLLS-ROYCE,CULLINAN BLACK BADGE,ICE,petrol,1,374.0,441.0,2785.0,
2023,ROLLS-ROYCE,SPECTRE,BEV,electric,1,0.0,135.0,2965.0,234.0
2023,SEAT,ALHAMBRA,ICE,petrol,69,191.0,110.0,1799.0,
2023,SEAT,ARONA,ICE,petrol,2722,126.0,75.0,1212.0,
2023,SEAT,ATECA,ICE,diesel,991,144.0,104.0,1561.0,
2023,SEAT,ATECA,ICE,petrol,2268,149.0,99.0,1410.0,
2023,SEAT,IBIZA,ICE,petrol,2961,123.0,67.0,1144.0,
2023,SEAT,LEON,ICE,diesel,112,119.0,96.0,1440.0,
2023,SEAT,LEON,HEV,petrol,52,131.0,95.0,1351.0,
2023,SEAT,LEON,ICE,petrol,316,126.0,78.0,1297.0,
2023,SEAT,LEON E-HYBRID150,PHEV,petrol/electric,2,25.0,110.0,1621.0,148.0
2023,SEAT,LEON SP,ICE,diesel,534,121.0,95.0,1498.0,
2023,SEAT,LEON SP,HEV,petrol,83,132.0,93.0,1404.0,
2023,SEAT,LEON SP,ICE,petrol,635,126.0,76.0,1347.0,
2023,SEAT,LEON SP E-HYBRID150,PHEV,petrol/electric,17,26.0,110.0,1664.0,148.0
2023,SEAT,TARRACO,ICE,diesel,395,160.0,129.0,1764.0,
2023,SEAT,TARRACO,ICE,petrol,576,165.0,121.0,1648.0,
2023,SEAT,TARRACO,PHEV,petrol/electric,179,36.0,110.0,1868.0,168.0
2023,SERES,SKE6470SBEVA5S,BEV,electric,1,0.0,155.0,2435.0,173.0
2023,SKODA,ENYAQ 50,BEV,electric,18,0.0,70.0,1941.0,158.0
2023,SKODA,ENYAQ 60,BEV,electric,297,0.0,70.0,1998.0,161.0
2023,SKODA,ENYAQ 80,BEV,electric,1786,0.0,70.0,2128.0,161.0
2023,SKODA,ENYAQ 80X,BEV,electric,1183,0.0,77.0,2204.0,171.0
2023,SKODA,ENYAQ 85,BEV,electric,6,0.0,89.0,2141.0,152.0
2023,SKODA,ENYAQ 85X,BEV,electric,3,0.0,77.0,2230.0,162.0
2023,SKODA,ENYAQ RS,BEV,electric,444,0.0,77.0,2263.0,171.0
2023,SKODA,FABIA,ICE,petrol,2802,119.0,64.0,1141.0,
2023,SKODA,KAMIQ,ICE,petrol,2301,129.0,80.0,1237.0,
2023,SKODA,KAROQ,ICE,diesel,1753,138.0,97.0,1542.0,
2023,SKODA,KAROQ,ICE,petrol,1318,139.0,102.0,1400.0,
2023,SKODA,KODIAQ,ICE,diesel,1690,156.0,119.0,1759.0,
2023,SKODA,KODIAQ,ICE,petrol,361,172.0,134.0,1672.0,
2023,SKODA,OCTAVIA,ICE,diesel,5473,120.0,101.0,1479.0,
2023,SKODA,OCTAVIA,HEV,petrol,333,123.0,100.0,1376.0,
2023,SKODA,OCTAVIA,ICE,petrol,449,123.0,90.0,1334.0,
2023,SKODA,OCTAVIA,PHEV,petrol/electric,36,24.0,110.0,1648.0,146.0
2023,SKODA,OCTAVIA RS,ICE,diesel,331,141.0,147.0,1578.0,
2023,SKODA,OCTAVIA RS,ICE,petrol,71,159.0,180.0,1533.0,
2023,SKODA,OCTAVIA RS,PHEV,petrol/electric,16,29.0,110.0,1703.0,152.0
2023,SKODA,OCTAVIA SCOUT,ICE,diesel,156,143.0,119.0,1622.0,
2023,SKODA,OCTAVIA SCOUT,ICE,petrol,5,167.0,140.0,1591.0,
2023,SKODA,SCALA,ICE,petrol,1218,124.0,82.0,1222.0,
2023,SKODA,SUPERB,ICE,diesel,1481,138.0,118.0,1624.0,
2023,SKODA,SUPERB,ICE,petrol,63,162.0,139.0,1555.0,
2023,SKODA,SUPERB,PHEV,petrol/electric,56,28.0,115.0,1766.0,154.0
2023,SKYWELL,ET5,BEV,electric,6,0.0,65.0,1955.0,193.0
2023,SMART,#1,BEV,electric,51,0.0,247.0,1912.0,175.0
2023,SMART,EQ FORTWO CABRIO,BEV,electric,25,0.0,41.0,1125.0,166.0
2023,SMART,EQ FORTWO COUPE,BEV,electric,35,0.0,41.0,1095.0,163.0
2023,SSANGYONG,KORANDO,ICE,diesel,3,157.7,100.0,1609.0,
2023,SSANGYONG,KORANDO,ICE,petrol,7,182.0,120.0,1544.0,
2023,SSANGYONG,REXTON,ICE,diesel,13,213.0,149.0,2161.0,
2023,SSANGYONG,TIVOLI,ICE,petrol,1,175.0,120.0,1425.0,
2023,SSANGYONG,TIVOLI / LUVI,ICE,petrol,1,175.0,120.0,1393.0,
2023,SSANGYONG,TIVOLI OD SSANGYONG,ICE,petrol,2,161.0,120.0,1375.0,
2023,SSANGYONG,TORRES,ICE,petrol,8,200.0,120.0,1648.0,
2023,SSANGYONG,XLV OD SSANGYONG TI,ICE,petrol,9,175.0,120.0,1425.0,
2023,SSANGYONG,XLV SSANGYONG TIVOL,ICE,petrol,1,175.0,120.0,1425.0,
2023,SUBARU,BRZ,ICE,petrol,27,200.0,172.0,1350.0,
2023,SUBARU,CROSSTREK,HEV,petrol,24,174.0,100.0,1701.0,
2023,SUBARU,FORESTER,HEV,petrol,68,185.0,110.0,1742.0,
2023,SUBARU,IMPREZA,HEV,petrol,1,174.0,110.0,1590.0,
2023,SUBARU,IMPREZA,ICE,petrol,2,172.0,84.0,1435.0,
2023,SUBARU,OUTBACK,ICE,petrol,94,193.0,124.0,1731.0,
2023,SUBARU,SOLTERRA,BEV,electric,41,0.0,160.0,2106.0,176.0
2023,SUBARU,XV,HEV,petrol,80,180.0,110.0,1628.0,
2023,SUBARU,XV,ICE,petrol,86,180.0,84.0,1502.0,
2023,SUZUKI,ACROSS,PHEV,petrol/electric,76,22.0,136.0,2015.0,166.0
2023,SUZUKI,IGNIS,HEV,petrol,857,119.0,61.0,979.0,
2023,SUZUKI,SWACE,HEV,petrol,126,102.0,72.0,1475.0,
2023,SUZUKI,SWIFT,HEV,petrol,1147,115.0,62.0,1020.0,
2023,SUZUKI,"SX4, SUZUKI SX4",HEV,petrol,1120,130.0,91.0,1362.0,
2023,SUZUKI,VITARA,HEV,petrol,924,130.0,90.0,1332.0,
2023,TESLA,MODEL 3,BEV,electric,1948,0.0,121.0,1873.0,143.0
2023,TESLA,MODEL S,BEV,electric,241,0.0,257.0,2209.0,179.0
2023,TESLA,MODEL X,BEV,electric,190,0.0,243.0,2477.0,197.0
2023,TESLA,MODEL Y,BEV,electric,6043,0.0,162.0,2044.0,167.0
2023,TOYOTA,AYGO,ICE,petrol,2,115.0,53.0,932.0,
2023,TOYOTA,AYGO X,ICE,petrol,393,110.0,53.0,1032.0,
2023,TOYOTA,BZ4X,BEV,electric,125,0.0,100.0,2052.0,167.0
2023,TOYOTA,C-HR,HEV,petrol,954,111.0,78.0,1506.0,
2023,TOYOTA,CAMRY,HEV,petrol,61,124.0,131.0,1670.0,
2023,TOYOTA,COROLLA,HEV,petrol,1950,109.0,88.0,1489.0,
2023,TOYOTA,COROLLA,ICE,petrol,2,135.0,88.0,1332.0,
2023,TOYOTA,GR 86,ICE,petrol,89,199.0,172.0,1352.0,
2023,TOYOTA,GR YARIS,ICE,petrol,52,186.0,192.0,1355.0,
2023,TOYOTA,HIGHLANDER,HEV,petrol,57,159.0,140.0,2129.0,
2023,TOYOTA,LAND CRUISER (150 SERIES),ICE,diesel,238,250.0,150.0,2227.0,
2023,TOYOTA,MIRAI,ICE,hydrogen,4,0.0,134.0,1985.0,
2023,TOYOTA,PRIUS PHEV,PHEV,petrol/electric,92,15.0,111.0,1629.0,125.0
2023,TOYOTA,PRIUS PHV,PHEV,petrol/electric,1,28.0,72.0,1605.0,99.0
2023,TOYOTA,PROACE,ICE,diesel,264,195.0,114.0,1839.0,
2023,TOYOTA,PROACE,BEV,electric,37,0.0,100.0,2161.0,269.0
2023,TOYOTA,PROACE CITY VERSO,ICE,diesel,143,144.0,85.0,1581.0,
2023,TOYOTA,PROACE CITY VERSO,ICE,petrol,66,146.0,81.0,1461.0,
2023,TOYOTA,PROACE CITY VERSO ELECTRIC,BEV,electric,50,0.0,100.0,1808.0,202.0
2023,TOYOTA,RAV4,HEV,petrol,699,129.0,131.0,1699.0,
2023,TOYOTA,RAV4,ICE,petrol,2,159.0,129.0,1582.0,
2023,TOYOTA,RAV4,PHEV,petrol/electric,257,22.0,136.0,1995.0,166.0
2023,TOYOTA,SUPRA,ICE,petrol,6,181.0,230.0,1552.0,
2023,TOYOTA,YARIS,HEV,petrol,1295,93.0,68.0,1165.0,
2023,TOYOTA,YARIS,ICE,petrol,714,125.0,58.0,1046.0,
2023,TOYOTA,YARIS CROSS,HEV,petrol,2126,106.0,68.0,1284.0,
2023,TOYOTA,YARIS CROSS,ICE,petrol,141,133.0,92.0,1189.0,
2023,VOLKSWAGEN,ARTEON,ICE,diesel,91,135.0,118.0,1672.0,
2023,VOLKSWAGEN,ARTEON,ICE,petrol,1,168.0,140.0,1619.0,
2023,VOLKSWAGEN,ARTEON,PHEV,petrol/electric,30,30.0,115.0,1813.0,158.0
2023,VOLKSWAGEN,CADDY,ICE,diesel,2457,133.0,82.0,1663.0,
2023,VOLKSWAGEN,CADDY,ICE,petrol,520,149.0,84.0,1568.0,
2023,VOLKSWAGEN,CALIFORNIA BEACH,ICE,diesel,485,213.0,117.0,2400.0,
2023,VOLKSWAGEN,CRAFTER,ICE,diesel,1,224.0,103.0,2102.0,
2023,VOLKSWAGEN,GOLF,ICE,diesel,3254,118.0,90.0,1454.0,
2023,VOLKSWAGEN,GOLF,ICE,ng,4,112.0,96.0,1448.0,
2023,VOLKSWAGEN,GOLF,HEV,petrol,606,124.0,90.0,1350.0,
2023,VOLKSWAGEN,GOLF,ICE,petrol,1479,129.0,95.0,1297.0,
2023,VOLKSWAGEN,GOLF,PHEV,petrol/electric,26,21.0,110.0,1592.0,141.0
2023,VOLKSWAGEN,GOLF GTE,PHEV,petrol/electric,11,27.0,110.0,1627.0,149.0
2023,VOLKSWAGEN,ID. BUZZ PRO 150 KW,BEV,electric,335,0.0,150.0,2459.0,210.0
2023,VOLKSWAGEN,ID3 PRO 107 KW,BEV,electric,199,0.0,70.0,1812.0,154.0
2023,VOLKSWAGEN,ID3 PRO 150 KW,BEV,electric,933,0.0,70.0,1813.0,155.0
2023,VOLKSWAGEN,ID3 PRO S 150 KW,BEV,electric,625,0.0,70.0,1933.0,155.0
2023,VOLKSWAGEN,ID3 PURE 110 KW,BEV,electric,3,0.0,70.0,1782.0,148.0
2023,VOLKSWAGEN,ID4 GTX 220 KW,BEV,electric,588,0.0,77.0,2238.0,179.0
2023,VOLKSWAGEN,ID4 GTX 250KW,BEV,electric,1,0.0,77.0,2256.0,172.0
2023,VOLKSWAGEN,ID4 PRO 128 KW,BEV,electric,642,0.0,70.0,2123.0,168.0
2023,VOLKSWAGEN,ID4 PRO 150 KW,BEV,electric,771,0.0,70.0,2119.0,169.0
2023,VOLKSWAGEN,ID4 PRO 4MOTION 195 KW,BEV,electric,294,0.0,77.0,2219.0,176.0
2023,VOLKSWAGEN,ID4 PRO 4MOTION 210KW,BEV,electric,3,0.0,77.0,2237.0,169.0
2023,VOLKSWAGEN,ID5 GTX 220 KW,BEV,electric,343,0.0,77.0,2242.0,176.0
2023,VOLKSWAGEN,ID5 GTX 250KW,BEV,electric,1,0.0,77.0,2242.0,171.0
2023,VOLKSWAGEN,ID5 PRO 128 KW,BEV,electric,37,0.0,70.0,2117.0,167.0
2023,VOLKSWAGEN,ID5 PRO 150 KW,BEV,electric,224,0.0,70.0,2117.0,167.0
2023,VOLKSWAGEN,ID5 PRO 210KW,BEV,electric,1,0.0,89.0,2143.0,163.0
2023,VOLKSWAGEN,ID7 PRO 210KW,BEV,electric,107,0.0,89.0,2172.0,150.0
2023,VOLKSWAGEN,KOMBI,ICE,diesel,1149,202.0,104.0,1986.0,
2023,VOLKSWAGEN,MULTIVAN,ICE,diesel,493,189.0,122.0,2137.0,
2023,VOLKSWAGEN,MULTIVAN,ICE,petrol,47,192.0,125.0,2013.0,
2023,VOLKSWAGEN,MULTIVAN,PHEV,petrol/electric,744,41.0,85.0,2161.0,172.0
2023,VOLKSWAGEN,PASSAT,ICE,diesel,1829,131.0,111.0,1588.0,
2023,VOLKSWAGEN,PASSAT,ICE,petrol,25,147.0,110.0,1467.0,
2023,VOLKSWAGEN,PASSAT,PHEV,petrol/electric,24,27.0,115.0,1753.0,151.0
2023,VOLKSWAGEN,POLO,ICE,ng,2,100.0,66.0,1296.0,
2023,VOLKSWAGEN,POLO,ICE,petrol,2749,124.0,66.0,1164.0,
2023,VOLKSWAGEN,SHARAN,ICE,petrol,2,191.0,110.0,1772.0,
2023,VOLKSWAGEN,T-CROSS,ICE,petrol,1774,134.0,77.0,1271.0,
2023,VOLKSWAGEN,T-ROC,ICE,diesel,679,136.0,101.0,1487.0,
2023,VOLKSWAGEN,T-ROC,ICE,petrol,2149,141.0,96.0,1345.0,
2023,VOLKSWAGEN,TAIGO,ICE,petrol,1711,129.0,80.0,1246.0,
2023,VOLKSWAGEN,TIGUAN,ICE,diesel,2276,160.0,116.0,1705.0,
2023,VOLKSWAGEN,TIGUAN,ICE,petrol,1096,160.0,114.0,1577.0,
2023,VOLKSWAGEN,TIGUAN,PHEV,petrol/electric,362,34.0,110.0,1815.0,168.0
2023,VOLKSWAGEN,TOUAREG,ICE,diesel,64,218.0,196.0,2092.0,
2023,VOLKSWAGEN,TOUAREG EHYBRID,PHEV,petrol/electric,73,50.0,250.0,2431.0,235.0
2023,VOLKSWAGEN,TOUAREG R,PHEV,petrol/electric,180,51.0,250.0,2477.0,240.0
2023,VOLKSWAGEN,TOURAN,ICE,diesel,1479,134.0,98.0,1610.0,
2023,VOLKSWAGEN,TOURAN,ICE,petrol,142,150.0,110.0,1539.0,
2023,VOLKSWAGEN,TRANSPORTER,ICE,diesel,3,207.0,123.0,1978.0,
2023,VOLKSWAGEN,UP!,BEV,electric,14,0.0,61.0,1248.0,146.0
2023,VOLKSWAGEN,UP!,ICE,petrol,313,116.0,52.0,1001.0,
2023,VOLVO,C40,BEV,electric,285,0.0,257.0,2144.0,183.0
2023,VOLVO,EX30,BEV,electric,13,0.0,253.0,1900.0,172.0
2023,VOLVO,S60,HEV,petrol,41,141.0,136.0,1718.0,
2023,VOLVO,S60,PHEV,petrol/electric,5,17.0,228.0,2039.0,172.0
2023,VOLVO,S90,HEV,diesel,5,153.0,173.0,1912.0,
2023,VOLVO,S90,PHEV,petrol/electric,7,18.0,228.0,2119.0,175.0
2023,VOLVO,V60,HEV,diesel,36,147.0,145.0,1803.0,
2023,VOLVO,V60,HEV,petrol,70,141.0,125.0,1734.0,
2023,VOLVO,V60,PHEV,petrol/electric,52,18.0,194.0,2064.0,176.0
2023,VOLVO,V60 CROSS COUNTRY,HEV,diesel,62,157.0,145.0,1924.0,
2023,VOLVO,V60 CROSS COUNTRY,HEV,petrol,6,169.0,184.0,1886.0,
2023,VOLVO,V90,HEV,diesel,13,152.0,145.0,1919.0,
2023,VOLVO,V90,HEV,petrol,5,160.0,145.0,1831.0,
2023,VOLVO,V90,PHEV,petrol/electric,38,19.0,197.0,2075.0,179.0
2023,VOLVO,V90 CROSS COUNTRY,HEV,diesel,59,170.0,151.0,1982.0,
2023,VOLVO,V90 CROSS COUNTRY,HEV,petrol,12,183.0,184.0,1930.0,
2023,VOLVO,XC40,BEV,electric,660,0.0,247.0,2124.0,185.0
2023,VOLVO,XC40,HEV,petrol,323,153.0,126.0,1695.0,
2023,VOLVO,XC40,ICE,petrol,198,165.0,95.0,1622.0,
2023,VOLVO,XC40,PHEV,petrol/electric,197,48.0,105.0,1812.0,154.0
2023,VOLVO,XC60,HEV,diesel,259,168.0,145.0,1961.0,
2023,VOLVO,XC60,HEV,petrol,105,173.0,145.0,1869.0,
2023,VOLVO,XC60,PHEV,petrol/electric,489,24.0,191.0,2150.0,195.0
2023,VOLVO,XC90,HEV,diesel,85,186.0,173.0,2165.0,
2023,VOLVO,XC90,PHEV,petrol/electric,260,30.0,228.0,2297.0,213.0
2024,ALFA ROMEO,ALFA GIULIA,ICE,diesel,58,140.0,136.0,1605.0,
2024,ALFA ROMEO,ALFA GIULIA,ICE,petrol,47,192.0,247.0,1646.0,
2024,ALFA ROMEO,ALFA STELVIO,ICE,diesel,205,160.0,148.0,1810.0,
2024,ALFA ROMEO,ALFA STELVIO,ICE,petrol,138,199.0,214.0,1763.0,
2024,ALFA ROMEO,ALFA TONALE,ICE,diesel,26,141.0,96.0,1655.0,
2024,ALFA ROMEO,ALFA TONALE,HEV,petrol,275,131.0,113.0,1600.0,
2024,ALFA ROMEO,ALFA TONALE,PHEV,petrol/electric,121,30.0,132.0,1910.0,186.0
2024,ALFA ROMEO,GIULIA GTA,ICE,petrol,1,244.0,397.0,1680.0,
2024,ALFA ROMEO,JUNIOR,BEV,electric,99,0.0,115.0,1620.0,151.0
2024,ALFA ROMEO,JUNIOR,HEV,petrol,165,109.0,100.0,1380.0,
2024,ALPINA,BMW ALPINA B4 GRAN COUPE,ICE,petrol,3,229.0,364.0,1965.0,
2024,ALPINA,BMW ALPINA D3S TOURING,HEV,diesel,1,182.0,261.0,2020.0,
2024,ALPINA,BMW ALPINA D4S GRAN COUPE,HEV,diesel,1,182.0,261.0,2020.0,
2024,ALPINA,BMW ALPINA D5 S TOURING ALLRAD,ICE,diesel,1,227.0,300.0,2095.0,
2024,ALPINA,BMW ALPINA XD3,ICE,diesel,1,224.0,290.0,2145.0,
2024,ALPINA,BMW ALPINA XD4,ICE,diesel,1,224.0,290.0,2145.0,
2024,ALPINE,A110,ICE,petrol,16,154.0,216.0,1181.0,
2024,ALPINE,A290,BEV,electric,1,0.0,160.0,1554.0,166.0
2024,ASTON MARTIN,DB11,ICE,petrol,1,254.0,394.0,1835.0,
2024,ASTON MARTIN,DB11 VOLANTE,ICE,petrol,1,257.0,394.0,1945.0,
2024,ASTON MARTIN,DB12,ICE,petrol,3,276.0,500.0,1895.0,
2024,ASTON MARTIN,DB12 VOLANTE,ICE,petrol,4,276.0,500.0,2005.0,
2024,ASTON MARTIN,DBS 770 ULTIMATE,ICE,petrol,3,314.0,566.0,1920.0,
2024,ASTON MARTIN,DBS 770 ULTIMATE VOLANTE,ICE,petrol,1,314.0,566.0,2020.0,
2024,ASTON MARTIN,DBX,ICE,petrol,2,323.0,405.0,2320.0,
2024,ASTON MARTIN,DBX707,ICE,petrol,4,323.0,520.0,2320.0,
2024,ASTON MARTIN,VALKYRIE,HEV,petrol,2,543.0,747.0,1435.0,
2024,ASTON MARTIN,VANTAGE,ICE,petrol,4,271.0,460.0,1805.0,
2024,ASTON MARTIN,VANTAGE F1 EDITION,ICE,petrol,1,264.0,394.0,1760.0,
2024,ASTON MARTIN,VANTAGE ROADSTER,ICE,petrol,1,263.0,375.0,1820.0,
2024,AUDI,A1 ALLSTREET,ICE,petrol,155,135.0,83.0,1239.0,
2024,AUDI,A1 SPORTBACK,ICE,petrol,674,127.0,75.0,1190.0,
2024,AUDI,A3 40 TFSIE,PHEV,petrol/electric,10,26.0,110.0,1625.0,149.0
2024,AUDI,A3 45 TFSIE,PHEV,petrol/electric,11,29.0,110.0,1655.0,154.0
2024,AUDI,A3 ALLSTREET,ICE,diesel,30,137.0,110.0,1510.0,
2024,AUDI,A3 ALLSTREET,HEV,petrol,62,127.0,110.0,1425.0,
2024,AUDI,A3 LIMOUSINE,ICE,diesel,20,122.0,97.0,1467.0,
2024,AUDI,A3 LIMOUSINE,HEV,petrol,72,124.0,102.0,1394.0,
2024,AUDI,A3 LIMOUSINE,ICE,petrol,19,131.0,99.0,1371.0,
2024,AUDI,A3 SPORTBACK,ICE,diesel,441,125.0,99.0,1464.0,
2024,AUDI,A3 SPORTBACK,HEV,petrol,465,123.0,93.0,1380.0,
2024,AUDI,A3 SPORTBACK,ICE,petrol,289,129.0,87.0,1343.0,
2024,AUDI,A3 SPORTBACK G-TRON,ICE,ng,4,110.0,96.0,1430.0,
2024,AUDI,A4 ALLROAD QUATTRO,HEV,diesel,88,156.0,150.0,1720.0,
2024,AUDI,A4 ALLROAD QUATTRO,HEV,petrol,3,174.0,195.0,1705.0,
2024,AUDI,A4 AVANT,HEV,diesel,1018,134.0,119.0,1621.0,
2024,AUDI,A4 AVANT,HEV,petrol,157,157.0,137.0,1623.0,
2024,AUDI,A4 LIMOUSINE,HEV,diesel,111,134.0,122.0,1591.0,
2024,AUDI,A4 LIMOUSINE,HEV,petrol,81,153.0,137.0,1558.0,
2024,AUDI,A5 AVANT,HEV,diesel,47,136.0,150.0,1945.0,
2024,AUDI,A5 AVANT,ICE,petrol,18,160.0,123.0,1800.0,
2024,AUDI,A5 CABRIOLET,HEV,diesel,10,155.0,140.0,1810.0,
2024,AUDI,A5 CABRIOLET,HEV,petrol,47,168.0,151.0,1786.0,
2024,AUDI,A5 COUPE,HEV,diesel,8,141.0,140.0,1599.0,
2024,AUDI,A5 COUPE,HEV,petrol,7,158.0,162.0,1602.0,
2024,AUDI,A5 LIMOUSINE,HEV,diesel,16,135.0,150.0,1935.0,
2024,AUDI,A5 LIMOUSINE,ICE,petrol,10,158.0,122.0,1786.0,
2024,AUDI,A5 SPORTBACK,HEV,diesel,112,143.0,135.0,1649.0,
2024,AUDI,A5 SPORTBACK,HEV,petrol,43,161.0,152.0,1635.0,
2024,AUDI,A6 50 TFSI E,PHEV,petrol/electric,22,30.0,195.0,2085.0,197.0
2024,AUDI,A6 55 TFSI E,PHEV,petrol/electric,14,31.0,195.0,2085.0,201.0
2024,AUDI,A6 ALLROAD QUATTRO,HEV,diesel,77,176.0,196.0,2000.0,
2024,AUDI,A6 AVANT,HEV,diesel,285,161.0,161.0,1875.0,
2024,AUDI,A6 AVANT,HEV,petrol,2,174.0,172.0,1810.0,
2024,AUDI,A6 AVANT 50 TFSI E,PHEV,petrol/electric,218,34.0,195.0,2150.0,207.0
2024,AUDI,A6 AVANT 55 TFSI E,PHEV,petrol/electric,278,35.0,195.0,2150.0,210.0
2024,AUDI,A6 LIMOUSINE,HEV,diesel,117,160.0,172.0,1853.0,
2024,AUDI,A6 LIMOUSINE,HEV,petrol,2,163.0,150.0,1710.0,
2024,AUDI,A7 50 TFSI E,PHEV,petrol/electric,9,35.0,195.0,2140.0,210.0
2024,AUDI,A7 55 TFSI E,PHEV,petrol/electric,7,34.0,195.0,2140.0,207.0
2024,AUDI,A7 SPORTBACK,HEV,diesel,8,173.0,172.0,1926.0,
2024,AUDI,A7 SPORTBACK,HEV,petrol,1,205.0,250.0,1890.0,
2024,AUDI,A8,HEV,diesel,10,192.0,210.0,2112.0,
2024,AUDI,A8,HEV,petrol,4,224.0,272.0,2056.0,
2024,AUDI,A8,PHEV,petrol/electric,283,45.0,250.0,2398.0,230.0
2024,AUDI,E-TRON GT,BEV,electric,10,0.0,140.0,2350.0,207.0
2024,AUDI,E-TRON SPORTBACK 55,BEV,electric,1,0.0,158.0,2595.0,236.0
2024,AUDI,Q2,ICE,diesel,153,137.0,95.0,1490.0,
2024,AUDI,Q2,ICE,petrol,675,138.0,93.0,1347.0,
2024,AUDI,Q3,ICE,diesel,519,153.0,114.0,1706.0,
2024,AUDI,Q3,ICE,petrol,358,158.0,117.0,1591.0,
2024,AUDI,Q3 E-TRON,PHEV,petrol/electric,30,33.0,110.0,1815.0,169.0
2024,AUDI,Q3 SPORTBACK,ICE,diesel,600,163.0,124.0,1712.0,
2024,AUDI,Q3 SPORTBACK,ICE,petrol,455,165.0,119.0,1597.0,
2024,AUDI,Q3 SPORTBACK E-TRON,PHEV,petrol/electric,125,36.0,110.0,1815.0,172.0
2024,AUDI,Q4 35 E-TRON,BEV,electric,2,0.0,70.0,1965.0,171.0
2024,AUDI,Q4 40 E-TRON,BEV,electric,2,0.0,70.0,2125.0,178.0
2024,AUDI,Q4 45 E-TRON,BEV,electric,1000,0.0,83.0,2188.0,171.0
2024,AUDI,Q4 50 E-TRON,BEV,electric,54,0.0,77.0,2210.0,182.0
2024,AUDI,Q4 55 E-TRON,BEV,electric,132,0.0,77.0,2235.0,177.0
2024,AUDI,Q4 SPORTBACK 35 E-TRON,BEV,electric,2,0.0,70.0,1990.0,171.0
2024,AUDI,Q4 SPORTBACK 40 E-TRON,BEV,electric,4,0.0,70.0,2120.0,171.0
2024,AUDI,Q4 SPORTBACK 45 E-TRON,BEV,electric,275,0.0,82.0,2192.0,167.0
2024,AUDI,Q4 SPORTBACK 50 E-TRON,BEV,electric,26,0.0,77.0,2215.0,179.0
2024,AUDI,Q4 SPORTBACK 55 E-TRON,BEV,electric,101,0.0,77.0,2235.0,171.0
2024,AUDI,Q5,HEV,diesel,245,171.0,146.0,1873.0,
2024,AUDI,Q5,HEV,petrol,5,194.0,195.0,1835.0,
2024,AUDI,Q5 50 TFSI E,PHEV,petrol/electric,173,37.0,195.0,2150.0,225.0
2024,AUDI,Q5 55 TFSI E,PHEV,petrol/electric,41,39.0,195.0,2150.0,227.0
2024,AUDI,Q5 SPORTBACK,HEV,diesel,260,176.0,148.0,1896.0,
2024,AUDI,Q5 SPORTBACK,HEV,petrol,6,196.0,195.0,1850.0,
2024,AUDI,Q5 SPORTBACK 50 TFSI E,PHEV,petrol/electric,117,40.0,195.0,2150.0,230.0
2024,AUDI,Q5 SPORTBACK 55 TFSI E,PHEV,petrol/electric,76,41.0,195.0,2150.0,231.0
2024,AUDI,Q6 SUV E-TRON,BEV,electric,2,0.0,100.0,2200.0,162.0
2024,AUDI,Q6 SUV E-TRON PERFORMANCE,BEV,electric,88,0.0,120.0,2275.0,176.0
2024,AUDI,Q6 SUV E-TRON QUATTRO,BEV,electric,461,0.0,120.0,2400.0,182.0
2024,AUDI,Q7,HEV,diesel,366,214.0,207.0,2235.0,
2024,AUDI,Q7,HEV,petrol,31,240.0,250.0,2177.0,
2024,AUDI,Q7 55 TFSI E,PHEV,petrol/electric,73,31.0,250.0,2460.0,282.0
2024,AUDI,Q7 60 TFSI E,PHEV,petrol/electric,164,31.0,250.0,2460.0,284.0
2024,AUDI,Q8,HEV,diesel,433,224.0,208.0,2235.0,
2024,AUDI,Q8,HEV,petrol,102,248.0,250.0,2175.0,
2024,AUDI,Q8 50 E-TRON,BEV,electric,210,0.0,158.0,2585.0,211.0
2024,AUDI,Q8 55 E-TRON,BEV,electric,270,0.0,158.0,2585.0,220.0
2024,AUDI,Q8 55 TFSI E,PHEV,petrol/electric,172,36.0,250.0,2492.0,290.0
2024,AUDI,Q8 60 TFSI E,PHEV,petrol/electric,307,35.0,250.0,2490.0,295.0
2024,AUDI,Q8 SPORTBACK 50 E-TRON,BEV,electric,34,0.0,158.0,2585.0,208.0
2024,AUDI,Q8 SPORTBACK 55 E-TRON,BEV,electric,63,0.0,158.0,2585.0,219.0
2024,AUDI,R8 COUPE,ICE,petrol,1,341.0,456.0,1645.0,
2024,AUDI,R8 SPYDER,ICE,petrol,2,314.0,437.0,1770.0,
2024,AUDI,RS 3 LIMOUSINE,ICE,petrol,16,204.0,294.0,1645.0,
2024,AUDI,RS 3 SPORTBACK,ICE,petrol,182,209.0,294.0,1642.0,
2024,AUDI,RS 4 AVANT,ICE,petrol,49,224.0,331.0,1820.0,
2024,AUDI,RS 5 COUPE,ICE,petrol,1,219.0,331.0,1770.0,
2024,AUDI,RS 5 SPORTBACK,ICE,petrol,5,222.0,331.0,1810.0,
2024,AUDI,RS 6 AVANT,HEV,petrol,364,281.0,462.0,2151.0,
2024,AUDI,RS 7 SPORTBACK,HEV,petrol,12,277.0,463.0,2140.0,
2024,AUDI,RS E-TRON GT,BEV,electric,10,0.0,144.0,2417.0,208.0
2024,AUDI,RS E-TRON GT PERFORMANCE,BEV,electric,1,0.0,163.0,2395.0,206.0
2024,AUDI,RS Q3,ICE,petrol,3,224.0,294.0,1790.0,
2024,AUDI,RS Q3 SPORTBACK,ICE,petrol,108,227.0,294.0,1775.0,
2024,AUDI,RS Q8,HEV,petrol,149,303.0,453.0,2373.0,
2024,AUDI,S E-TRON GT,BEV,electric,10,0.0,163.0,2385.0,194.0
2024,AUDI,S3 LIMOUSINE,ICE,petrol,13,186.0,242.0,1605.0,
2024,AUDI,S3 SPORTBACK,ICE,petrol,111,193.0,243.0,1606.0,
2024,AUDI,S4 AVANT,HEV,diesel,16,192.0,251.0,1910.0,
2024,AUDI,S5 AVANT,HEV,petrol,7,178.0,270.0,2040.0,
2024,AUDI,S5 CABRIOLET,ICE,petrol,4,209.0,260.0,1915.0,
2024,AUDI,S6 AVANT,HEV,diesel,121,190.0,253.0,2095.0,
2024,AUDI,S6 LIMOUSINE,HEV,diesel,8,185.0,253.0,2030.0,
2024,AUDI,S7 SPORTBACK,HEV,diesel,13,191.0,253.0,2085.0,
2024,AUDI,S8,HEV,petrol,9,262.0,420.0,2295.0,
2024,AUDI,SQ2,ICE,petrol,5,192.0,221.0,1610.0,
2024,AUDI,SQ5,HEV,diesel,18,217.0,251.0,2085.0,
2024,AUDI,SQ5 SPORTBACK,HEV,diesel,31,217.0,251.0,2085.0,
2024,AUDI,SQ6 SUV E-TRON,BEV,electric,60,0.0,120.0,2425.0,181.0
2024,AUDI,SQ7,ICE,petrol,102,280.0,373.0,2327.0,
2024,AUDI,SQ8,ICE,petrol,144,284.0,373.0,2315.0,
2024,AUDI,SQ8 E-TRON,BEV,electric,27,0.0,226.0,2725.0,283.0
2024,AUDI,SQ8 SPORTBACK E-TRON,BEV,electric,14,0.0,226.0,2725.0,275.0
2024,AUDI,TT COUPE,ICE,petrol,13,181.0,177.0,1451.0,
2024,AUDI,TT RS COUPE,ICE,petrol,3,203.0,294.0,1550.0,
2024,AUDI,TT RS ROADSTER,ICE,petrol,1,209.0,294.0,1640.0,
2024,AUDI,TTS ROADSTER,ICE,petrol,1,194.0,235.0,1585.0,
2024,AUTOMOBILI LAMBORGHINI S.P.A.,HURACAN,ICE,petrol,13,333.0,463.0,1619.0,
2024,AUTOMOBILI LAMBORGHINI S.P.A.,REVUELTO,PHEV,petrol/electric,5,276.0,607.0,1967.0,101.0
2024,AUTOMOBILI LAMBORGHINI S.P.A.,URUS,ICE,petrol,15,320.0,490.0,2246.0,
2024,BAIC,X55,ICE,petrol,4,179.0,130.0,1617.0,
2024,BAIC,X75,ICE,petrol,2,188.0,130.0,,
2024,BENTLEY,BENTAYGA AZURE HYBRID,PHEV,petrol/electric,2,69.0,250.0,2585.0,267.0
2024,BENTLEY,BENTAYGA AZURE V8,ICE,petrol,4,296.0,404.0,2487.0,
2024,BENTLEY,BENTAYGA EXTENDED WHEELBASE MU,ICE,petrol,1,296.0,404.0,2576.0,
2024,BENTLEY,BENTAYGA EXTENDED WHEELBASE V8,ICE,petrol,1,296.0,404.0,2576.0,
2024,BENTLEY,BENTAYGA S HYBRID,PHEV,petrol/electric,1,68.0,250.0,2585.0,261.0
2024,BENTLEY,CONTINENTAL GT AZURE V8,ICE,petrol,3,275.0,404.0,2240.0,
2024,BENTLEY,CONTINENTAL GT MULLINER W12,ICE,petrol,1,311.0,485.0,2348.0,
2024,BENTLEY,CONTINENTAL GT SPEED,ICE,petrol,1,311.0,485.0,2348.0,
2024,BENTLEY,CONTINENTAL GT SPEED,PHEV,petrol/electric,1,29.0,441.0,2534.0,277.0
2024,BENTLEY,FLYING SPUR AZURE V8,ICE,petrol,1,288.0,404.0,2405.0,
2024,BENTLEY,FLYING SPUR MULLINER,PHEV,petrol/electric,1,33.0,441.0,2718.0,279.0
2024,BENTLEY,FLYING SPUR S V8,ICE,petrol,1,288.0,404.0,2405.0,
2024,BMW,,HEV,diesel,9,183.0,250.0,2070.0,
2024,BMW,,ICE,diesel,5,139.0,140.0,1640.0,
2024,BMW,,ICE,petrol,15,183.0,220.0,1757.0,
2024,BMW,116 5-TURER,ICE,petrol,20,136.0,90.0,1465.0,
2024,BMW,116D 5-T?RER F40 B37,ICE,diesel,1,124.0,85.0,1460.0,
2024,BMW,116D 5-TURER F40 B37,ICE,diesel,155,122.0,85.0,1456.0,
2024,BMW,116I 5-TURER F40 B38,ICE,petrol,79,133.0,80.0,1406.0,
2024,BMW,118D 5-T?RER F40 B47,ICE,diesel,1,133.0,110.0,1505.0,
2024,BMW,118D 5-TURER F40 B47,ICE,diesel,115,126.0,110.0,1491.0,
2024,BMW,118D 5-TURER F70 B47,ICE,diesel,84,123.0,110.0,1540.0,
2024,BMW,118I 5-TURER F40 B38,ICE,petrol,47,132.0,100.0,1386.0,
2024,BMW,120 5-TURER F70 B38,HEV,petrol,87,124.0,115.0,1500.0,
2024,BMW,120D 5-TURER F70 B47,HEV,diesel,86,115.0,110.0,1570.0,
2024,BMW,120D XDRIVE 5-T?RER F40 B47,ICE,diesel,1,145.0,140.0,1590.0,
2024,BMW,120D XDRIVE 5-TURER F40 B47,ICE,diesel,29,140.0,140.0,1590.0,
2024,BMW,120I 5-TURER F40 B48,ICE,petrol,10,141.0,131.0,1465.0,
2024,BMW,123 XDRIVE 5-TURER,HEV,petrol,1,135.0,150.0,1605.0,
2024,BMW,128TI 5-TURER F40 B48,ICE,petrol,1,159.0,195.0,1520.0,
2024,BMW,216D GRAN COUPE F44 B37,ICE,diesel,3,123.0,85.0,1505.0,
2024,BMW,216I ACTIVE TOURER U06 B38,ICE,petrol,42,141.0,90.0,1545.0,
2024,BMW,218D ACTIVE TOURER U06 B47,ICE,diesel,241,127.0,110.0,1620.0,
2024,BMW,218D GRAN COUPE F44 B47,ICE,diesel,17,130.0,110.0,1539.0,
2024,BMW,218I ACTIVE TOURER U06 B38,ICE,petrol,74,142.0,100.0,1545.0,
2024,BMW,218I COUPE G42 B48,ICE,petrol,7,150.0,115.0,1560.0,
2024,BMW,218I GRAN COUPE F44 B38,ICE,petrol,36,133.0,100.0,1445.0,
2024,BMW,220D ACTIVE TOURER U06 B47,HEV,diesel,4,117.0,110.0,1640.0,
2024,BMW,220D COUPE G42 B47,HEV,diesel,17,129.0,140.0,1655.0,
2024,BMW,220D GRAN COUPE F44 B47,ICE,diesel,3,135.0,140.0,1580.0,
2024,BMW,220I ACTIVE TOURER U06 B38,HEV,petrol,12,131.0,115.0,1595.0,
2024,BMW,220I COUPE G42 B48,ICE,petrol,23,148.0,135.0,1565.0,
2024,BMW,220I GRAN COUPE F44 B48,ICE,petrol,11,141.0,131.0,1505.0,
2024,BMW,223D XDRIVE ACTIVE TOURER U06,HEV,diesel,21,124.0,145.0,1730.0,
2024,BMW,223I ACTIVE TOURER U06 B48,HEV,petrol,1,136.0,150.0,1620.0,
2024,BMW,223I XDRIVE ACTIVE TOURER U06,HEV,petrol,10,145.0,150.0,1690.0,
2024,BMW,225E XDRIVE ACTIVE TOURER,PHEV,petrol/electric,1,19.0,100.0,1900.0,165.0
2024,BMW,225E XDRIVE ACTIVE TOURER U06,PHEV,petrol/electric,140,18.0,100.0,1900.0,164.0
2024,BMW,230E XDRIVE ACTIVE TOURER U06,PHEV,petrol/electric,40,18.0,110.0,1920.0,164.0
2024,BMW,230I COUPE G42 B48,ICE,petrol,8,153.0,180.0,1600.0,
2024,BMW,316D LIMOUSINE MX G20 B47,HEV,diesel,12,128.0,90.0,1660.0,
2024,BMW,316D TOURING G21 B47,HEV,diesel,5,134.0,90.0,1735.0,
2024,BMW,318D LIMOUSINE MX G20 B47,HEV,diesel,82,130.0,110.0,1660.0,
2024,BMW,318D TOURING G21 B47,HEV,diesel,186,136.0,110.0,1735.0,
2024,BMW,318I LIMOUSINE MX G20 B48,ICE,petrol,16,147.0,115.0,1575.0,
2024,BMW,318I TOURING G21 B48,ICE,petrol,10,154.0,115.0,1650.0,
2024,BMW,320D LIMOUSINE MX G20 B47,HEV,diesel,26,129.0,140.0,1670.0,
2024,BMW,320D TOURING G21 B47,HEV,diesel,43,135.0,140.0,1740.0,
2024,BMW,320D XDRIVE LIMOUSINE MX G20 B,HEV,diesel,84,140.0,140.0,1735.0,
2024,BMW,320D XDRIVE TOURING G21 B47,HEV,diesel,414,144.0,140.0,1800.0,
2024,BMW,320E LIMOUSINE MX G20 XB1,PHEV,petrol/electric,12,31.0,120.0,1845.0,162.0
2024,BMW,320E TOURING G21 XB1,PHEV,petrol/electric,44,33.0,120.0,1900.0,179.0
2024,BMW,320E XDRIVE TOURING G21 XB1,PHEV,petrol/electric,68,37.0,120.0,1955.0,179.0
2024,BMW,320I LIMOUSINE G20 B48,ICE,petrol,1,149.0,135.0,1590.0,
2024,BMW,320I LIMOUSINE MX G20 B48,ICE,petrol,10,150.0,135.0,1590.0,
2024,BMW,320I TOURING G21 B48,ICE,petrol,12,156.0,135.0,1660.0,
2024,BMW,320I XDRIVE LIMOUSINE MX G20 B,ICE,petrol,3,159.0,135.0,1655.0,
2024,BMW,330D LIMOUSINE MX G20 B57,HEV,diesel,2,138.0,210.0,1785.0,
2024,BMW,330D TOURING G21 B57,HEV,diesel,1,141.0,210.0,1845.0,
2024,BMW,330D XDRIVE LIMOUSINE MX G20 B,HEV,diesel,6,145.0,210.0,1835.0,
2024,BMW,330D XDRIVE TOURING G21 B57,HEV,diesel,51,156.0,210.0,1900.0,
2024,BMW,330E LIMOUSINE MX G20 XB1,PHEV,petrol/electric,4,33.0,135.0,1845.0,180.0
2024,BMW,330E LIMOUSINE MX G20 XB1U,PHEV,petrol/electric,4,19.0,135.0,1910.0,211.0
2024,BMW,330E TOURING G21 XB1,PHEV,petrol/electric,19,24.0,135.0,1944.0,196.0
2024,BMW,330E XDRIVE LIMOUSINE MX G20 X,PHEV,petrol/electric,43,35.0,135.0,1909.0,186.0
2024,BMW,330E XDRIVE TOURING G21 XB1,PHEV,petrol/electric,149,33.0,135.0,1985.0,205.0
2024,BMW,330I XDRIVE LIMOUSINE MX G20 B,ICE,petrol,9,162.0,180.0,1670.0,
2024,BMW,330I XDRIVE TOURING G21 B48,ICE,petrol,4,167.0,180.0,1735.0,
2024,BMW,420D CABRIO G23 B47,HEV,diesel,36,140.0,140.0,1850.0,
2024,BMW,420D COUPE G22 B47,HEV,diesel,4,129.0,140.0,1680.0,
2024,BMW,420D GRAN COUPE G26 B47,HEV,diesel,28,131.0,140.0,1780.0,
2024,BMW,420D XDRIVE COUPE G22 B47,HEV,diesel,26,139.0,140.0,1745.0,
2024,BMW,420D XDRIVE GRAN COUPE G26 B47,HEV,diesel,83,139.0,140.0,1835.0,
2024,BMW,420I CABRIO G23 B48,ICE,petrol,36,159.0,135.0,1765.0,
2024,BMW,420I COUPE G22 B48,ICE,petrol,8,149.0,135.0,1600.0,
2024,BMW,420I GRAN COUPE G26 B48,ICE,petrol,17,154.0,135.0,1695.0,
2024,BMW,430D CABRIO G23 B57,HEV,diesel,8,151.0,210.0,1958.0,
2024,BMW,430D XDRIVE COUPE G22 B57,HEV,diesel,7,149.0,210.0,1849.0,
2024,BMW,430D XDRIVE GRAN COUPE G26 B57,HEV,diesel,25,154.0,210.0,1920.0,
2024,BMW,430I CABRIO G23 B48,ICE,petrol,3,163.0,180.0,1790.0,
2024,BMW,430I XDRIVE CABRIO G23 B48,ICE,petrol,18,171.0,180.0,1840.0,
2024,BMW,430I XDRIVE COUPE G22 B48,ICE,petrol,7,163.0,180.0,1680.0,
2024,BMW,430I XDRIVE G26 B48,ICE,petrol,17,168.0,180.0,1775.0,
2024,BMW,520D LIMOUSINE G60 B47,HEV,diesel,53,137.0,145.0,1850.0,
2024,BMW,520D TOURING G31 B47,HEV,diesel,6,135.0,140.0,1855.0,
2024,BMW,520D TOURING G61 B47,HEV,diesel,36,143.0,145.0,1910.0,
2024,BMW,520D XDRIVE,HEV,diesel,1,146.0,145.0,1905.0,
2024,BMW,520D XDRIVE LIMOUSINE G60 B47,HEV,diesel,327,148.0,145.0,1905.0,
2024,BMW,520D XDRIVE TOURING G31 B47,HEV,diesel,40,144.0,140.0,1915.0,
2024,BMW,520D XDRIVE TOURING G61 B47,HEV,diesel,183,152.0,145.0,1970.0,
2024,BMW,520I LIMOUSINE G60 B48,HEV,petrol,47,132.0,140.0,1800.0,
2024,BMW,520I TOURING G31 B48,HEV,petrol,1,156.0,135.0,1790.0,
2024,BMW,530D TOURING G31 B57,HEV,diesel,1,154.0,210.0,1940.0,
2024,BMW,530D XDRIVE TOURING G31 B57,HEV,diesel,27,162.0,210.0,2000.0,
2024,BMW,530E LIMOUSINE G60 XB1,PHEV,petrol/electric,58,14.0,140.0,2080.0,205.0
2024,BMW,530E TOURING G31 XB1,PHEV,petrol/electric,1,36.0,135.0,1975.0,172.0
2024,BMW,530E TOURING G61 XB1,PHEV,petrol/electric,15,18.0,140.0,2140.0,216.0
2024,BMW,530E XDRIVE LIMOUSINE G60 XB1,PHEV,petrol/electric,29,17.0,140.0,2130.0,218.0
2024,BMW,530E XDRIVE TOURING G31 XB1,PHEV,petrol/electric,7,45.0,135.0,2035.0,191.0
2024,BMW,530E XDRIVE TOURING G61 XB1,PHEV,petrol/electric,161,19.0,140.0,2195.0,224.0
2024,BMW,540D XDRIVE LIMOUSINE G60 B57,HEV,diesel,45,158.0,210.0,1980.0,
2024,BMW,540D XDRIVE TOURING G31 B57,HEV,diesel,1,169.0,250.0,2000.0,
2024,BMW,540D XDRIVE TOURING G61 B57,HEV,diesel,113,163.0,210.0,2050.0,
2024,BMW,540I XDRIVE TOURING G31 B58,HEV,petrol,1,191.0,245.0,1925.0,
2024,BMW,550E XDRIVE LIMOUSINE G60 XB1,PHEV,petrol/electric,204,20.0,230.0,2230.0,224.0
2024,BMW,550E XDRIVE TOURING,PHEV,petrol/electric,29,22.0,230.0,2285.0,231.0
2024,BMW,740D XDRIVE LIMOUSINE G70 B57,HEV,diesel,58,164.0,210.0,2255.0,
2024,BMW,750E XDRIVE LIMOUSINE G70 XB1,PHEV,petrol/electric,26,24.0,230.0,2455.0,241.0
2024,BMW,840D XDRIVE CABRIO G14 B57,HEV,diesel,2,185.0,250.0,2100.0,
2024,BMW,840D XDRIVE COUPE G15 B57,HEV,diesel,1,175.0,250.0,1990.0,
2024,BMW,840I XDRIVE CABRIO G14 B58,ICE,petrol,1,204.0,245.0,1990.0,
2024,BMW,840I XDRIVE COUPE G15 B58,ICE,petrol,3,199.0,245.0,1870.0,
2024,BMW,I4 EDRIVE35 GRAN COUPE G26 HA0,BEV,electric,787,0.0,80.0,2067.0,163.0
2024,BMW,I4 EDRIVE40,BEV,electric,1,0.0,105.0,2125.0,166.0
2024,BMW,I4 EDRIVE40 GRAN COUPE G26 HA0,BEV,electric,630,0.0,105.0,2125.0,167.0
2024,BMW,I4 M50 XDRIVE GRAN COUPE G26 X,BEV,electric,488,0.0,125.0,2290.0,197.0
2024,BMW,I4 XDRIVE40 GRAN COUPE G26 XE2,BEV,electric,167,0.0,125.0,2260.0,180.0
2024,BMW,I5 EDRIVE40,BEV,electric,1,0.0,105.0,2255.0,173.0
2024,BMW,I5 EDRIVE40 LIMOUSINE G60 HA0,BEV,electric,264,0.0,105.0,2205.0,169.0
2024,BMW,I5 EDRIVE40 TOURING G61 HA0,BEV,electric,336,0.0,105.0,2255.0,175.0
2024,BMW,I5 M60 XDRIVE LIMOUSINE G60 XE,BEV,electric,86,0.0,127.0,2380.0,196.0
2024,BMW,I5 M60 XDRIVE TOURING G61 XE2,BEV,electric,109,0.0,127.0,2425.0,197.0
2024,BMW,I5 XDRIVE40,BEV,electric,1,0.0,127.0,2355.0,179.0
2024,BMW,I5 XDRIVE40 LIMOUSINE G60 XE2,BEV,electric,170,0.0,127.0,2355.0,185.0
2024,BMW,I5 XDRIVE40 TOURING,BEV,electric,47,0.0,127.0,2405.0,188.0
2024,BMW,I7 EDRIVE50 LIMOUSINE G70 HA0,BEV,electric,12,0.0,125.0,2595.0,197.0
2024,BMW,I7 M70 XDRIVE LIMOUSINE G70 XE,BEV,electric,14,0.0,135.0,2770.0,214.0
2024,BMW,I7 XDRIVE60 G70 XE2,BEV,electric,30,0.0,135.0,2715.0,191.0
2024,BMW,IX M60 I20 XE2,BEV,electric,14,0.0,140.0,2670.0,227.0
2024,BMW,IX XDRIVE40,BEV,electric,1,0.0,102.0,2440.0,204.0
2024,BMW,IX XDRIVE40 I20 XE2,BEV,electric,184,0.0,102.0,2440.0,203.0
2024,BMW,IX XDRIVE50 I20 XE2,BEV,electric,149,0.0,140.0,2585.0,208.0
2024,BMW,IX1 EDRIVE20,BEV,electric,1,0.0,68.0,1940.0,163.0
2024,BMW,IX1 EDRIVE20 U11 HB0,BEV,electric,1403,0.0,68.0,1940.0,159.0
2024,BMW,IX1 XDRIVE30 U11 XE2,BEV,electric,873,0.0,103.0,2085.0,174.0
2024,BMW,IX2 EDRIVE20,BEV,electric,2,0.0,68.0,1960.0,161.0
2024,BMW,IX2 EDRIVE20 U10 HB0,BEV,electric,46,0.0,68.0,1960.0,161.0
2024,BMW,IX2 XDRIVE30 U10 XE2,BEV,electric,283,0.0,104.0,2095.0,172.0
2024,BMW,IX3,BEV,electric,1,0.0,80.0,2270.0,179.0
2024,BMW,IX3 G08 HA0,BEV,electric,931,0.0,80.0,2265.0,180.0
2024,BMW,M135 5-TURER F70 B48,ICE,petrol,18,176.0,221.0,1625.0,
2024,BMW,M135I XDRIVE 5-TURER F40 B48,ICE,petrol,3,176.0,225.0,1600.0,
2024,BMW,M2 COUPE G87 S58,ICE,petrol,93,221.0,339.0,1797.0,
2024,BMW,M240I COUPE G42 B58,ICE,petrol,2,184.0,275.0,1710.0,
2024,BMW,M240I XDRIVE COUPE G42 B58,ICE,petrol,20,189.0,275.0,1765.0,
2024,BMW,M3 COMPETITION LIMOUSINE G80 S,ICE,petrol,8,222.0,375.0,1805.0,
2024,BMW,M3 COMPETITION M XDRIVE G80 S5,ICE,petrol,32,229.0,375.0,1855.0,
2024,BMW,M3 COMPETITION M XDRIVE LIMOUS,ICE,petrol,13,228.0,390.0,1855.0,
2024,BMW,M3 COMPETITION M XDRIVE TOURIN,ICE,petrol,187,232.0,378.0,1940.0,
2024,BMW,M3 CS LIMOUSINE G80 S58,ICE,petrol,33,232.0,405.0,1840.0,
2024,BMW,M340D XDRIVE LIMOUSINE MX G20,HEV,diesel,7,158.0,250.0,1875.0,
2024,BMW,M340D XDRIVE TOURING G21 B57,HEV,diesel,28,165.0,250.0,1945.0,
2024,BMW,M340I XDRIVE LIMOUSINE MX G20,HEV,petrol,4,184.0,275.0,1800.0,
2024,BMW,M340I XDRIVE TOURING G21 B58,HEV,petrol,20,189.0,275.0,1870.0,
2024,BMW,M4 COMPETITION COUPE G82 S58,ICE,petrol,2,221.0,375.0,1800.0,
2024,BMW,M4 COMPETITION M XDRIVE G82 S5,ICE,petrol,83,228.0,381.0,1850.0,
2024,BMW,M4 COMPETITION M XDRIVE G83 S5,ICE,petrol,26,232.0,384.0,1998.0,
2024,BMW,M4 COUPE G82 S58,ICE,petrol,2,228.0,353.0,1775.0,
2024,BMW,M4 CS COUPE G82 S58,ICE,petrol,9,232.0,405.0,1835.0,
2024,BMW,M440D XDRIVE CABRIO G23 B57,HEV,diesel,3,167.0,250.0,2055.0,
2024,BMW,M440D XDRIVE COUPE G22 B57,HEV,diesel,3,155.0,250.0,1905.0,
2024,BMW,M440I GRAN COUPE G26 B58,HEV,petrol,5,176.0,275.0,1840.0,
2024,BMW,M440I XDRIVE CABRIO G23 B58,HEV,petrol,24,186.0,275.0,1965.0,
2024,BMW,M440I XDRIVE COUPE G22 B58,HEV,petrol,7,180.0,275.0,1811.0,
2024,BMW,M440I XDRIVE GRAN COUPE G26 B5,HEV,petrol,20,189.0,275.0,1900.0,
2024,BMW,M5 LIMOUSINE G90 XB1,PHEV,petrol/electric,28,37.0,430.0,2510.0,253.0
2024,BMW,M5 TOURING,PHEV,petrol/electric,2,40.0,430.0,2550.0,259.0
2024,BMW,M760E XDRIVE LIMOUSINE G70 XB1,PHEV,petrol/electric,53,26.0,280.0,2525.0,239.0
2024,BMW,M8 CABRIO F91 S63,ICE,petrol,2,262.0,460.0,2100.0,
2024,BMW,M8 COUPE F92 S63,ICE,petrol,1,259.0,460.0,1975.0,
2024,BMW,M8 GRAN COUPE F93 S63,ICE,petrol,3,263.0,460.0,2070.0,
2024,BMW,M850I XDRIVE CABRIO G14 N63,ICE,petrol,4,245.0,390.0,2127.0,
2024,BMW,M850I XDRIVE COUPE G15 N63,ICE,petrol,1,240.0,390.0,2015.0,
2024,BMW,X1 M35I XDRIVE U11 B48,ICE,petrol,32,176.0,221.0,1740.0,
2024,BMW,X1 SDRIVE18D U11 B47,ICE,diesel,156,133.0,110.0,1650.0,
2024,BMW,X1 SDRIVE18I U11 B38,ICE,petrol,104,145.0,100.0,1575.0,
2024,BMW,X1 SDRIVE20D U11 B47,HEV,diesel,16,119.0,110.0,1685.0,
2024,BMW,X1 SDRIVE20I U11 B38,HEV,petrol,84,133.0,115.0,1625.0,
2024,BMW,X1 XDRIVE20D U11 B47,HEV,diesel,999,128.0,110.0,1765.0,
2024,BMW,X1 XDRIVE23D U11 B47,HEV,diesel,182,129.0,145.0,1765.0,
2024,BMW,X1 XDRIVE23I U11 B48,HEV,petrol,94,148.0,150.0,1730.0,
2024,BMW,X1 XDRIVE25E U11 XB2,PHEV,petrol/electric,471,17.0,100.0,1930.0,173.0
2024,BMW,X1 XDRIVE30E,PHEV,petrol/electric,2,18.0,110.0,1935.0,94.0
2024,BMW,X1 XDRIVE30E U11 XB2,PHEV,petrol/electric,383,19.0,110.0,1935.0,177.0
2024,BMW,X2 IX2 EDRIVE20 U10 HB0,BEV,electric,124,0.0,68.0,1960.0,160.0
2024,BMW,X2 M35I XDRIVE U10 B48,ICE,petrol,70,178.0,221.0,1770.0,
2024,BMW,X2 SDRIVE18D U10 B47,ICE,diesel,110,137.0,110.0,1675.0,
2024,BMW,X2 SDRIVE20D U10 B47,HEV,diesel,11,121.0,110.0,1710.0,
2024,BMW,X2 SDRIVE20I U10 B38,HEV,petrol,88,133.0,115.0,1645.0,
2024,BMW,X2 XDRIVE20D U10 B47,HEV,diesel,183,129.0,110.0,1780.0,
2024,BMW,X3 20 XDRIVE G45 B48,HEV,petrol,2,159.0,140.0,1930.0,
2024,BMW,X3 20D XDRIVE G45 B47,HEV,diesel,74,159.0,145.0,1965.0,
2024,BMW,X3 30E XDRIVE G45 XB1,PHEV,petrol/electric,2,23.0,140.0,2140.0,230.0
2024,BMW,X3 M F97 S58,ICE,petrol,5,249.0,375.0,2085.0,
2024,BMW,X3 M40D G01 B57,HEV,diesel,14,187.0,250.0,2080.0,
2024,BMW,X3 M40D G01 B57 ZA,HEV,diesel,11,181.0,250.0,2080.0,
2024,BMW,X3 M40I G01 B58,HEV,petrol,4,205.0,265.0,1985.0,
2024,BMW,X3 M40I G01 B58 ZA,HEV,petrol,4,206.0,265.0,1985.0,
2024,BMW,X3 M50 XDRIVE G45 B58,HEV,petrol,14,180.0,280.0,2055.0,
2024,BMW,X3 SDRIVE18D G01 B47,HEV,diesel,4,151.0,110.0,1885.0,
2024,BMW,X3 SDRIVE18D G01 B47 ZA,HEV,diesel,10,150.0,110.0,1885.0,
2024,BMW,X3 XDRIVE20D G01 B47,HEV,diesel,101,157.0,140.0,1915.0,
2024,BMW,X3 XDRIVE20D G01 B47 ZA,HEV,diesel,228,156.0,140.0,1915.0,
2024,BMW,X3 XDRIVE20I,HEV,petrol,1,173.0,135.0,1875.0,
2024,BMW,X3 XDRIVE20I G01 B48,HEV,petrol,14,175.0,135.0,1875.0,
2024,BMW,X3 XDRIVE20I G01 B48 ZA,HEV,petrol,22,174.0,135.0,1875.0,
2024,BMW,X3 XDRIVE30D G01 B57,HEV,diesel,13,168.0,210.0,2010.0,
2024,BMW,X3 XDRIVE30D G01 B57 ZA,HEV,diesel,44,169.0,210.0,2010.0,
2024,BMW,X3 XDRIVE30E G01 XB1,PHEV,petrol/electric,315,49.0,135.0,2065.0,204.0
2024,BMW,X3 XDRIVE30I G01 B48,HEV,petrol,2,178.0,180.0,1885.0,
2024,BMW,X3 XDRIVE30I G01 B48 ZA,HEV,petrol,4,179.0,180.0,1885.0,
2024,BMW,X4 M F98 S58,ICE,petrol,9,245.0,375.0,2085.0,
2024,BMW,X4 M40D G02 B57,HEV,diesel,17,183.0,250.0,2095.0,
2024,BMW,X4 M40I G02 B58,HEV,petrol,8,202.0,265.0,1995.0,
2024,BMW,X4 XDRIVE20D G02 B47,HEV,diesel,212,156.0,140.0,1926.0,
2024,BMW,X4 XDRIVE20I G02 B48,HEV,petrol,18,173.0,135.0,1875.0,
2024,BMW,X4 XDRIVE30D G02 B57,HEV,diesel,38,171.0,210.0,2010.0,
2024,BMW,X4 XDRIVE30I G02 B48,HEV,petrol,2,176.0,180.0,1890.0,
2024,BMW,X5 M COMPETITION F95 S68,HEV,petrol,22,294.0,460.0,2475.0,
2024,BMW,X5 M60I XDRIVE G05 S68,HEV,petrol,13,266.0,390.0,2420.0,
2024,BMW,X5 XDRIVE30D G05 B57,HEV,diesel,259,195.0,210.0,2298.0,
2024,BMW,X5 XDRIVE40D G05 B57,HEV,diesel,72,201.0,250.0,2315.0,
2024,BMW,X5 XDRIVE40I G05 B58,HEV,petrol,27,202.0,280.0,2245.0,
2024,BMW,X5 XDRIVE50E,HEV,petrol,1,,145.0,2660.0,
2024,BMW,X5 XDRIVE50E,PHEV,petrol/electric,1,20.0,230.0,2495.0,271.0
2024,BMW,X5 XDRIVE50E G05 XB1,PHEV,petrol/electric,946,20.0,230.0,2495.0,262.0
2024,BMW,X6 M COMPETITION F96 S68,HEV,petrol,30,290.0,460.0,2445.0,
2024,BMW,X6 M F96 S63,ICE,petrol,1,303.0,460.0,2395.0,
2024,BMW,X6 M60I XDRIVE G06 S68,HEV,petrol,13,263.0,390.0,2390.0,
2024,BMW,X6 XDRIVE30D G06 B57,HEV,diesel,133,191.0,210.0,2294.0,
2024,BMW,X6 XDRIVE40D G06 B57,HEV,diesel,63,197.0,250.0,2320.0,
2024,BMW,X6 XDRIVE40D G06 XD5,HEV,diesel,4,186.0,250.0,2290.0,
2024,BMW,X6 XDRIVE40I G06 B58,HEV,petrol,18,200.0,280.0,2240.0,
2024,BMW,X7 M60I XDRIVE G07 S68,HEV,petrol,18,287.0,390.0,2675.0,
2024,BMW,X7 XDRIVE40D G07 B57,HEV,diesel,176,212.0,250.0,2565.0,
2024,BMW,X7 XDRIVE40I G07 B58,HEV,petrol,29,224.0,280.0,2490.0,
2024,BMW,XM 50E G09 XB1,PHEV,petrol/electric,128,35.0,230.0,2695.0,320.0
2024,BMW,XM G09 XB1,PHEV,petrol/electric,67,40.0,360.0,2785.0,328.0
2024,BMW,XM LABEL RED G09 XB1,PHEV,petrol/electric,42,42.0,430.0,2795.0,333.0
2024,BMW,Z4 M40I G29 B58,ICE,petrol,44,183.0,250.0,1638.0,
2024,BMW,Z4 SDRIVE20I G29 B48,ICE,petrol,35,163.0,145.0,1523.0,
2024,BMW,Z4 SDRIVE30I G29 B48,ICE,petrol,9,164.0,190.0,1545.0,
2024,BMW I,I3 EDRIVE BEV I01 IB1,BEV,electric,1,0.0,75.0,1345.0,153.0
2024,BYD,ATTO 3,BEV,electric,893,0.0,65.0,1825.0,160.0
2024,BYD,DOLPHIN,BEV,electric,481,0.0,65.0,1733.0,159.0
2024,BYD,HAN,BEV,electric,13,0.0,130.0,2325.0,185.0
2024,BYD,SEAL,BEV,electric,1213,0.0,129.0,2232.0,178.0
2024,BYD,SEAL U,BEV,electric,1168,0.0,69.0,2210.0,204.0
2024,BYD,SEAL U DM-I,PHEV,petrol/electric,106,24.0,90.0,2135.0,203.0
2024,BYD,SEALION 7,BEV,electric,14,0.0,145.0,2510.0,219.0
2024,BYD,TANG EV,BEV,electric,50,0.0,130.0,2685.0,239.0
2024,CADILLAC,XT4,ICE,petrol,1,213.0,169.0,1832.0,
2024,CATERHAM,SEVEN S3,ICE,petrol,1,109.0,63.0,645.0,
2024,CATERHAM,SEVEN SV (DA VARIANT),ICE,petrol,1,148.0,128.0,725.0,
2024,CATERHAM CARS LTD,SEVEN SV (DA VARIANT),ICE,petrol,2,148.0,128.0,725.0,
2024,CHEVROLET,CORVETTE,ICE,petrol,10,278.0,354.0,1748.0,
2024,CHEVROLET,TAHOE,ICE,petrol,1,307.0,313.0,2808.0,
2024,CHEVROLET,TAHOE HIGH COUNTRY,ICE,petrol,1,325.0,313.0,2801.0,
2024,CHRYSLER,PACIFICA HYBRID,PHEV,petrol/electric,18,74.8,184.5,2356.0,287.8
2024,CHRYSLER,PACIFICA HYBRID LIMITED,PHEV,petrol/electric,1,94.0,162.0,2360.0,275.0
2024,CITROEN,BERLINGO,ICE,diesel,119,145.0,93.0,1561.0,
2024,CITROEN,BERLINGO,ICE,petrol,21,143.0,81.0,1441.0,
2024,CITROEN,C3,ICE,diesel,82,117.0,75.0,1165.0,
2024,CITROEN,C3,ICE,petrol,1121,125.0,68.0,1111.0,
2024,CITROEN,C3 AIRCROSS,ICE,diesel,59,128.0,81.0,1310.0,
2024,CITROEN,C3 AIRCROSS,ICE,petrol,445,138.0,86.0,1298.0,
2024,CITROEN,C4,ICE,diesel,278,132.0,96.0,1399.0,
2024,CITROEN,C4,HEV,petrol,6,107.0,100.0,1410.0,
2024,CITROEN,C4,ICE,petrol,341,128.0,93.0,1334.0,
2024,CITROEN,C4 X,ICE,diesel,18,128.0,96.0,1395.0,
2024,CITROEN,C4 X,ICE,petrol,23,129.0,96.0,1364.0,
2024,CITROEN,C5 AIRCROSS,ICE,diesel,372,145.0,96.0,1567.0,
2024,CITROEN,C5 AIRCROSS,HEV,petrol,114,128.0,100.0,1606.0,
2024,CITROEN,C5 AIRCROSS,ICE,petrol,9,140.0,96.0,1483.0,
2024,CITROEN,C5 AIRCROSS,PHEV,petrol/electric,41,31.0,130.0,1845.0,171.0
2024,CITROEN,C5 X,ICE,petrol,18,137.0,96.0,1493.0,
2024,CITROEN,C5 X,PHEV,petrol/electric,20,29.0,132.0,1797.0,155.0
2024,CITROEN,E-BERLINGO,BEV,electric,42,0.0,57.0,1763.0,195.0
2024,CITROEN,E-C3,BEV,electric,35,0.0,53.0,1491.0,166.0
2024,CITROEN,E-C4,BEV,electric,199,0.0,57.0,1636.0,151.0
2024,CITROEN,E-C4 X,BEV,electric,8,0.0,58.0,1659.0,152.0
2024,CITROEN,JUMPY,ICE,diesel,37,191.0,130.0,1968.0,
2024,CITROEN,JUMPY,BEV,electric,2,0.0,59.0,2201.0,257.0
2024,CITROEN,JUMPY SPACETOURER,ICE,diesel,1,188.0,130.0,1838.0,
2024,CITROEN,SPACETOURER,ICE,diesel,66,192.0,130.0,2004.0,
2024,CITROEN,SPACETOURER,BEV,electric,13,0.0,58.0,2165.0,261.0
2024,CUPRA,ATECA,ICE,petrol,994,168.0,129.0,1511.0,
2024,CUPRA,BORN 150 KW 58/62 KWH,BEV,electric,274,0.0,70.0,1825.0,154.0
2024,CUPRA,BORN 170 KW 58/62 KWH,BEV,electric,346,0.0,70.0,1839.0,156.0
2024,CUPRA,BORN 170 KW 60/63 KWH,BEV,electric,162,0.0,70.0,1841.0,157.0
2024,CUPRA,BORN 170 KW 77/82 KWH,BEV,electric,626,0.0,70.0,1965.0,159.0
2024,CUPRA,BORN 240 KW 79/84 KWH,BEV,electric,87,0.0,89.0,1999.0,156.0
2024,CUPRA,FORMENTOR,ICE,diesel,110,152.0,110.0,1609.0,
2024,CUPRA,FORMENTOR,HEV,petrol,256,136.0,110.0,1482.0,
2024,CUPRA,FORMENTOR,ICE,petrol,534,162.0,133.0,1495.0,
2024,CUPRA,FORMENTOR E-HYBRID,PHEV,petrol/electric,93,14.0,124.0,1726.0,167.0
2024,CUPRA,FORMENTOR VZ E-HYBRID,PHEV,petrol/electric,51,33.0,110.0,1701.0,160.0
2024,CUPRA,LEON,ICE,diesel,38,124.0,110.0,1476.0,
2024,CUPRA,LEON,HEV,petrol,372,132.0,110.0,1404.0,
2024,CUPRA,LEON,ICE,petrol,420,138.0,119.0,1390.0,
2024,CUPRA,LEON E-HYBRID150,PHEV,petrol/electric,8,26.0,110.0,1638.0,148.0
2024,CUPRA,LEON E-HYBRID180,PHEV,petrol/electric,2,29.0,110.0,1660.0,154.0
2024,CUPRA,LEON E-HYBRID200,PHEV,petrol/electric,7,9.0,130.0,1708.0,167.0
2024,CUPRA,LEON SP,ICE,diesel,404,129.0,110.0,1537.0,
2024,CUPRA,LEON SP,HEV,petrol,643,135.0,110.0,1446.0,
2024,CUPRA,LEON SP,ICE,petrol,417,149.0,140.0,1479.0,
2024,CUPRA,LEON SP E-HYBRID150,PHEV,petrol/electric,36,23.0,110.0,1695.0,151.0
2024,CUPRA,LEON SP E-HYBRID180,PHEV,petrol/electric,23,29.0,110.0,1704.0,155.0
2024,CUPRA,LEON SP E-HYBRID200,PHEV,petrol/electric,30,10.0,130.0,1756.0,169.0
2024,CUPRA,TAVASCAN,BEV,electric,432,0.0,82.0,2229.0,161.0
2024,CUPRA,TERRAMAR,HEV,petrol,96,141.0,110.0,1658.0,
2024,CUPRA,TERRAMAR,ICE,petrol,179,195.0,195.0,1750.0,
2024,CUPRA,TERRAMAR E-HYBRID,PHEV,petrol/electric,80,10.0,129.0,1942.0,183.0
2024,DACIA,DUSTER,ICE,diesel,1775,140.0,84.0,1513.0,
2024,DACIA,DUSTER,HEV,petrol,1499,128.0,29.0,1443.0,
2024,DACIA,DUSTER,ICE,petrol,414,144.0,102.0,1347.0,
2024,DACIA,JOGGER,ICE,lpg,1,120.0,67.0,1327.0,
2024,DACIA,JOGGER,HEV,petrol,588,106.0,51.0,1443.0,
2024,DACIA,JOGGER,ICE,petrol,1604,129.0,81.0,1260.0,
2024,DACIA,LOGAN,ICE,petrol,2,125.0,67.0,1191.0,
2024,DACIA,SANDERO,ICE,petrol,4542,125.0,65.0,1162.0,
2024,DACIA,SPRING,BEV,electric,337,0.0,44.0,1032.0,141.0
2024,DANGEL,PROACE 4X4,ICE,diesel,3,210.0,106.0,1924.0,
2024,DETHLEFFS,CROSSCAMP TY 001,ICE,diesel,3,204.0,106.0,2326.0,
2024,DETHLEFFS,SMALLVAN UVR022CCTO,ICE,petrol,1,159.0,81.0,1780.0,
2024,DFSK,E5,PHEV,petrol/electric,12,51.0,75.0,1895.0,150.0
2024,DFSK,FENGON 500,ICE,petrol,1,188.0,78.0,1485.0,
2024,DODGE,CHALLENGER HELLCAT REDEYE,ICE,petrol,1,325.0,595.0,2182.0,
2024,DS,3,BEV,electric,5,0.0,62.0,1625.0,157.0
2024,DS,3,HEV,petrol,1,112.0,100.0,1372.0,
2024,DS,9,PHEV,petrol/electric,4,35.0,147.0,2006.0,175.0
2024,DS,DS4,ICE,diesel,29,138.0,96.0,1489.0,
2024,DS,DS4,ICE,petrol,10,136.0,96.0,1437.0,
2024,DS,DS4,PHEV,petrol/electric,17,31.0,132.0,1728.0,158.0
2024,DS,DS7,ICE,diesel,71,145.0,96.0,1585.0,
2024,DS,DS7,PHEV,petrol/electric,70,35.0,145.0,1920.0,184.0
2024,ETRUSCO,T6900 SB,ICE,diesel,1,304.0,103.0,2918.0,
2024,FERRARI,296 GTB,PHEV,petrol/electric,20,149.0,488.0,1735.0,148.0
2024,FERRARI,296 GTS,PHEV,petrol/electric,18,153.0,488.0,1825.0,142.0
2024,FERRARI,PORTOFINO M,ICE,petrol,2,256.0,456.0,1750.0,
2024,FERRARI,PUROSANGUE,ICE,petrol,22,393.0,529.0,2245.0,
2024,FERRARI,ROMA,ICE,petrol,3,255.0,456.0,1655.0,
2024,FERRARI,ROMA SPIDER,ICE,petrol,14,258.0,456.0,1780.0,
2024,FERRARI,SF90 SPIDER,PHEV,petrol/electric,14,152.0,574.0,1919.0,162.0
2024,FERRARI,SF90 STRADALE,PHEV,petrol/electric,1,154.0,574.0,1850.0,123.0
2024,FERRARI,SF90 XX SPIDER,PHEV,petrol/electric,1,167.0,586.0,1915.0,237.0
2024,FERRARI,SF90 XX STRADALE,PHEV,petrol/electric,4,175.0,586.0,1835.0,165.0
2024,FIAT,500,BEV,electric,266,0.0,43.0,1370.0,140.0
2024,FIAT,500,HEV,petrol,1065,107.0,52.0,1047.0,
2024,FIAT,500X,HEV,petrol,143,129.0,96.0,1480.0,
2024,FIAT,600,BEV,electric,148,0.0,115.0,1595.0,151.0
2024,FIAT,600,HEV,petrol,287,109.0,74.0,1355.0,
2024,FIAT,ABARTH 500,BEV,electric,38,0.0,47.0,1420.0,182.0
2024,FIAT,ABARTH 500,ICE,petrol,93,161.0,130.0,1144.0,
2024,FIAT,E-DOBLO,ICE,diesel,77,145.0,96.0,1576.0,
2024,FIAT,E-DOBLO,BEV,electric,18,0.0,60.0,1790.0,188.0
2024,FIAT,PANDA,HEV,petrol,479,113.0,52.0,1045.0,
2024,FIAT,PANDA,ICE,petrol,47,156.0,63.0,1165.0,
2024,FIAT,SCUDO,ICE,diesel,1,198.0,106.0,1735.0,
2024,FIAT,TIPO,ICE,diesel,507,121.0,96.0,1447.0,
2024,FIAT,TIPO,HEV,petrol,67,119.0,96.0,1425.0,
2024,FIAT,TIPO,ICE,petrol,2,126.0,73.0,1315.0,
2024,FIAT,ULYSSE,ICE,diesel,30,192.0,130.0,1996.0,
2024,FISKER,OCEAN,BEV,electric,160,0.0,175.0,2513.0,183.0
2024,FORD,ACTIVE,ICE,diesel,7,135.0,85.0,1531.0,
2024,FORD,ACTIVE,HEV,petrol,7,124.0,95.0,1433.0,
2024,FORD,ACTIVE X,ICE,diesel,5,135.0,85.0,1506.0,
2024,FORD,ACTIVE X,HEV,petrol,12,125.0,103.0,1458.0,
2024,FORD,BRANCO OUTER BANKS,ICE,petrol,1,,246.0,2364.0,
2024,FORD,BRONCO,ICE,petrol,1,319.0,231.0,2368.0,
2024,FORD,BRONCO BADLANDS,ICE,petrol,8,300.0,246.0,2418.0,
2024,FORD,BRONCO OUTER BANKS,ICE,petrol,3,257.0,246.0,2289.0,
2024,FORD,BRONCO RAPTOR,ICE,petrol,1,383.0,312.0,2662.0,
2024,FORD,CAPRI,BEV,electric,38,0.0,89.0,2100.0,133.0
2024,FORD,CAPRI PREMIUM,BEV,electric,32,0.0,89.0,2191.0,156.0
2024,FORD,CUSTOM ACTIVE,ICE,diesel,1,196.0,110.0,2289.0,
2024,FORD,CUSTOM ACTIVE,PHEV,petrol/electric,7,41.0,87.0,2436.0,203.0
2024,FORD,CUSTOM SPORT,PHEV,petrol/electric,2,47.0,87.0,2407.0,227.0
2024,FORD,CUSTOM TITANIUM,ICE,diesel,87,217.0,117.0,2336.0,
2024,FORD,CUSTOM TITANIUM,PHEV,petrol/electric,4,40.0,87.0,2409.0,200.0
2024,FORD,CUSTOM TITANIUM X,PHEV,petrol/electric,4,44.0,87.0,2474.0,216.0
2024,FORD,CUSTOM TREND,ICE,diesel,43,197.0,99.0,2227.0,
2024,FORD,DARK HORSE FASTBACK,ICE,petrol,9,281.0,334.0,1884.0,
2024,FORD,EXPLORER,BEV,electric,295,0.0,81.0,2095.0,150.0
2024,FORD,EXPLORER PLATINUM,PHEV,petrol/electric,4,71.0,267.0,2541.0,220.0
2024,FORD,EXPLORER PREMIUM,BEV,electric,182,0.0,89.0,2194.0,163.0
2024,FORD,EXPLORER ST- LINE,PHEV,petrol/electric,40,71.0,267.0,2541.0,220.0
2024,FORD,FIESTA COOL & CONNECT,ICE,petrol,1,121.0,55.0,1180.0,
2024,FORD,FIESTA ST-LINE,ICE,petrol,16,125.0,74.0,1214.0,
2024,FORD,FIESTA ST-LINE X,HEV,petrol,1,114.0,92.0,1251.0,
2024,FORD,FIESTA ST-LINE X,ICE,petrol,4,125.0,74.0,1219.0,
2024,FORD,FIESTA TITANIUM,HEV,petrol,1,119.0,92.0,1273.0,
2024,FORD,FIESTA TITANIUM,ICE,petrol,14,123.0,64.0,1191.0,
2024,FORD,FIESTA TITANIUM X,ICE,petrol,2,126.0,74.0,1207.0,
2024,FORD,FOCUS ACTIVE,ICE,diesel,28,134.0,85.0,1522.0,
2024,FORD,FOCUS ACTIVE,HEV,petrol,11,123.0,92.0,1423.0,
2024,FORD,FOCUS ACTIVE TURNIER,ICE,diesel,2,135.0,85.0,1531.0,
2024,FORD,FOCUS ACTIVE TURNIER,HEV,petrol,1,126.0,114.0,1503.0,
2024,FORD,FOCUS ACTIVE X,ICE,diesel,28,135.0,85.0,1525.0,
2024,FORD,FOCUS ACTIVE X,HEV,petrol,77,125.0,100.0,1459.0,
2024,FORD,FOCUS ACTIVE X TURNIER,ICE,diesel,4,136.0,85.0,1533.0,
2024,FORD,FOCUS ACTIVE X TURNIER,HEV,petrol,5,126.0,109.0,1497.0,
2024,FORD,FOCUS COOL & CONNECT,ICE,diesel,1,112.0,88.0,1431.0,
2024,FORD,FOCUS ST X,ICE,petrol,21,182.0,206.0,1540.0,
2024,FORD,FOCUS ST X EDITION,ICE,petrol,8,185.0,206.0,1519.0,
2024,FORD,FOCUS ST X TURNIER,ICE,petrol,3,183.0,206.0,1555.0,
2024,FORD,FOCUS ST-LINE,ICE,diesel,35,134.0,85.0,1514.0,
2024,FORD,FOCUS ST-LINE,HEV,petrol,100,121.0,97.0,1436.0,
2024,FORD,FOCUS ST-LINE STYLE,HEV,petrol,1,128.0,92.0,1504.0,
2024,FORD,FOCUS ST-LINE TURNIER,ICE,diesel,2,133.0,85.0,1532.0,
2024,FORD,FOCUS ST-LINE TURNIER,HEV,petrol,5,124.0,92.0,1466.0,
2024,FORD,FOCUS ST-LINE X,ICE,diesel,54,133.0,85.0,1525.0,
2024,FORD,FOCUS ST-LINE X,HEV,petrol,166,122.0,102.0,1462.0,
2024,FORD,FOCUS ST-LINE X,ICE,petrol,1,125.0,92.0,1387.0,
2024,FORD,FOCUS ST-LINE X TURNIER,ICE,diesel,1,135.0,85.0,1539.0,
2024,FORD,FOCUS ST-LINE X TURNIER,HEV,petrol,14,124.0,109.0,1502.0,
2024,FORD,FOCUS TIT. EDITION TUR.,ICE,diesel,21,131.0,85.0,1507.0,
2024,FORD,FOCUS TIT. EDITION TUR.,HEV,petrol,49,120.0,95.0,1446.0,
2024,FORD,FOCUS TIT. X TURNIER,ICE,diesel,4,131.0,85.0,1506.0,
2024,FORD,FOCUS TIT. X TURNIER,HEV,petrol,10,121.0,100.0,1455.0,
2024,FORD,FOCUS TITANIUM,ICE,diesel,72,130.0,85.0,1503.0,
2024,FORD,FOCUS TITANIUM,HEV,petrol,157,119.0,97.0,1427.0,
2024,FORD,FOCUS TITANIUM,ICE,petrol,8,121.0,92.0,1356.0,
2024,FORD,FOCUS TITANIUM EDITION,ICE,diesel,9,128.0,85.0,1441.0,
2024,FORD,FOCUS TITANIUM EDITION,HEV,petrol,27,117.0,93.0,1377.0,
2024,FORD,FOCUS TITANIUM TURNIER,ICE,diesel,3,131.0,85.0,1507.0,
2024,FORD,FOCUS TITANIUM TURNIER,HEV,petrol,5,120.0,100.0,1456.0,
2024,FORD,FOCUS TITANIUM X,ICE,diesel,27,130.0,85.0,1498.0,
2024,FORD,FOCUS TITANIUM X,HEV,petrol,46,119.0,97.0,1424.0,
2024,FORD,FOCUS TURNIER ACTIVE,HEV,petrol,28,125.0,93.0,1469.0,
2024,FORD,FOCUS TURNIER ACTIVE X,HEV,petrol,10,126.0,92.0,1474.0,
2024,FORD,FOCUS TURNIER ST-LINE,ICE,diesel,50,138.0,85.0,1532.0,
2024,FORD,FOCUS TURNIER ST-LINE,HEV,petrol,39,127.0,92.0,1466.0,
2024,FORD,FOCUS TURNIER ST-LINE,ICE,petrol,9,129.0,92.0,1447.0,
2024,FORD,FOCUS TURNIER ST-LINE X,HEV,petrol,22,125.0,93.0,1481.0,
2024,FORD,FOCUS TURNIER TITANIUM,ICE,diesel,11,131.0,85.0,1507.0,
2024,FORD,FOCUS TURNIER TITANIUM,HEV,petrol,16,120.0,92.0,1445.0,
2024,FORD,FOCUS TURNIER TITANIUM X,ICE,diesel,1,132.0,85.0,1538.0,
2024,FORD,FOCUS TURNIER TITANIUM X,HEV,petrol,5,120.0,92.0,1440.0,
2024,FORD,GR. TOURNEO CONNECT ACT.,ICE,diesel,81,138.0,87.0,1732.0,
2024,FORD,GR. TOURNEO CONNECT ACT.,ICE,petrol,6,151.0,84.0,1627.0,
2024,FORD,GR. TOURNEO CONNECT SPORT,ICE,diesel,17,137.0,90.0,1714.0,
2024,FORD,GR. TOURNEO CONNECT SPORT,ICE,petrol,1,150.0,84.0,1608.0,
2024,FORD,GR. TOURNEO CONNECT TIT.,ICE,diesel,103,137.0,87.0,1724.0,
2024,FORD,GR. TOURNEO CONNECT TIT.,ICE,petrol,15,151.0,84.0,1628.0,
2024,FORD,GR. TOURNEO CONNECT TIT.,PHEV,petrol/electric,1,12.0,85.0,1907.0,191.0
2024,FORD,GR. TOURNEO CONNECT TREND,ICE,diesel,24,133.0,83.0,1691.0,
2024,FORD,GR.TOURNEO CONNECT,ICE,petrol,2,155.0,84.0,1656.0,
2024,FORD,GR.TOURNEO CONNECT TIT.,ICE,diesel,56,151.0,90.0,1726.0,
2024,FORD,GR.TOURNEO CONNECT TIT.,ICE,petrol,6,159.0,85.0,1652.0,
2024,FORD,GR.TOURNEO CONNECT TREND,ICE,diesel,20,145.0,75.0,1694.0,
2024,FORD,GR.TOURNEO CONNECT TREND,ICE,petrol,5,153.0,85.0,1619.0,
2024,FORD,GT,ICE,petrol,3,315.0,463.0,1598.0,
2024,FORD,GT FASTBACK,ICE,petrol,6,277.0,328.0,1851.0,
2024,FORD,KUGA ACTIVE,HEV,petrol,36,128.0,111.0,1743.0,
2024,FORD,KUGA ACTIVE,PHEV,petrol/electric,2,21.0,111.0,1859.0,163.0
2024,FORD,KUGA ACTIVE X,HEV,petrol,107,130.0,111.0,1772.0,
2024,FORD,KUGA ACTIVE X,PHEV,petrol/electric,22,21.0,111.0,1880.0,164.0
2024,FORD,KUGA COOL & CONNECT,ICE,diesel,40,151.0,88.0,1697.0,
2024,FORD,KUGA COOL & CONNECT,HEV,petrol,53,125.0,112.0,1701.0,
2024,FORD,KUGA COOL & CONNECT,ICE,petrol,3,149.0,111.0,1564.0,
2024,FORD,KUGA COOL & CONNECT,PHEV,petrol/electric,13,22.0,112.0,1844.0,146.0
2024,FORD,KUGA GRAPHITE TECH ED.,ICE,diesel,7,154.0,88.0,1696.0,
2024,FORD,KUGA GRAPHITE TECH ED.,HEV,petrol,13,131.0,112.0,1756.0,
2024,FORD,KUGA GRAPHITE TECH ED.,ICE,petrol,1,152.0,111.0,1564.0,
2024,FORD,KUGA GRAPHITE TECH ED.,PHEV,petrol/electric,11,23.0,112.0,1844.0,149.0
2024,FORD,KUGA ST-LINE,ICE,diesel,149,153.0,88.0,1710.0,
2024,FORD,KUGA ST-LINE,HEV,petrol,82,125.0,111.0,1724.0,
2024,FORD,KUGA ST-LINE,ICE,petrol,30,146.0,111.0,1534.0,
2024,FORD,KUGA ST-LINE,PHEV,petrol/electric,67,22.0,111.0,1847.0,149.0
2024,FORD,KUGA ST-LINE X,ICE,diesel,64,154.0,88.0,1707.0,
2024,FORD,KUGA ST-LINE X,HEV,petrol,270,129.0,111.0,1757.0,
2024,FORD,KUGA ST-LINE X,ICE,petrol,20,148.0,111.0,1547.0,
2024,FORD,KUGA ST-LINE X,PHEV,petrol/electric,133,22.0,111.0,1863.0,156.0
2024,FORD,KUGA TITANIUM,ICE,diesel,54,151.0,88.0,1690.0,
2024,FORD,KUGA TITANIUM,HEV,petrol,190,125.0,111.0,1723.0,
2024,FORD,KUGA TITANIUM,ICE,petrol,81,145.0,111.0,1528.0,
2024,FORD,KUGA TITANIUM,PHEV,petrol/electric,24,21.0,111.0,1849.0,151.0
2024,FORD,KUGA TITANIUM X,ICE,diesel,29,151.0,96.0,1699.0,
2024,FORD,KUGA TITANIUM X,HEV,petrol,49,124.0,112.0,1709.0,
2024,FORD,KUGA TITANIUM X,ICE,petrol,4,149.0,111.0,1564.0,
2024,FORD,KUGA TITANIUM X,PHEV,petrol/electric,14,22.0,112.0,1844.0,146.0
2024,FORD,KUGA VIGNALE,ICE,diesel,4,153.0,88.0,1701.0,
2024,FORD,KUGA VIGNALE,HEV,petrol,8,129.0,112.0,1737.0,
2024,FORD,KUGA VIGNALE,PHEV,petrol/electric,19,23.0,112.0,1844.0,148.0
2024,FORD,MACH-E,BEV,electric,29,0.0,100.0,2165.0,177.0
2024,FORD,MACH-E GT,BEV,electric,88,0.0,200.0,2348.0,212.0
2024,FORD,MACH-E PREMIUM,BEV,electric,160,0.0,114.0,2219.0,182.0
2024,FORD,MUSTANG CONVERTIBLE GT,ICE,petrol,6,263.0,330.0,1893.0,
2024,FORD,MUSTANG DARK HORSE,ICE,petrol,3,282.0,334.0,1891.0,
2024,FORD,MUSTANG FASTBACK GT,ICE,petrol,3,265.0,330.0,1823.0,
2024,FORD,MUSTANG FASTBACK MACH 1,ICE,petrol,1,284.0,338.0,1839.0,
2024,FORD,MUSTANG GT,ICE,petrol,6,263.0,329.0,1838.0,
2024,FORD,MUSTANG GT CONVERTIBLE,ICE,petrol,2,282.0,328.0,1931.0,
2024,FORD,MUSTANG GT FASTBACK,ICE,petrol,1,277.0,328.0,1851.0,
2024,FORD,MUSTANG MACH 1,ICE,petrol,2,284.0,338.0,1832.0,
2024,FORD,MUSTANG MACH-E,BEV,electric,4,0.0,100.0,2073.0,170.0
2024,FORD,MUSTANG MACH-E AWD,BEV,electric,12,0.0,124.0,2187.0,191.0
2024,FORD,MUSTANG MACH-E GT,BEV,electric,9,0.0,200.0,2348.0,209.0
2024,FORD,MUSTANG MACH-E PREMIUM,BEV,electric,39,0.0,112.0,2210.0,180.0
2024,FORD,PUMA ST,HEV,petrol,19,136.0,118.0,1400.0,
2024,FORD,PUMA ST X,HEV,petrol,6,136.0,118.0,1410.0,
2024,FORD,PUMA ST X,ICE,petrol,6,150.0,147.0,1363.0,
2024,FORD,PUMA ST-LINE,HEV,petrol,408,125.0,92.0,1341.0,
2024,FORD,PUMA ST-LINE DESIGN,HEV,petrol,1,121.0,92.0,1315.0,
2024,FORD,PUMA ST-LINE VIGNALE,HEV,petrol,13,130.0,98.0,1361.0,
2024,FORD,PUMA ST-LINE X,HEV,petrol,316,126.0,93.0,1347.0,
2024,FORD,PUMA TITANIUM,HEV,petrol,392,123.0,92.0,1322.0,
2024,FORD,PUMA TITANIUM X,HEV,petrol,43,125.0,92.0,1338.0,
2024,FORD,PUMA VIVID RUBY EDITION,HEV,petrol,29,125.0,92.0,1339.0,
2024,FORD,ST X,ICE,petrol,7,183.0,206.0,1541.0,
2024,FORD,ST X EDITION,ICE,petrol,1,185.0,206.0,1519.0,
2024,FORD,ST-LINE,ICE,diesel,3,132.0,85.0,1509.0,
2024,FORD,ST-LINE,HEV,petrol,9,122.0,94.0,1433.0,
2024,FORD,ST-LINE X,ICE,diesel,4,132.0,85.0,1488.0,
2024,FORD,ST-LINE X,HEV,petrol,34,124.0,106.0,1485.0,
2024,FORD,TITANIUM,ICE,diesel,34,130.0,85.0,1497.0,
2024,FORD,TITANIUM,HEV,petrol,31,119.0,99.0,1431.0,
2024,FORD,TITANIUM X,ICE,diesel,14,129.0,85.0,1487.0,
2024,FORD,TITANIUM X,HEV,petrol,26,119.0,97.0,1431.0,
2024,FORD,TOURNEO BUS ACTIVE,ICE,diesel,5,228.0,125.0,2424.0,
2024,FORD,TOURNEO BUS ACTIVE,PHEV,petrol/electric,7,43.0,87.0,2448.0,213.0
2024,FORD,TOURNEO BUS SPORT,ICE,diesel,3,229.0,125.0,2363.0,
2024,FORD,TOURNEO BUS SPORT,PHEV,petrol/electric,3,44.0,87.0,2407.0,218.0
2024,FORD,TOURNEO BUS TIT. X,ICE,diesel,6,227.0,125.0,2420.0,
2024,FORD,TOURNEO BUS TIT. X,PHEV,petrol/electric,16,43.0,87.0,2443.0,213.0
2024,FORD,TOURNEO BUS TITANIUM,ICE,diesel,29,214.0,115.0,2336.0,
2024,FORD,TOURNEO BUS TITANIUM,PHEV,petrol/electric,14,43.0,87.0,2413.0,211.0
2024,FORD,TOURNEO BUS TREND,ICE,diesel,3,194.0,100.0,2247.0,
2024,FORD,TOURNEO BUS TREND,PHEV,petrol/electric,4,44.0,87.0,2423.0,213.0
2024,FORD,TOURNEO CONNECT,ICE,petrol,1,150.0,84.0,1627.0,
2024,FORD,TOURNEO CONNECT ACT.,PHEV,petrol/electric,2,11.0,85.0,1833.0,187.0
2024,FORD,TOURNEO CONNECT ACTIVE,ICE,diesel,51,139.0,88.0,1683.0,
2024,FORD,TOURNEO CONNECT ACTIVE,ICE,petrol,7,153.0,84.0,1574.0,
2024,FORD,TOURNEO CONNECT SPORT,ICE,diesel,23,135.7,89.0,1656.0,
2024,FORD,TOURNEO CONNECT TIT.,ICE,diesel,21,148.0,90.0,1657.0,
2024,FORD,TOURNEO CONNECT TIT.,ICE,petrol,10,154.0,85.0,1579.0,
2024,FORD,TOURNEO CONNECT TIT.,PHEV,petrol/electric,1,11.0,85.0,1833.0,187.0
2024,FORD,TOURNEO CONNECT TITANIUM,ICE,diesel,71,134.0,85.0,1645.0,
2024,FORD,TOURNEO CONNECT TITANIUM,ICE,petrol,15,151.0,84.0,1567.0,
2024,FORD,TOURNEO CONNECT TREND,ICE,diesel,26,134.0,77.0,1620.0,
2024,FORD,TOURNEO CONNECT TREND,ICE,petrol,13,149.0,84.0,1549.0,
2024,FORD,TOURNEO COURIER ACTIVE,ICE,petrol,96,157.0,92.0,1459.0,
2024,FORD,TOURNEO COURIER TIT.,ICE,petrol,69,159.0,92.0,1461.0,
2024,FORD,TOURNEO COURIER TITANIUM,ICE,petrol,59,153.0,92.0,1458.0,
2024,FORD,TOURNEO COURIER TREND,ICE,petrol,75,152.0,92.0,1449.0,
2024,FORD,TOURNEO CUSTOM ACT.,PHEV,petrol/electric,3,43.0,87.0,2442.0,214.0
2024,FORD,TOURNEO CUSTOM ACTIVE,HEV,diesel,2,203.0,110.0,2531.0,
2024,FORD,TOURNEO CUSTOM ACTIVE,ICE,diesel,1,234.0,125.0,2575.0,
2024,FORD,TOURNEO CUSTOM LIMITED,PHEV,petrol/electric,2,41.0,87.0,2347.0,200.0
2024,FORD,TOURNEO CUSTOM SPORT,ICE,diesel,1,217.0,125.0,2297.0,
2024,FORD,TOURNEO CUSTOM SPORT,PHEV,petrol/electric,2,43.0,87.0,2420.0,214.0
2024,FORD,TOURNEO CUSTOM TIT.,PHEV,petrol/electric,3,41.0,87.0,2412.0,205.0
2024,FORD,TOURNEO CUSTOM TIT. X,PHEV,petrol/electric,2,45.0,87.0,2467.0,220.0
2024,FORD,TOURNEO CUSTOM TITANIUM,HEV,diesel,1,206.0,110.0,2554.0,
2024,FORD,TOURNEO CUSTOM TITANIUM,ICE,diesel,116,222.0,118.0,2408.0,
2024,FORD,TOURNEO CUSTOM TITANIUM X,ICE,diesel,8,230.0,119.0,2510.0,
2024,FORD,TOURNEO CUSTOM TREND,ICE,diesel,27,196.0,102.0,2212.0,
2024,FORD,TOURNEO CUSTOM TREND,BEV,electric,1,0.0,85.0,2492.0,234.0
2024,FORD,TOURNEO CUSTOM TREND,PHEV,petrol/electric,5,38.0,87.0,2320.0,197.0
2024,FORD,TRANSIT CUSTOM,ICE,diesel,1,198.0,77.0,2244.0,
2024,FORD,TRANSIT CUSTOM SPORT,PHEV,petrol/electric,3,43.0,87.0,2439.0,212.0
2024,FORD,TRANSIT CUSTOM TRAIL,HEV,diesel,1,211.0,110.0,2448.0,
2024,FORD,TRANSIT CUSTOM TRAIL,ICE,diesel,1,200.0,110.0,2322.0,
2024,FORD,TRANSIT CUSTOM TREND,HEV,diesel,3,191.0,96.0,2311.0,
2024,FORD,TRANSIT CUSTOM TREND,ICE,diesel,14,202.0,97.0,2266.0,
2024,FORD,TRANSIT KASTEN TREND,ICE,diesel,1,215.0,125.0,2329.0,
2024,FORD,TRANSIT TREND,ICE,diesel,36,227.0,96.0,2350.0,
2024,FORD,TRANSIT TREND,BEV,electric,1,0.0,100.0,2594.0,303.0
2024,FORTHING,4,ICE,petrol,6,180.0,130.0,1790.0,
2024,FORTHING,5,ICE,petrol,5,174.0,130.0,1625.0,
2024,FORTHING,SX5G EV,BEV,electric,2,0.0,80.0,2025.0,175.0
2024,GREAT WALL MOTOR COMPANY,WEY COFFEE 01,PHEV,petrol/electric,1,12.0,150.0,2440.0,244.0
2024,HONDA,CIVIC E:HEV 2.0 ADVA,HEV,petrol,34,114.0,105.0,1533.0,
2024,HONDA,CIVIC E:HEV 2.0 ELEG,HEV,petrol,57,108.0,105.0,1517.0,
2024,HONDA,CIVIC E:HEV 2.0 SPOR,HEV,petrol,28,113.0,105.0,1533.0,
2024,HONDA,CIVIC TYPE R 2.0 TYP,ICE,petrol,12,186.0,242.0,1480.0,
2024,HONDA,CR-V E:HEV 2WD 2.0 E,HEV,petrol,21,134.0,109.0,1821.0,
2024,HONDA,CR-V E:HEV 4WD 2.0 A,HEV,petrol,82,151.0,109.0,1875.0,
2024,HONDA,CR-V E:HEV 4WD 2.0 E,HEV,petrol,45,151.0,109.0,1875.0,
2024,HONDA,CR-V PHEV 2.0 ADVANC,PHEV,petrol/electric,35,18.0,109.0,1988.0,155.0
2024,HONDA,E EV ADVANCE,BEV,electric,1,0.0,60.0,1595.0,178.0
2024,HONDA,E:NY1 EV ADVANCE,BEV,electric,109,0.0,150.0,1730.0,182.0
2024,HONDA,E:NY1 EV ELEGANCE,BEV,electric,18,0.0,150.0,1730.0,182.0
2024,HONDA,HR-V E:HEV 1.5 ADVAN,HEV,petrol,227,122.0,79.0,1452.0,
2024,HONDA,HR-V E:HEV 1.5 ELEGA,HEV,petrol,109,122.0,79.0,1452.0,
2024,HONDA,JAZZ 1.5 ADVANCE,HEV,petrol,46,104.0,79.0,1302.0,
2024,HONDA,JAZZ 1.5 ADVANCE SPO,HEV,petrol,22,106.0,79.0,1314.0,
2024,HONDA,JAZZ 1.5 ELEGANCE,HEV,petrol,41,102.0,79.0,1302.0,
2024,HONDA,JAZZ CROSSTAR 1.5 AD,HEV,petrol,63,108.0,79.0,1320.0,
2024,HONDA,UNASSIGNED,BEV,electric,4,0.0,60.0,1730.0,182.0
2024,HONDA,ZR-V 2.0 ADVANCE,HEV,petrol,49,132.0,105.0,1710.0,
2024,HONDA,ZR-V 2.0 ELEGANCE,HEV,petrol,17,130.0,105.0,1660.0,
2024,HONDA,ZR-V 2.0 SPORT,HEV,petrol,84,131.0,105.0,1675.0,
2024,HYUNDAI,BAYON,HEV,petrol,60,121.0,88.0,1213.0,
2024,HYUNDAI,BAYON,ICE,petrol,705,125.0,68.0,1157.0,
2024,HYUNDAI,G70 GENESIS G70,ICE,petrol,1,216.0,180.0,1792.0,
2024,HYUNDAI,G90 GENESIS G90,HEV,petrol,2,257.0,305.0,2305.0,
2024,HYUNDAI,GV70 GENESIS GV70,ICE,diesel,1,196.0,148.0,2020.0,
2024,HYUNDAI,GV70 GENESIS GV70,BEV,electric,1,0.0,360.0,2310.0,190.0
2024,HYUNDAI,I 30,HEV,petrol,324,140.0,106.0,1423.0,
2024,HYUNDAI,I 30,ICE,petrol,1631,135.0,74.0,1301.0,
2024,HYUNDAI,I 30 N,ICE,petrol,17,189.0,206.0,1527.0,
2024,HYUNDAI,I10,ICE,petrol,1575,117.0,52.0,1004.0,
2024,HYUNDAI,I20,ICE,petrol,2058,121.0,64.0,1110.0,
2024,HYUNDAI,I20 N,ICE,petrol,42,158.0,150.0,1265.0,
2024,HYUNDAI,IONIQ5,BEV,electric,144,0.0,195.0,2055.0,175.0
2024,HYUNDAI,IONIQ5 N,BEV,electric,77,0.0,478.0,2275.0,212.0
2024,HYUNDAI,IONIQ6,BEV,electric,51,0.0,208.0,2057.0,157.0
2024,HYUNDAI,KONA KAUAI,BEV,electric,527,0.0,158.0,1770.0,148.0
2024,HYUNDAI,KONA KAUAI,HEV,petrol,630,105.0,73.0,1484.0,
2024,HYUNDAI,KONA KAUAI,ICE,petrol,451,136.0,94.0,1398.0,
2024,HYUNDAI,SANTA FE,ICE,diesel,8,176.0,142.0,1875.0,
2024,HYUNDAI,SANTA FE,HEV,petrol,11,160.0,118.0,1961.0,
2024,HYUNDAI,SANTA FE,PHEV,petrol/electric,140,37.0,118.0,2120.0,191.0
2024,HYUNDAI,STARIA,ICE,diesel,17,226.0,130.0,2351.0,
2024,HYUNDAI,STARIA,HEV,petrol,1,172.0,118.0,2275.0,
2024,HYUNDAI,STARIA PREMIUM,ICE,diesel,2,232.0,130.0,2443.0,
2024,HYUNDAI,TUCSON IX35,HEV,diesel,402,150.0,100.0,1665.0,
2024,HYUNDAI,TUCSON IX35,ICE,diesel,5,140.0,85.0,1560.0,
2024,HYUNDAI,TUCSON IX35,HEV,petrol,1447,143.0,119.0,1624.0,
2024,HYUNDAI,TUCSON IX35,ICE,petrol,722,157.0,112.0,1521.0,
2024,HYUNDAI,TUCSON IX35,PHEV,petrol/electric,312,29.0,126.0,1888.0,181.0
2024,INEOS,GRENADIER,ICE,diesel,19,304.0,183.0,2815.0,
2024,INEOS,GRENADIER,ICE,petrol,6,331.0,210.0,2740.0,
2024,JAGUAR,E-PACE D165 R-DYNAMIC S AWD A,HEV,diesel,2,169.0,120.0,1971.0,
2024,JAGUAR,E-PACE D165 R-DYNAMIC SE AWD,HEV,diesel,8,170.0,120.0,1971.0,
2024,JAGUAR,E-PACE D165 R-DYNAMIC SE AWD A,HEV,diesel,2,170.0,120.0,1971.0,
2024,JAGUAR,E-PACE D165 SE AWD AUT.,HEV,diesel,3,172.0,120.0,1971.0,
2024,JAGUAR,E-PACE D200 R-DYNAMIC HSE AWD,HEV,diesel,1,172.0,150.0,1989.0,
2024,JAGUAR,E-PACE D200 R-DYNAMIC SE AWD,HEV,diesel,2,168.0,150.0,1989.0,
2024,JAGUAR,E-PACE P200 R-DYNAMIC SE AWD A,HEV,petrol,2,203.0,147.0,1911.0,
2024,JAGUAR,E-PACE P200 SE AWD AUT.,HEV,petrol,1,206.0,147.0,1911.0,
2024,JAGUAR,E-PACE P270E R-DYNAMIC HSE AW,PHEV,petrol/electric,3,35.0,118.0,2202.0,206.0
2024,JAGUAR,E-PACE P300E R-DYNAMIC,PHEV,petrol/electric,1,34.0,147.0,2202.0,195.0
2024,JAGUAR,E-PACE P300E R-DYNAMIC HSE AW,PHEV,petrol/electric,1,33.0,147.0,2202.0,195.0
2024,JAGUAR,E-PACE P300E R-DYNAMIC HSE AWD,PHEV,petrol/electric,2,34.0,147.0,2202.0,199.0
2024,JAGUAR,E-PACE P300E R-DYNAMIC S AWD,PHEV,petrol/electric,3,32.0,147.0,2202.0,192.0
2024,JAGUAR,E-PACE P300E R-DYNAMIC S AWD A,PHEV,petrol/electric,3,33.0,147.0,2202.0,197.0
2024,JAGUAR,E-PACE P300E R-DYNAMIC SE AWD,PHEV,petrol/electric,3,33.3,147.0,2202.0,196.0
2024,JAGUAR,F-PACE D200 LIMITED EDITION A,HEV,diesel,2,172.0,150.0,1991.0,
2024,JAGUAR,F-PACE D200 R-DYNAMIC H,HEV,diesel,1,172.0,150.0,1991.0,
2024,JAGUAR,F-PACE D200 R-DYNAMIC HSE AWD,HEV,diesel,2,174.0,150.0,1991.0,
2024,JAGUAR,F-PACE D200 R-DYNAMIC S AWD AU,HEV,diesel,1,167.0,150.0,1991.0,
2024,JAGUAR,F-PACE D200 R-DYNAMIC SE AWD,HEV,diesel,13,170.8,150.0,1991.0,
2024,JAGUAR,F-PACE D300 R-DYNAMIC SE AWD,HEV,diesel,8,196.0,221.0,2115.0,
2024,JAGUAR,F-PACE P400 SPORT TBC AWD AUT.,HEV,petrol,1,223.0,294.0,2059.0,
2024,JAGUAR,F-PACE P400E R-DYNAMIC HSE AWD,PHEV,petrol/electric,2,40.0,221.0,2254.0,248.0
2024,JAGUAR,F-PACE P400E R-DYNAMIC SE AWD,PHEV,petrol/electric,9,40.0,221.0,2250.0,237.0
2024,JAGUAR,F-PACE P400E S AWD AUT.,PHEV,petrol/electric,1,50.0,221.0,2222.0,218.0
2024,JAGUAR,F-PACE P400E SE AWD AUT.,PHEV,petrol/electric,1,52.0,221.0,2222.0,221.0
2024,JAGUAR,F-PACE SVR AWD,ICE,petrol,1,274.0,405.0,2149.0,
2024,JAGUAR,F-PACE SVR AWD AUT.,ICE,petrol,1,275.0,405.0,2149.0,
2024,JAGUAR,F-TYPE 75 P450 R COUPE AWD AU,ICE,petrol,1,243.0,331.0,1891.0,
2024,JAGUAR,F-TYPE P300 CONVERTIBLE R-DYNA,ICE,petrol,3,217.0,221.0,1697.0,
2024,JAGUAR,F-TYPE P300 COUPE R-DYN,ICE,petrol,1,217.0,221.0,1679.0,
2024,JAGUAR,F-TYPE P300 COUPE R-DYNAMIC AU,ICE,petrol,1,216.0,221.0,1679.0,
2024,JAGUAR,F-TYPE P300 R-DYNAMIC CONVERT,ICE,petrol,1,219.0,221.0,1713.0,
2024,JAGUAR,F-TYPE R75 P575 CONVERTIBLE A,ICE,petrol,1,239.0,423.0,1903.0,
2024,JAGUAR,I-PACE EV320 S AWD,BEV,electric,32,0.0,172.0,2244.0,229.0
2024,JAGUAR,XE D200 R-DYNAMIC BLACK,HEV,diesel,1,151.0,150.0,1809.0,
2024,JAGUAR,XE D200 R-DYNAMIC S AUT.,HEV,diesel,8,134.0,150.0,1754.0,
2024,JAGUAR,XE P250 R-DYNAMIC BLACK,ICE,petrol,1,189.0,184.0,1645.0,
2024,JAGUAR,XE P250 R-DYNAMIC SE AUT.,ICE,petrol,1,184.0,184.0,1698.0,
2024,JAGUAR,XE P300 SPORT AWD AUT.,ICE,petrol,1,205.0,221.0,1747.0,
2024,JAGUAR,XF D200 R-DYNAMIC HSE AUT.,HEV,diesel,1,140.0,150.0,1849.0,
2024,JAGUAR,XF D200 R-DYNAMIC S AW,HEV,diesel,1,145.0,150.0,1908.0,
2024,JAGUAR,XF D200 R-DYNAMIC S AWD AUT.,HEV,diesel,2,145.0,150.0,1908.0,
2024,JAGUAR,XF D200 R-DYNAMIC SE AUT.,HEV,diesel,1,140.0,150.0,1849.0,
2024,JAGUAR,XF D200 SE AWD AUT.,HEV,diesel,1,150.0,150.0,1908.0,
2024,JAGUAR,XF P300 SPORT AWD AUT.,ICE,petrol,1,198.0,221.0,1854.0,
2024,JAGUAR,XF SPORTBRAKE D200 R-D,HEV,diesel,1,155.0,150.0,1971.0,
2024,JAGUAR,XF SPORTBRAKE D200 SE,HEV,diesel,1,157.0,150.0,1971.0,
2024,JEEP,AVENGER,BEV,electric,244,0.0,115.0,1595.0,156.0
2024,JEEP,AVENGER,HEV,petrol,336,111.0,74.0,1355.0,
2024,JEEP,AVENGER,ICE,petrol,244,127.0,74.0,1255.0,
2024,JEEP,COMPASS,HEV,petrol,146,128.0,96.0,1575.0,
2024,JEEP,COMPASS,PHEV,petrol/electric,113,41.0,120.0,1935.0,162.0
2024,JEEP,GRAND CHEROKEE,PHEV,petrol/electric,29,63.0,200.0,2578.0,257.0
2024,JEEP,GRAND CHEROKEE SUMMIT,ICE,petrol,1,335.0,268.0,2548.0,
2024,JEEP,RENEGADE,HEV,petrol,45,127.0,96.0,1495.0,
2024,JEEP,RENEGADE,PHEV,petrol/electric,28,43.0,110.0,1845.0,187.0
2024,JEEP,WRANGLER RUBICON UNLIMITE,ICE,petrol,1,367.0,350.0,2382.0,
2024,JEEP,WRANGLER UNLIMITED,PHEV,petrol/electric,43,90.0,200.0,2459.0,253.0
2024,JOYEAR,U-TOUR,ICE,petrol,1,164.0,130.0,1865.0,
2024,KG MOBILITY,KORANDO,ICE,petrol,9,186.0,120.0,1557.0,
2024,KG MOBILITY,TIVOLI OR KG MOBIL,ICE,petrol,3,181.0,120.0,1426.0,
2024,KIA,CEED,HEV,diesel,194,117.0,100.0,1455.0,
2024,KIA,CEED,HEV,petrol,237,129.0,104.0,1427.0,
2024,KIA,CEED,ICE,petrol,1946,123.0,79.0,1321.0,
2024,KIA,CEED,PHEV,petrol/electric,1,29.0,77.0,1608.0,116.0
2024,KIA,EV3,BEV,electric,85,0.0,150.0,1883.0,152.0
2024,KIA,EV3 LONG RANGE,BEV,electric,1,0.0,50.0,1885.0,149.0
2024,KIA,EV6,BEV,electric,587,0.0,210.0,2039.0,172.0
2024,KIA,EV9,BEV,electric,157,0.0,267.0,2638.0,224.0
2024,KIA,EV9 AWD,BEV,electric,1,0.0,113.0,2664.0,228.0
2024,KIA,NIRO,BEV,electric,421,0.0,150.0,1757.0,162.0
2024,KIA,NIRO,HEV,petrol,74,101.0,74.0,1474.0,
2024,KIA,NIRO,PHEV,petrol/electric,11,18.0,75.0,1594.0,129.0
2024,KIA,PICANTO,ICE,petrol,506,115.0,54.0,981.0,
2024,KIA,PROCEED,HEV,petrol,57,129.0,109.0,1455.0,
2024,KIA,PROCEED,ICE,petrol,46,142.0,123.0,1426.0,
2024,KIA,RIO,HEV,petrol,3,126.0,88.0,1230.0,
2024,KIA,RIO,ICE,petrol,75,121.0,63.0,1131.0,
2024,KIA,SORENTO,ICE,diesel,73,172.0,142.0,1897.0,
2024,KIA,SORENTO,HEV,petrol,1,160.0,118.0,1959.0,
2024,KIA,SORENTO,PHEV,petrol/electric,27,37.0,128.0,2033.0,183.0
2024,KIA,SOUL,BEV,electric,24,0.0,150.0,1757.0,157.0
2024,KIA,SPORTAGE,HEV,diesel,111,137.0,100.0,1630.0,
2024,KIA,SPORTAGE,ICE,diesel,2,137.0,85.0,1565.0,
2024,KIA,SPORTAGE,HEV,petrol,618,146.0,117.0,1604.0,
2024,KIA,SPORTAGE,ICE,petrol,289,155.0,114.0,1526.0,
2024,KIA,SPORTAGE,PHEV,petrol/electric,88,25.0,128.0,1905.0,173.0
2024,KIA,STONIC,HEV,petrol,31,127.0,83.0,1258.0,
2024,KIA,STONIC,ICE,petrol,929,126.0,71.0,1194.0,
2024,KIA,XCEED,HEV,diesel,24,129.0,100.0,1460.0,
2024,KIA,XCEED,HEV,petrol,131,137.0,109.0,1430.0,
2024,KIA,XCEED,ICE,petrol,280,137.0,89.0,1354.0,
2024,KTM,X-BOW GT-XR,ICE,petrol,8,214.0,368.0,1250.0,
2024,LAND ROVER,DEFENDER 110 D200 S AWD,HEV,diesel,13,224.0,147.0,2515.0,
2024,LAND ROVER,DEFENDER 110 D200 S AWD AUT.,HEV,diesel,12,225.0,147.0,2515.0,
2024,LAND ROVER,DEFENDER 110 D200 SE AWD,HEV,diesel,30,226.0,147.0,2515.0,
2024,LAND ROVER,DEFENDER 110 D200 X-DYNAMIC SE,HEV,diesel,6,226.0,147.0,2515.0,
2024,LAND ROVER,DEFENDER 110 D250 S AWD,HEV,diesel,1,223.0,183.0,2515.0,
2024,LAND ROVER,DEFENDER 110 D250 S AWD AUT.,HEV,diesel,1,227.0,183.0,2574.0,
2024,LAND ROVER,DEFENDER 110 D250 SE AWD,HEV,diesel,2,225.0,183.0,2515.0,
2024,LAND ROVER,DEFENDER 110 D250 SE AWD AUT.,HEV,diesel,1,226.0,183.0,2515.0,
2024,LAND ROVER,DEFENDER 110 D250 X-DYNAMIC HS,HEV,diesel,4,226.0,183.0,2529.0,
2024,LAND ROVER,DEFENDER 110 D250 X-DYNAMIC SE,HEV,diesel,20,227.0,183.0,2517.0,
2024,LAND ROVER,DEFENDER 110 D250 XS EDITION A,HEV,diesel,1,230.0,183.0,2574.0,
2024,LAND ROVER,DEFENDER 110 D300 X AWD,HEV,diesel,3,231.0,221.0,2515.0,
2024,LAND ROVER,DEFENDER 110 D300 X-DYNAMIC HS,HEV,diesel,16,228.0,221.0,2528.0,
2024,LAND ROVER,DEFENDER 110 D300 X-DYNAMIC SE,HEV,diesel,4,226.0,221.0,2515.0,
2024,LAND ROVER,DEFENDER 110 P400 X AWD,HEV,petrol,7,251.0,294.0,2485.0,
2024,LAND ROVER,DEFENDER 110 P400 X-DYNAMIC HS,HEV,petrol,4,247.0,294.0,2475.0,
2024,LAND ROVER,DEFENDER 110 P400E 75TH EDITIO,PHEV,petrol/electric,1,62.0,221.0,2693.0,248.0
2024,LAND ROVER,DEFENDER 110 P400E S AWD,PHEV,petrol/electric,24,59.0,221.0,2693.0,245.0
2024,LAND ROVER,DEFENDER 110 P400E SE AWD,PHEV,petrol/electric,9,60.0,221.0,2695.0,246.0
2024,LAND ROVER,DEFENDER 110 P400E X AWD,PHEV,petrol/electric,8,63.0,221.0,2693.0,250.0
2024,LAND ROVER,DEFENDER 110 P400E X AWD AUT.,PHEV,petrol/electric,2,66.0,165.0,2693.0,266.0
2024,LAND ROVER,DEFENDER 110 P400E X-DYNAMIC H,PHEV,petrol/electric,52,63.0,216.0,2693.0,251.0
2024,LAND ROVER,DEFENDER 110 P400E X-DYNAMIC S,PHEV,petrol/electric,36,61.0,214.0,2693.0,249.0
2024,LAND ROVER,DEFENDER 110 P400E XS EDITION,PHEV,petrol/electric,2,62.0,221.0,2693.0,249.0
2024,LAND ROVER,DEFENDER 110 P425 X AWD AUT.,ICE,petrol,1,322.0,313.0,2484.0,
2024,LAND ROVER,DEFENDER 110 P525 AWD,ICE,petrol,1,324.0,386.0,2678.0,
2024,LAND ROVER,DEFENDER 110 P525 CARPATHIAN E,ICE,petrol,7,329.0,386.0,2678.0,
2024,LAND ROVER,DEFENDER 130 D250 X-DYNAMIC SE,HEV,diesel,2,232.0,183.0,2711.0,
2024,LAND ROVER,DEFENDER 130 D300 FIRST EDITIO,HEV,diesel,2,236.0,221.0,2711.0,
2024,LAND ROVER,DEFENDER 130 D300 OUTBOUND AWD,HEV,diesel,2,229.0,221.0,2672.0,
2024,LAND ROVER,DEFENDER 130 D300 SE AWD,HEV,diesel,2,230.0,221.0,2691.0,
2024,LAND ROVER,DEFENDER 130 D300 X AWD AUT.,HEV,diesel,1,234.0,221.0,2723.0,
2024,LAND ROVER,DEFENDER 130 P400 X-DYNAMIC SE,HEV,petrol,1,266.0,294.0,2656.0,
2024,LAND ROVER,DEFENDER 90 D200 S AWD AUT.,HEV,diesel,1,228.0,147.0,2406.0,
2024,LAND ROVER,DEFENDER 90 D200 SE AWD,HEV,diesel,1,218.0,147.0,2394.0,
2024,LAND ROVER,DEFENDER 90 D200 X-DYNAMIC SE,HEV,diesel,2,225.0,147.0,2394.0,
2024,LAND ROVER,DEFENDER 90 D250 SE AWD,HEV,diesel,1,220.0,183.0,2394.0,
2024,LAND ROVER,DEFENDER 90 D250 X-DYNAMIC S,HEV,diesel,1,226.0,183.0,2406.0,
2024,LAND ROVER,DEFENDER 90 D250 X-DYNAMIC SE,HEV,diesel,3,220.0,183.0,2394.0,
2024,LAND ROVER,DEFENDER 90 D250 X-EDITION AWD,HEV,diesel,2,221.0,183.0,2394.0,
2024,LAND ROVER,DEFENDER 90 D300 X-DYNAMIC HSE,HEV,diesel,1,223.0,221.0,2394.0,
2024,LAND ROVER,DEFENDER 90 D300 X-DYNAMIC SE,HEV,diesel,1,230.0,221.0,2394.0,
2024,LAND ROVER,DEFENDER 90 P525 AWD AUT.,ICE,petrol,1,320.0,386.0,2546.0,
2024,LAND ROVER,DEFENDER 90 P525 CARPATHIAN ED,ICE,petrol,1,330.0,386.0,2546.0,
2024,LAND ROVER,DISCOVERY D250 R-DYNAMIC HSE A,HEV,diesel,9,217.0,183.0,2506.0,
2024,LAND ROVER,DISCOVERY D250 R-DYNAMIC SE AW,HEV,diesel,14,214.0,183.0,2492.0,
2024,LAND ROVER,DISCOVERY D250 S AWD,HEV,diesel,4,212.0,183.0,2467.0,
2024,LAND ROVER,DISCOVERY D300 METROPOLITAN ED,HEV,diesel,7,220.0,221.0,2527.0,
2024,LAND ROVER,DISCOVERY D300 R-DYNAMIC HSE A,HEV,diesel,7,217.0,221.0,2529.0,
2024,LAND ROVER,DISCOVERY D300 R-DYNAMIC SE AW,HEV,diesel,6,214.0,221.0,2483.0,
2024,LAND ROVER,DISCOVERY D350 S AWD,HEV,diesel,1,222.0,258.0,2529.0,
2024,LAND ROVER,DISCOVERY SPORT D165 R-DYNAMIC,HEV,diesel,25,175.0,120.0,2026.0,
2024,LAND ROVER,DISCOVERY SPORT D165 S AWD AU,HEV,diesel,5,174.0,120.0,2026.0,
2024,LAND ROVER,DISCOVERY SPORT D165 S AWD AUT,HEV,diesel,11,176.0,120.0,2026.0,
2024,LAND ROVER,DISCOVERY SPORT D165 SE AWD A,HEV,diesel,1,180.0,120.0,2026.0,
2024,LAND ROVER,DISCOVERY SPORT D165 SE AWD AU,HEV,diesel,4,176.0,120.0,2026.0,
2024,LAND ROVER,DISCOVERY SPORT D200 R-DYNAMIC,HEV,diesel,5,177.0,150.0,2026.0,
2024,LAND ROVER,DISCOVERY SPORT P200 R-DYNAMIC,HEV,diesel,1,177.0,150.0,2026.0,
2024,LAND ROVER,DISCOVERY SPORT P200 R-DYNAMIC,HEV,petrol,2,205.0,147.0,1978.0,
2024,LAND ROVER,DISCOVERY SPORT P270E R-DYNAMI,PHEV,petrol/electric,5,36.0,118.0,2229.0,202.0
2024,LAND ROVER,DISCOVERY SPORT P300E R-DYNAM,PHEV,petrol/electric,1,36.0,147.0,2229.0,193.0
2024,LAND ROVER,DISCOVERY SPORT P300E R-DYNAMI,PHEV,petrol/electric,22,34.0,147.0,2229.0,189.0
2024,LAND ROVER,DISCOVERY SPORT P300E S AWD A,PHEV,petrol/electric,1,33.0,147.0,2229.0,186.0
2024,LAND ROVER,DISCOVERY SPORT P300E SE AWD A,PHEV,petrol/electric,2,36.0,147.0,2229.0,193.0
2024,LAND ROVER,EVOQUE D165 R-DYNAMIC S AWD AU,HEV,diesel,3,168.0,120.0,1967.0,
2024,LAND ROVER,EVOQUE D165 R-DYNAMIC SE AWD A,HEV,diesel,1,172.0,120.0,1967.0,
2024,LAND ROVER,EVOQUE P300E BRONZE COLLECTION,PHEV,petrol/electric,1,34.0,147.0,2192.0,188.0
2024,LAND ROVER,EVOQUE P300E R-DYNAMIC S AWD A,PHEV,petrol/electric,5,33.0,147.0,2192.0,185.0
2024,LAND ROVER,EVOQUE P300E R-DYNAMIC SE AWD,PHEV,petrol/electric,2,34.0,147.0,2192.0,189.0
2024,LAND ROVER,EVOQUE P300E SE AWD AUT.,PHEV,petrol/electric,2,33.0,147.0,2192.0,187.0
2024,LAND ROVER,RANGE ROVER D300 AUTOBIOGRAPHY,HEV,diesel,2,208.0,221.0,2505.0,
2024,LAND ROVER,RANGE ROVER D300 HSE AWD,HEV,diesel,8,207.0,221.0,2505.0,
2024,LAND ROVER,RANGE ROVER D350 AUTOBIOGRAPHY,HEV,diesel,9,206.0,258.0,2511.0,
2024,LAND ROVER,RANGE ROVER D350 HSE AWD,HEV,diesel,6,206.0,258.0,2504.0,
2024,LAND ROVER,RANGE ROVER D350 HSE AWD AUT.,HEV,diesel,1,202.0,258.0,2666.0,
2024,LAND ROVER,RANGE ROVER D350 HSE LWB AWD,HEV,diesel,1,211.0,258.0,2666.0,
2024,LAND ROVER,RANGE ROVER EVOQUE D165 R-DYN,HEV,diesel,1,173.0,120.0,1967.0,
2024,LAND ROVER,RANGE ROVER EVOQUE D165 R-DYNA,HEV,diesel,27,169.0,120.0,1967.0,
2024,LAND ROVER,RANGE ROVER EVOQUE D165 S AWD,HEV,diesel,95,170.0,120.0,1967.0,
2024,LAND ROVER,RANGE ROVER EVOQUE D200 R-DYN,HEV,diesel,1,173.0,150.0,1992.0,
2024,LAND ROVER,RANGE ROVER EVOQUE D200 R-DYNA,HEV,diesel,13,170.0,150.0,1992.0,
2024,LAND ROVER,RANGE ROVER EVOQUE D200 S AWD,HEV,diesel,10,170.0,150.0,1992.0,
2024,LAND ROVER,RANGE ROVER EVOQUE P200 R-DYNA,HEV,petrol,2,200.0,147.0,1917.0,
2024,LAND ROVER,RANGE ROVER EVOQUE P200 S AWD,HEV,petrol,1,200.0,147.0,1917.0,
2024,LAND ROVER,RANGE ROVER EVOQUE P200 SE AWD,HEV,petrol,1,206.0,147.0,1917.0,
2024,LAND ROVER,RANGE ROVER EVOQUE P270E R-DYN,PHEV,petrol/electric,3,34.0,118.0,2192.0,196.0
2024,LAND ROVER,RANGE ROVER EVOQUE P300E AUTOB,PHEV,petrol/electric,2,34.0,132.0,2192.0,192.0
2024,LAND ROVER,RANGE ROVER EVOQUE P300E R-DYN,PHEV,petrol/electric,29,32.0,144.0,2192.0,185.0
2024,LAND ROVER,RANGE ROVER EVOQUE P300E S AWD,PHEV,petrol/electric,41,32.0,139.0,2192.0,186.0
2024,LAND ROVER,RANGE ROVER P400 AUTOBIOGRAPHY,HEV,petrol,1,227.0,294.0,2454.0,
2024,LAND ROVER,RANGE ROVER P400 HSE AWD AUT.,HEV,petrol,1,227.0,294.0,2616.0,
2024,LAND ROVER,RANGE ROVER P440E AUTOBIOGRAPH,PHEV,petrol/electric,1,20.0,294.0,2770.0,296.0
2024,LAND ROVER,RANGE ROVER P440E FIRST EDITIO,PHEV,petrol/electric,1,20.0,294.0,2810.0,296.0
2024,LAND ROVER,RANGE ROVER P460E AUTOBIOGRAPH,PHEV,petrol/electric,35,18.0,294.0,2786.0,291.0
2024,LAND ROVER,RANGE ROVER P460E HSE AWD AUT.,PHEV,petrol/electric,15,17.0,294.0,2772.0,287.0
2024,LAND ROVER,RANGE ROVER P460E SE AWD AUT.,PHEV,petrol/electric,7,17.0,294.0,2770.0,284.0
2024,LAND ROVER,RANGE ROVER P510E HSE AWD AUT.,PHEV,petrol/electric,1,20.0,294.0,2810.0,295.0
2024,LAND ROVER,RANGE ROVER P510E SV AWD AUT.,PHEV,petrol/electric,5,20.0,294.0,2810.0,296.0
2024,LAND ROVER,RANGE ROVER P530 AUTOBIOGRAPHY,HEV,petrol,20,266.0,390.0,2644.0,
2024,LAND ROVER,RANGE ROVER P530 SV AWD AUT.,ICE,petrol,1,269.0,390.0,2626.0,
2024,LAND ROVER,RANGE ROVER P530 SV AWD AUT.,PHEV,petrol/electric,1,18.0,294.0,2810.0,293.0
2024,LAND ROVER,RANGE ROVER P550E AUTOBIOGRAPH,PHEV,petrol/electric,46,18.0,294.0,2810.0,294.0
2024,LAND ROVER,RANGE ROVER P550E HSE AWD AUT.,PHEV,petrol/electric,4,18.0,294.0,2810.0,290.0
2024,LAND ROVER,RANGE ROVER P615 AWD AUT.,HEV,petrol,10,267.0,452.0,2791.0,
2024,LAND ROVER,RANGE ROVER P615 LWB AWD,HEV,petrol,3,269.0,452.0,2790.0,
2024,LAND ROVER,RANGE ROVER SPORT (30 I6) P44,PHEV,petrol/electric,4,19.0,294.0,2735.0,290.0
2024,LAND ROVER,RANGE ROVER SPORT D250 DYNAMIC,HEV,diesel,5,197.0,183.0,2390.0,
2024,LAND ROVER,RANGE ROVER SPORT D250 SE AWD,HEV,diesel,1,193.0,183.0,2390.0,
2024,LAND ROVER,RANGE ROVER SPORT D300 DYNAMIC,HEV,diesel,32,200.0,221.0,2390.0,
2024,LAND ROVER,RANGE ROVER SPORT D300 SE AWD,HEV,diesel,2,201.0,221.0,2390.0,
2024,LAND ROVER,RANGE ROVER SPORT D350 AUTOBIO,HEV,diesel,12,203.0,258.0,2435.0,
2024,LAND ROVER,RANGE ROVER SPORT P400 AUTOBIO,HEV,petrol,2,223.0,294.0,2385.0,
2024,LAND ROVER,RANGE ROVER SPORT P440E SE AWD,PHEV,petrol/electric,1,19.0,294.0,2735.0,288.0
2024,LAND ROVER,RANGE ROVER SPORT P460E DYNAMI,PHEV,petrol/electric,122,17.0,294.0,2735.0,284.0
2024,LAND ROVER,RANGE ROVER SPORT P460E S AWD,PHEV,petrol/electric,17,16.0,294.0,2735.0,281.0
2024,LAND ROVER,RANGE ROVER SPORT P460E SE AWD,PHEV,petrol/electric,18,16.0,294.0,2735.0,278.0
2024,LAND ROVER,RANGE ROVER SPORT P510E AUTOBI,PHEV,petrol/electric,2,20.0,294.0,2810.0,294.0
2024,LAND ROVER,RANGE ROVER SPORT P550E AUTOBI,PHEV,petrol/electric,66,17.0,294.0,2810.0,289.0
2024,LAND ROVER,RANGE ROVER SPORT P635 SV EDIT,HEV,petrol,16,273.0,467.0,2560.0,
2024,LAND ROVER,RANGE ROVER VELAR D200 DYNAMIC,HEV,diesel,28,172.0,150.0,2049.0,
2024,LAND ROVER,RANGE ROVER VELAR D200 S AWD A,HEV,diesel,12,169.0,150.0,2049.0,
2024,LAND ROVER,RANGE ROVER VELAR D300 AUTOBIO,HEV,diesel,2,199.0,221.0,2164.0,
2024,LAND ROVER,RANGE ROVER VELAR D300 DYNAMIC,HEV,diesel,15,196.0,221.0,2164.0,
2024,LAND ROVER,RANGE ROVER VELAR P400E DYNAMI,PHEV,petrol/electric,53,41.0,221.0,2308.0,245.0
2024,LAND ROVER,RANGE ROVER VELAR P400E R-DYNA,PHEV,petrol/electric,1,52.0,221.0,2274.0,220.0
2024,LAND ROVER,RANGE ROVER VELAR P400E S AWD,PHEV,petrol/electric,9,39.0,221.0,2308.0,243.0
2024,LAND ROVER,RANGR ROVER P400 AUTOBIOGRAPHY,HEV,petrol,1,231.0,294.0,2616.0,
2024,LEXUS,ES300H,HEV,petrol,90,120.0,131.0,1755.0,
2024,LEXUS,LBX,HEV,petrol,127,104.0,67.0,1376.0,
2024,LEXUS,LC500,ICE,petrol,4,275.0,341.0,2110.0,
2024,LEXUS,LC500H,HEV,petrol,1,184.0,220.0,2055.0,
2024,LEXUS,NX350H,HEV,petrol,96,134.0,140.0,1832.0,
2024,LEXUS,NX450H+,PHEV,petrol/electric,52,23.0,136.0,2065.0,171.0
2024,LEXUS,RX350H,HEV,petrol,42,143.0,140.0,2040.0,
2024,LEXUS,RX450H+,PHEV,petrol/electric,43,25.0,136.0,2185.0,179.0
2024,LEXUS,RX500H,HEV,petrol,15,183.0,200.0,2175.0,
2024,LEXUS,RZ450E,BEV,electric,9,0.0,150.0,2161.0,183.0
2024,LEXUS,UX250H,HEV,petrol,32,124.0,112.0,1615.0,
2024,LEXUS,UX300H,HEV,petrol,7,118.0,112.0,1578.0,
2024,LOTUS,ELETRE,BEV,electric,5,0.0,269.0,2695.0,240.0
2024,LOTUS,EMIRA,ICE,petrol,6,249.0,293.0,1561.0,
2024,LUCID MOTORS,AIR,BEV,electric,1,0.0,156.0,2337.0,
2024,MAN,TGE,ICE,diesel,1,,120.0,2805.0,
2024,MASERATI,GHIBLI MODENA S Q4,ICE,petrol,1,255.0,316.0,2010.0,
2024,MASERATI,GRANCABRIO,ICE,petrol,1,237.0,404.0,1970.0,
2024,MASERATI,GRANTURISMO FOLGORE,BEV,electric,2,0.0,572.0,2335.0,222.0
2024,MASERATI,GRANTURISMO TROFEO,ICE,petrol,1,230.0,404.0,1870.0,
2024,MASERATI,GRECALE FOLGORE,BEV,electric,5,0.0,410.0,2555.0,250.0
2024,MASERATI,GRECALE GT,HEV,petrol,3,203.0,221.0,1955.0,
2024,MASERATI,GRECALE MODENA,HEV,petrol,4,207.0,243.0,2002.0,
2024,MASERATI,GRECALE TROFEO,ICE,petrol,3,254.0,390.0,2103.0,
2024,MASERATI,LEVANTE GT HYBRID,HEV,petrol,1,228.0,243.0,2165.0,
2024,MASERATI,LEVANTE MODENA S,ICE,petrol,1,276.0,316.0,2184.0,
2024,MASERATI,LEVANTE TROFEO,ICE,petrol,1,328.0,427.0,2245.0,
2024,MASERATI,MC20,ICE,petrol,1,261.0,463.0,1550.0,
2024,MASERATI,MC20 CIELO,ICE,petrol,1,265.0,463.0,1635.0,
2024,MAZDA,CX-30,HEV,petrol,1673,140.0,101.0,1487.0,
2024,MAZDA,CX-5,ICE,diesel,425,166.0,118.0,1758.0,
2024,MAZDA,CX-5,HEV,petrol,1017,155.0,125.0,1649.0,
2024,MAZDA,CX-60,HEV,diesel,294,137.0,179.0,1987.0,
2024,MAZDA,CX-60,PHEV,petrol/electric,347,32.0,141.0,2069.0,230.0
2024,MAZDA,CX-60 2.5L E-SKYACTIV PH,PHEV,petrol/electric,1,33.0,141.0,2070.0,230.0
2024,MAZDA,CX-80,HEV,diesel,51,150.0,187.0,2191.0,
2024,MAZDA,CX-80,PHEV,petrol/electric,49,35.0,141.0,2300.0,238.0
2024,MAZDA,MAZDA2,HEV,petrol,731,107.0,66.0,1112.0,
2024,MAZDA,MAZDA2,ICE,petrol,1043,111.0,57.0,1102.0,
2024,MAZDA,MAZDA2 HYBRID,HEV,petrol,293,92.0,68.0,1198.0,
2024,MAZDA,MAZDA2 HYBRID/AGILE/COMFORT,HEV,petrol,1,87.0,68.0,1200.0,
2024,MAZDA,MAZDA3,HEV,petrol,741,131.0,100.0,1426.0,
2024,MAZDA,MAZDA6,ICE,petrol,94,161.0,127.0,1518.0,
2024,MAZDA,MX-30,BEV,electric,26,0.0,81.0,1720.0,179.0
2024,MAZDA,MX-30,PHEV,petrol/electric,85,21.0,55.0,1853.0,175.0
2024,MAZDA,MX-5,ICE,petrol,100,149.0,120.0,1111.0,
2024,MCLAREN,750S COUPE,ICE,petrol,1,276.0,552.0,1464.0,
2024,MCLAREN,750S SPIDER,ICE,petrol,6,276.0,552.0,1513.0,
2024,MCLAREN,765LT COUPE,ICE,petrol,1,280.0,563.0,1414.0,
2024,MCLAREN,ARTURA,PHEV,petrol/electric,1,104.0,430.0,1573.0,247.0
2024,MCLAREN,ARTURA COUPE,PHEV,petrol/electric,26,104.0,432.4,1573.0,238.9
2024,MCLAREN,ARTURA SPIDER,PHEV,petrol/electric,5,108.0,445.0,1636.0,207.0
2024,MERCEDES,VITO,ICE,diesel,1,,120.0,2633.0,
2024,MERCEDES-AMG,AMG G 63 4X42,ICE,petrol,1,456.0,430.0,2866.0,
2024,MERCEDES-AMG,AMG GT 43 4MATIC+,HEV,petrol,5,220.0,270.0,2040.0,
2024,MERCEDES-AMG,AMG GT 53 4MATIC+,HEV,petrol,3,223.0,320.0,2045.0,
2024,MERCEDES-AMG,AMG GT 55 4MATIC+,ICE,petrol,1,319.0,350.0,1970.0,
2024,MERCEDES-AMG,AMG GT 63 4MATIC+,ICE,petrol,20,319.0,430.0,1970.0,
2024,MERCEDES-AMG,AMG GT 63 S 4MATIC+,ICE,petrol,4,301.0,470.0,2135.0,
2024,MERCEDES-AMG,AMG GT 63 S E PERFORMANCE,PHEV,petrol/electric,10,188.0,468.0,2361.0,321.0
2024,MERCEDES-AMG,AMG SL 43,HEV,petrol,8,205.0,280.0,1810.0,
2024,MERCEDES-AMG,AMG SL 55 4MATIC+,ICE,petrol,4,298.0,350.0,1950.0,
2024,MERCEDES-AMG,AMG SL 63 4MATIC+,ICE,petrol,15,298.0,430.0,1970.0,
2024,MERCEDES-AMG,AMG SL 63 S E PERFORMANCE,PHEV,petrol/electric,4,175.0,450.0,2195.0,297.0
2024,MERCEDES-BENZ,A 160,ICE,petrol,23,134.0,80.0,1350.0,
2024,MERCEDES-BENZ,A 180,HEV,petrol,187,136.0,100.0,1440.0,
2024,MERCEDES-BENZ,A 180 D,ICE,diesel,240,133.0,85.0,1528.0,
2024,MERCEDES-BENZ,A 200,HEV,petrol,14,139.0,120.0,1442.0,
2024,MERCEDES-BENZ,A 200 4MATIC,ICE,petrol,1,147.0,120.0,1470.0,
2024,MERCEDES-BENZ,A 200 D,ICE,diesel,34,132.0,110.0,1531.0,
2024,MERCEDES-BENZ,A 220 4MATIC,HEV,petrol,51,161.0,140.0,1576.0,
2024,MERCEDES-BENZ,A 250 4MATIC,HEV,petrol,1,158.0,165.0,1580.0,
2024,MERCEDES-BENZ,A 250 E,PHEV,petrol/electric,55,20.0,119.0,1700.0,172.0
2024,MERCEDES-BENZ,AMG A 35 4MATIC,HEV,petrol,14,192.0,225.0,1647.0,
2024,MERCEDES-BENZ,AMG A 45 S 4MATIC+,ICE,petrol,12,206.0,310.0,1680.0,
2024,MERCEDES-BENZ,AMG C 43 4MATIC,HEV,petrol,1,216.0,310.0,1885.0,
2024,MERCEDES-BENZ,AMG C 43 4MATIC+,HEV,petrol,8,203.0,300.0,1851.0,
2024,MERCEDES-BENZ,AMG C 63 S E PERFORMANCE,PHEV,petrol/electric,18,156.0,350.0,2171.0,338.0
2024,MERCEDES-BENZ,AMG CLA 35 4MATIC,HEV,petrol,10,190.0,225.0,1685.0,
2024,MERCEDES-BENZ,AMG CLA 45 S 4MATIC+,ICE,petrol,7,203.0,310.0,1727.0,
2024,MERCEDES-BENZ,AMG CLE 53 4MATIC,HEV,petrol,23,216.0,330.0,2004.0,
2024,MERCEDES-BENZ,AMG E 53 4MATIC,HEV,petrol,1,215.0,320.0,1970.0,
2024,MERCEDES-BENZ,AMG E 53 HYBRID,PHEV,petrol/electric,22,23.0,330.0,2424.0,257.0
2024,MERCEDES-BENZ,AMG E 63 S,ICE,petrol,2,284.0,450.0,2075.0,
2024,MERCEDES-BENZ,AMG EQE 43 4MATIC,BEV,electric,29,0.0,135.0,2583.0,234.0
2024,MERCEDES-BENZ,AMG EQE 53 4MATIC+,BEV,electric,35,0.0,185.0,2642.0,235.0
2024,MERCEDES-BENZ,AMG EQS 53 4MATIC+,BEV,electric,8,0.0,185.0,2685.0,229.0
2024,MERCEDES-BENZ,AMG G 63,HEV,petrol,31,337.0,430.0,2640.0,
2024,MERCEDES-BENZ,AMG G 63,ICE,petrol,25,368.0,430.0,2595.0,
2024,MERCEDES-BENZ,AMG GLA 35 4MATIC,HEV,petrol,7,204.0,225.0,1750.0,
2024,MERCEDES-BENZ,AMG GLA 45 S 4MATIC+,ICE,petrol,4,218.0,310.0,1770.0,
2024,MERCEDES-BENZ,AMG GLB 35,ICE,petrol,3,207.0,225.0,1755.0,
2024,MERCEDES-BENZ,AMG GLB 35 4MATIC,HEV,petrol,6,210.0,225.0,1820.0,
2024,MERCEDES-BENZ,AMG GLC 43 4MATIC,HEV,petrol,10,236.0,310.0,1981.0,
2024,MERCEDES-BENZ,AMG GLC 43 4MATIC,ICE,petrol,3,249.0,287.0,1880.0,
2024,MERCEDES-BENZ,AMG GLC 63S E PERFORMANCE,PHEV,petrol/electric,18,170.0,350.0,2310.0,324.0
2024,MERCEDES-BENZ,AMG GLE 53 4MATIC+,HEV,petrol,13,240.0,320.0,2369.0,
2024,MERCEDES-BENZ,AMG GLE 53 4MATIC+ COUPE,HEV,petrol,24,237.0,320.0,2370.0,
2024,MERCEDES-BENZ,AMG GLE 53 HYBRID,PHEV,petrol/electric,54,31.0,330.0,2800.0,303.0
2024,MERCEDES-BENZ,AMG GLE 53 HYBRID COUPE,PHEV,petrol/electric,25,28.0,330.0,2780.0,300.0
2024,MERCEDES-BENZ,AMG GLE 63 S 4MATIC+,HEV,petrol,12,288.0,450.0,2482.0,
2024,MERCEDES-BENZ,AMG GLE 63 S 4MATIC+COUPE,HEV,petrol,12,284.0,450.0,2495.0,
2024,MERCEDES-BENZ,AMG GLS 63 4MATIC+,HEV,petrol,8,299.0,450.0,2673.0,
2024,MERCEDES-BENZ,AMG S 63 E PERFORMANCE,PHEV,petrol/electric,30,102.0,450.0,2608.0,323.0
2024,MERCEDES-BENZ,B 180,HEV,petrol,91,140.0,100.0,1490.0,
2024,MERCEDES-BENZ,B 180 D,ICE,diesel,144,138.0,85.0,1578.0,
2024,MERCEDES-BENZ,B 200,HEV,petrol,4,140.0,120.0,1490.0,
2024,MERCEDES-BENZ,B 200 D,ICE,diesel,21,136.0,110.0,1580.0,
2024,MERCEDES-BENZ,B 220 4MATIC,HEV,petrol,26,162.0,140.0,1625.0,
2024,MERCEDES-BENZ,B 220 D,ICE,diesel,2,137.0,140.0,1610.0,
2024,MERCEDES-BENZ,B 220 D 4MATIC,ICE,diesel,2,145.0,140.0,1625.0,
2024,MERCEDES-BENZ,B 250 E,PHEV,petrol/electric,11,21.0,120.0,1746.0,173.0
2024,MERCEDES-BENZ,C 180,HEV,petrol,10,147.0,125.0,1656.0,
2024,MERCEDES-BENZ,C 200,HEV,petrol,6,149.0,150.0,1675.0,
2024,MERCEDES-BENZ,C 200 4MATIC,HEV,petrol,17,159.0,149.0,1749.0,
2024,MERCEDES-BENZ,C 200 D,HEV,diesel,271,125.0,120.0,1800.0,
2024,MERCEDES-BENZ,C 220 D,HEV,diesel,22,124.0,147.0,1799.0,
2024,MERCEDES-BENZ,C 220 D 4MATIC,HEV,diesel,300,132.0,147.0,1845.0,
2024,MERCEDES-BENZ,C 220D 4MATIC ALL-TERRAIN,HEV,diesel,5,136.0,147.0,1924.0,
2024,MERCEDES-BENZ,C 300,HEV,petrol,2,157.0,190.0,1697.0,
2024,MERCEDES-BENZ,C 300 4MATIC,HEV,petrol,8,165.0,190.0,1783.0,
2024,MERCEDES-BENZ,C 300 D,HEV,diesel,3,143.0,195.0,1866.0,
2024,MERCEDES-BENZ,C 300 D 4MATIC,HEV,diesel,7,139.0,195.0,1833.0,
2024,MERCEDES-BENZ,C 300 DE,PHEV,diesel/electric,5,11.0,145.0,2189.0,200.0
2024,MERCEDES-BENZ,C 300 DE 4MATIC,PHEV,diesel/electric,62,13.0,145.0,2238.0,213.0
2024,MERCEDES-BENZ,C 300 E,PHEV,petrol/electric,20,12.0,150.0,2110.0,200.0
2024,MERCEDES-BENZ,C 300 E 4MATIC,PHEV,petrol/electric,11,14.0,150.0,2135.0,202.0
2024,MERCEDES-BENZ,C 400 E 4MATIC,PHEV,petrol/electric,6,14.0,185.0,2146.0,205.0
2024,MERCEDES-BENZ,CITAN,ICE,petrol,1,155.0,75.0,1556.0,
2024,MERCEDES-BENZ,CITAN TOURER/T-CLASS,ICE,diesel,122,139.0,81.0,1660.0,
2024,MERCEDES-BENZ,CITAN TOURER/T-CLASS,ICE,petrol,100,159.0,94.0,1681.0,
2024,MERCEDES-BENZ,CLA 180,HEV,petrol,32,137.0,100.0,1513.0,
2024,MERCEDES-BENZ,CLA 180 D,ICE,diesel,138,137.0,85.0,1611.0,
2024,MERCEDES-BENZ,CLA 200,HEV,petrol,15,139.0,120.0,1510.0,
2024,MERCEDES-BENZ,CLA 200,ICE,petrol,1,151.0,120.0,1480.0,
2024,MERCEDES-BENZ,CLA 200 D,ICE,diesel,190,135.0,110.0,1609.0,
2024,MERCEDES-BENZ,CLA 200 D 4MATIC,ICE,diesel,3,138.0,110.0,1640.0,
2024,MERCEDES-BENZ,CLA 220 4MATIC,HEV,petrol,10,162.0,140.0,1625.0,
2024,MERCEDES-BENZ,CLA 220 D,ICE,diesel,18,137.0,140.0,1619.0,
2024,MERCEDES-BENZ,CLA 250 4MATIC,HEV,petrol,15,164.0,165.0,1646.0,
2024,MERCEDES-BENZ,CLA 250 4MATIC,ICE,petrol,1,168.0,165.0,1565.0,
2024,MERCEDES-BENZ,CLA 250 E,PHEV,petrol/electric,106,21.0,119.0,1757.0,183.0
2024,MERCEDES-BENZ,CLE 200,HEV,petrol,21,149.0,150.0,1841.0,
2024,MERCEDES-BENZ,CLE 200 4MATIC,HEV,petrol,31,157.0,150.0,1918.0,
2024,MERCEDES-BENZ,CLE 220D,HEV,diesel,66,127.0,145.0,1909.0,
2024,MERCEDES-BENZ,CLE 300 4MATIC,HEV,petrol,46,165.0,190.0,1920.0,
2024,MERCEDES-BENZ,CLE 300 E,PHEV,petrol/electric,4,13.0,150.0,2175.0,202.0
2024,MERCEDES-BENZ,CLE 450 4MATIC,HEV,petrol,11,177.0,280.0,1969.0,
2024,MERCEDES-BENZ,E 200,HEV,petrol,20,149.0,150.0,1833.0,
2024,MERCEDES-BENZ,E 200 4MATIC,HEV,petrol,11,158.0,150.0,1890.0,
2024,MERCEDES-BENZ,E 200 D,ICE,diesel,3,128.0,118.0,1735.0,
2024,MERCEDES-BENZ,E 220 D,HEV,diesel,183,129.0,145.0,1916.0,
2024,MERCEDES-BENZ,E 220 D 4MATIC,HEV,diesel,141,136.0,145.0,1992.0,
2024,MERCEDES-BENZ,E 220 D 4MATIC,ICE,diesel,1,158.0,143.0,1855.0,
2024,MERCEDES-BENZ,E 220 D 4MATIC ALLTERRAIN,HEV,diesel,8,144.0,145.0,2059.0,
2024,MERCEDES-BENZ,E 300 DE,PHEV,diesel/electric,37,12.0,145.0,2268.0,206.0
2024,MERCEDES-BENZ,E 300 DE 4MATIC,PHEV,diesel/electric,334,16.0,144.0,2356.0,225.0
2024,MERCEDES-BENZ,E 300 E,PHEV,petrol/electric,12,13.0,150.0,2244.0,208.0
2024,MERCEDES-BENZ,E 300 E 4MATIC,PHEV,petrol/electric,26,15.0,150.0,2258.0,212.0
2024,MERCEDES-BENZ,E 300DE 4MATIC ALLTERRAIN,PHEV,diesel/electric,16,17.0,145.0,2387.0,228.0
2024,MERCEDES-BENZ,E 400 D 4 MATIC,ICE,diesel,2,195.0,243.0,2015.0,
2024,MERCEDES-BENZ,E 400 D 4MATIC ALLTERRAIN,ICE,diesel,1,194.0,243.0,2060.0,
2024,MERCEDES-BENZ,E 400 E 4MATIC,PHEV,petrol/electric,18,15.0,185.0,2260.0,215.0
2024,MERCEDES-BENZ,E 450 4MATIC,HEV,petrol,22,181.0,279.0,2007.0,
2024,MERCEDES-BENZ,E 450 4MATIC ALLTERRAIN,HEV,petrol,2,185.0,280.0,2065.0,
2024,MERCEDES-BENZ,E 450 D 4MATIC,HEV,diesel,36,164.0,270.0,2104.0,
2024,MERCEDES-BENZ,E 450 D 4MATIC ALLTERRAIN,HEV,diesel,1,171.0,270.0,2155.0,
2024,MERCEDES-BENZ,ECITAN TOURER/EQT,BEV,electric,35,0.0,51.0,1877.0,196.0
2024,MERCEDES-BENZ,EQA 250,BEV,electric,48,0.0,111.0,2042.0,153.0
2024,MERCEDES-BENZ,EQA 250+,BEV,electric,221,0.0,95.0,2053.0,149.0
2024,MERCEDES-BENZ,EQA 300 4MATIC,BEV,electric,172,0.0,139.0,2109.0,174.0
2024,MERCEDES-BENZ,EQA 350 4MATIC,BEV,electric,35,0.0,137.0,2108.0,180.0
2024,MERCEDES-BENZ,EQB 250,BEV,electric,22,0.0,111.0,2110.0,165.0
2024,MERCEDES-BENZ,EQB 250+,BEV,electric,165,0.0,95.0,2105.0,157.0
2024,MERCEDES-BENZ,EQB 300 4MATIC,BEV,electric,199,0.0,139.0,2168.0,180.0
2024,MERCEDES-BENZ,EQB 350 4MATIC,BEV,electric,40,0.0,137.0,2169.0,185.0
2024,MERCEDES-BENZ,EQC 400 4MATIC,BEV,electric,3,0.0,145.0,2495.0,234.0
2024,MERCEDES-BENZ,EQE 300,BEV,electric,191,0.0,109.0,2404.0,168.0
2024,MERCEDES-BENZ,EQE 350,BEV,electric,17,0.0,109.0,2403.0,182.0
2024,MERCEDES-BENZ,EQE 350 4MATIC,BEV,electric,335,0.0,135.0,2550.0,190.0
2024,MERCEDES-BENZ,EQE 350+,BEV,electric,77,0.0,109.0,2450.0,187.0
2024,MERCEDES-BENZ,EQE 500 4MATIC,BEV,electric,129,0.0,135.0,2579.0,200.0
2024,MERCEDES-BENZ,EQS 350,BEV,electric,1,0.0,109.0,2440.0,170.0
2024,MERCEDES-BENZ,EQS 450 4MATIC,BEV,electric,26,0.0,135.0,2725.0,200.0
2024,MERCEDES-BENZ,EQS 450+,BEV,electric,4,0.0,109.0,2605.0,190.0
2024,MERCEDES-BENZ,EQS 500 4MATIC,BEV,electric,23,0.0,135.0,2734.0,199.0
2024,MERCEDES-BENZ,EQS 580 4MATIC,BEV,electric,40,0.0,135.0,2782.0,212.0
2024,MERCEDES-BENZ,EQV,BEV,electric,75,0.0,70.0,2667.0,282.0
2024,MERCEDES-BENZ,EVITO TOURER,BEV,electric,64,0.0,70.0,2543.0,276.0
2024,MERCEDES-BENZ,G 400 D,ICE,diesel,12,289.0,243.0,2499.0,
2024,MERCEDES-BENZ,G 450 D,HEV,diesel,35,235.0,270.0,2555.0,
2024,MERCEDES-BENZ,G 500,HEV,petrol,6,258.0,330.0,2485.0,
2024,MERCEDES-BENZ,G 500,ICE,petrol,10,338.0,310.0,2481.0,
2024,MERCEDES-BENZ,G 580,BEV,electric,30,0.0,223.0,3085.0,290.0
2024,MERCEDES-BENZ,G 63 AMG 4X4,ICE,petrol,1,385.0,430.0,3065.0,
2024,MERCEDES-BENZ,GLA 180,HEV,petrol,268,152.0,100.0,1570.0,
2024,MERCEDES-BENZ,GLA 180,ICE,petrol,1,153.0,100.0,1500.0,
2024,MERCEDES-BENZ,GLA 180 D,ICE,diesel,24,141.0,85.0,1658.0,
2024,MERCEDES-BENZ,GLA 200,HEV,petrol,20,153.0,120.0,1570.0,
2024,MERCEDES-BENZ,GLA 200,ICE,petrol,1,151.0,120.0,1500.0,
2024,MERCEDES-BENZ,GLA 200 D,ICE,diesel,13,144.0,110.0,1660.0,
2024,MERCEDES-BENZ,GLA 200 D 4MATIC,ICE,diesel,425,150.0,110.0,1714.0,
2024,MERCEDES-BENZ,GLA 220 4MATIC,HEV,petrol,26,172.0,140.0,1690.0,
2024,MERCEDES-BENZ,GLA 220 D,ICE,diesel,1,142.0,140.0,1640.0,
2024,MERCEDES-BENZ,GLA 220 D 4MATIC,ICE,diesel,18,154.0,140.0,1725.0,
2024,MERCEDES-BENZ,GLA 250 4MATIC,HEV,petrol,9,174.0,165.0,1695.0,
2024,MERCEDES-BENZ,GLA 250 E,PHEV,petrol/electric,35,26.0,119.0,1801.0,202.0
2024,MERCEDES-BENZ,GLB 180,HEV,petrol,72,158.0,100.0,1640.0,
2024,MERCEDES-BENZ,GLB 180,ICE,petrol,1,162.0,100.0,1570.0,
2024,MERCEDES-BENZ,GLB 180 D,ICE,diesel,36,146.0,85.0,1719.0,
2024,MERCEDES-BENZ,GLB 200,HEV,petrol,6,160.0,120.0,1640.0,
2024,MERCEDES-BENZ,GLB 200,ICE,petrol,1,159.0,120.0,1570.0,
2024,MERCEDES-BENZ,GLB 200 4MATIC,ICE,petrol,19,173.0,120.0,1639.0,
2024,MERCEDES-BENZ,GLB 200 D,ICE,diesel,31,147.0,110.0,1717.0,
2024,MERCEDES-BENZ,GLB 200 D 4MATIC,ICE,diesel,451,153.0,110.0,1777.0,
2024,MERCEDES-BENZ,GLB 220 4MATIC,HEV,petrol,8,178.0,140.0,1765.0,
2024,MERCEDES-BENZ,GLB 220 D 4MATIC,ICE,diesel,64,156.0,140.0,1777.0,
2024,MERCEDES-BENZ,GLB 250 4MATIC,HEV,petrol,7,179.0,165.0,1765.0,
2024,MERCEDES-BENZ,GLB 250 4MATIC,ICE,petrol,2,185.0,165.0,1685.0,
2024,MERCEDES-BENZ,GLC 200 4MATIC,HEV,petrol,58,167.0,150.0,1932.0,
2024,MERCEDES-BENZ,GLC 220 D 4MATIC,HEV,diesel,419,140.0,145.0,2000.0,
2024,MERCEDES-BENZ,GLC 220 D 4MATIC,ICE,diesel,3,173.0,143.0,1845.0,
2024,MERCEDES-BENZ,GLC 300 4MATIC,HEV,petrol,19,174.0,190.0,1923.0,
2024,MERCEDES-BENZ,GLC 300 D 4MATIC,HEV,diesel,40,151.0,198.0,2021.0,
2024,MERCEDES-BENZ,GLC 300 DE 4MATIC,PHEV,diesel/electric,992,11.0,145.0,2405.0,215.0
2024,MERCEDES-BENZ,GLC 300 E 4MATIC,PHEV,petrol/electric,190,12.0,150.0,2330.0,210.0
2024,MERCEDES-BENZ,GLC 400 E 4MATIC,PHEV,petrol/electric,88,12.0,185.0,2336.0,211.0
2024,MERCEDES-BENZ,GLC 450 D 4MATIC,HEV,diesel,42,173.0,270.0,2077.0,
2024,MERCEDES-BENZ,GLE 300 D 4MATIC,HEV,diesel,46,188.0,198.0,2333.0,
2024,MERCEDES-BENZ,GLE 300 D 4MATIC COUPE,HEV,diesel,25,189.0,198.0,2390.0,
2024,MERCEDES-BENZ,GLE 350 DE 4MATIC,PHEV,diesel/electric,222,19.0,144.0,2694.0,263.0
2024,MERCEDES-BENZ,GLE 350 DE 4MATIC COUPE,PHEV,diesel/electric,197,19.0,144.0,2729.0,268.0
2024,MERCEDES-BENZ,GLE 350 E 4MATIC,PHEV,petrol/electric,2,27.0,155.0,2605.0,283.0
2024,MERCEDES-BENZ,GLE 400 D 4MATIC,ICE,diesel,5,210.0,243.0,2280.0,
2024,MERCEDES-BENZ,GLE 400 D 4MATIC COUPE,ICE,diesel,7,212.0,243.0,2310.0,
2024,MERCEDES-BENZ,GLE 400 E 4MATIC,PHEV,petrol/electric,37,23.0,185.0,2645.0,267.0
2024,MERCEDES-BENZ,GLE 400 E 4MATIC COUPE,PHEV,petrol/electric,35,21.0,185.0,2670.0,264.0
2024,MERCEDES-BENZ,GLE 450 4MATIC,HEV,petrol,5,234.0,280.0,2310.0,
2024,MERCEDES-BENZ,GLE 450 D 4MATIC,HEV,diesel,86,212.0,270.0,2405.0,
2024,MERCEDES-BENZ,GLE 450 D 4MATIC COUPE,HEV,diesel,89,211.0,270.0,2450.0,
2024,MERCEDES-BENZ,GLE 580 4MATIC,HEV,petrol,2,297.0,380.0,2485.0,
2024,MERCEDES-BENZ,GLS 350 D 4MATIC,HEV,diesel,11,226.0,230.0,2615.0,
2024,MERCEDES-BENZ,GLS 400 D 4MATIC,ICE,diesel,5,228.0,243.0,2505.0,
2024,MERCEDES-BENZ,GLS 450 4MATIC,HEV,petrol,6,254.0,280.0,2525.0,
2024,MERCEDES-BENZ,GLS 450 D 4MATIC,HEV,diesel,43,230.0,270.0,2615.0,
2024,MERCEDES-BENZ,GLS 580 4MATIC,HEV,petrol,7,308.0,377.0,2626.0,
2024,MERCEDES-BENZ,GLS 600 4MATIC MAYBACH,HEV,petrol,3,298.0,410.0,2785.0,
2024,MERCEDES-BENZ,MANTRA 4X4,ICE,diesel,1,281.0,125.0,3195.0,
2024,MERCEDES-BENZ,MARCO POLO,ICE,diesel,38,223.0,162.0,2381.0,
2024,MERCEDES-BENZ,MAYBACH GLS 600,HEV,petrol,3,317.0,410.0,2815.0,
2024,MERCEDES-BENZ,S 350 D,HEV,diesel,5,163.0,230.0,2106.0,
2024,MERCEDES-BENZ,S 350 D 4MATIC,HEV,diesel,10,170.0,230.0,2137.0,
2024,MERCEDES-BENZ,S 400 D 4MATIC,ICE,diesel,4,191.0,243.0,2080.0,
2024,MERCEDES-BENZ,S 450 4MATIC,HEV,petrol,4,194.0,280.0,2080.0,
2024,MERCEDES-BENZ,S 450 D 4MATIC,HEV,diesel,14,173.0,270.0,2139.0,
2024,MERCEDES-BENZ,S 500 4MATIC,HEV,petrol,5,196.0,330.0,2093.0,
2024,MERCEDES-BENZ,S 580 4MATIC,HEV,petrol,10,236.0,370.0,2150.0,
2024,MERCEDES-BENZ,S 580 E 4MATIC,PHEV,petrol/electric,19,17.0,270.0,2462.0,246.0
2024,MERCEDES-BENZ,S 580 E MAYBACH,PHEV,petrol/electric,3,20.0,270.0,2650.0,256.0
2024,MERCEDES-BENZ,S 580 MAYBACH,HEV,petrol,1,239.0,370.0,2310.0,
2024,MERCEDES-BENZ,S 680 MAYBACH,ICE,petrol,1,323.0,450.0,2330.0,
2024,MERCEDES-BENZ,SPRINTER,ICE,diesel,105,281.0,116.0,2506.0,
2024,MERCEDES-BENZ,V-KLASSE,ICE,diesel,779,211.0,156.0,2311.0,
2024,MERCEDES-BENZ,V-KLASSE,HEV,petrol,2,232.0,170.0,2334.0,
2024,MERCEDES-BENZ,VITO,ICE,diesel,2,205.0,120.0,2074.0,
2024,MERCEDES-BENZ,VITO TOURER,ICE,diesel,798,203.0,119.0,2090.0,
2024,MERCEDES-BENZ AG,AMG G 63,BEV,electric,1,0.0,160.0,3235.0,250.0
2024,MG,CYBERSTER,BEV,electric,8,0.0,235.0,2060.0,191.0
2024,MG,EHS PLUG-IN HYBRID,PHEV,petrol/electric,10,43.0,119.0,1850.0,240.0
2024,MG,HS,PHEV,petrol/electric,78,14.0,105.0,1924.0,218.0
2024,MG,MARVEL R ELECTRIC,BEV,electric,146,0.0,81.0,1930.0,200.0
2024,MG,MG3 HYBRID+,HEV,petrol,618,100.0,75.0,1377.0,
2024,MG,MG4 ELECTRIC,BEV,electric,884,0.0,81.0,1777.0,168.0
2024,MG,MG5 ELECTRIC,BEV,electric,370,0.0,73.0,1631.0,178.0
2024,MG,ZS,HEV,petrol,263,114.0,75.0,1485.0,
2024,MG,ZS,ICE,petrol,1283,153.0,79.0,1323.0,
2024,MG,ZS EV,BEV,electric,346,0.0,73.0,1689.0,176.0
2024,MINI,ACEMAN E,BEV,electric,23,0.0,55.0,1720.0,142.0
2024,MINI,ACEMAN SE,BEV,electric,37,0.0,65.0,1785.0,145.0
2024,MINI,C 5-TURER,ICE,petrol,64,138.0,115.0,1395.0,
2024,MINI,COOPER ALL4 COUNTRYMAN F6,ICE,petrol,5,162.0,100.0,1580.0,
2024,MINI,COOPER C,ICE,petrol,104,135.0,115.0,1335.0,
2024,MINI,COOPER C F66 B38,ICE,petrol,72,135.0,115.0,1335.0,
2024,MINI,COOPER CLUBMAN F54 B38,ICE,petrol,4,139.0,100.0,1435.0,
2024,MINI,COOPER COUNTRYMAN F60 B38,ICE,petrol,18,148.0,100.0,1505.0,
2024,MINI,COOPER D ALL4 COUNTRYMAN,ICE,diesel,4,144.0,110.0,1645.0,
2024,MINI,COOPER D CLUBMAN F54 B47,ICE,diesel,2,131.0,110.0,1545.0,
2024,MINI,COOPER D COUNTRYMAN F60 B,ICE,diesel,1,138.0,110.0,1585.0,
2024,MINI,COOPER E,BEV,electric,36,0.0,55.0,1615.0,141.0
2024,MINI,COOPER E J01 HC0,BEV,electric,64,0.0,55.0,1615.0,141.0
2024,MINI,COOPER F55 B38,ICE,petrol,25,127.0,100.0,1300.0,
2024,MINI,COOPER F56 B38,ICE,petrol,46,126.0,100.0,1244.0,
2024,MINI,COOPER F57 B38,ICE,petrol,108,136.0,100.0,1356.0,
2024,MINI,COOPER S,ICE,petrol,33,142.0,150.0,1360.0,
2024,MINI,COOPER S ALL4 COUNTRYMAN,ICE,petrol,4,164.0,131.0,1645.0,
2024,MINI,COOPER S CLUBMAN F54 B48,ICE,petrol,11,146.0,131.0,1490.0,
2024,MINI,COOPER S F55 B48,ICE,petrol,11,140.0,131.0,1355.0,
2024,MINI,COOPER S F56 B48,ICE,petrol,11,137.0,131.0,1300.0,
2024,MINI,COOPER S F57 B48,ICE,petrol,70,144.0,131.0,1400.0,
2024,MINI,COOPER S F66 B48,ICE,petrol,67,142.0,150.0,1360.0,
2024,MINI,COOPER SD ALL4 COUNTRYMAN,ICE,diesel,1,146.0,140.0,1675.0,
2024,MINI,COOPER SE,BEV,electric,52,0.0,65.0,1680.0,146.0
2024,MINI,COOPER SE ALL4 COUNTRYMAN,PHEV,petrol/electric,8,42.0,92.0,1790.0,155.0
2024,MINI,COOPER SE BEV F56 IB1,BEV,electric,28,0.0,75.0,1440.0,155.0
2024,MINI,COOPER SE CABRIO F57 IB1,BEV,electric,1,0.0,75.0,1540.0,172.0
2024,MINI,COOPER SE J01 HC0,BEV,electric,145,0.0,65.0,1680.0,146.0
2024,MINI,COUNTRYMAN C,HEV,petrol,47,136.0,115.0,1620.0,
2024,MINI,COUNTRYMAN C U25 B38,HEV,petrol,168,141.0,115.0,1620.0,
2024,MINI,COUNTRYMAN D,HEV,diesel,22,124.0,110.0,1695.0,
2024,MINI,COUNTRYMAN D U25 B47,HEV,diesel,27,124.0,110.0,1695.0,
2024,MINI,COUNTRYMAN E,BEV,electric,36,0.0,68.0,1940.0,165.0
2024,MINI,COUNTRYMAN E U25 HB0,BEV,electric,65,0.0,68.0,1940.0,165.0
2024,MINI,COUNTRYMAN JCW ALL4,ICE,petrol,6,184.0,221.0,1735.0,
2024,MINI,COUNTRYMAN JCW ALL4 U25 B,ICE,petrol,47,180.0,221.0,1735.0,
2024,MINI,COUNTRYMAN S ALL4,HEV,petrol,22,154.0,150.0,1715.0,
2024,MINI,COUNTRYMAN S ALL4 U25 B48,HEV,petrol,36,153.0,150.0,1715.0,
2024,MINI,COUNTRYMAN SE ALL4,BEV,electric,62,0.0,104.0,2075.0,180.0
2024,MINI,COUNTRYMAN SE ALL4 U25 XE,BEV,electric,85,0.0,104.0,2075.0,180.0
2024,MINI,JCW ALL4 COUNTRYMAN F60 B,ICE,petrol,5,185.0,225.0,1680.0,
2024,MINI,JOHN COOPER WORKS ALL4 F5,ICE,petrol,9,173.0,225.0,1630.0,
2024,MINI,JOHN COOPER WORKS F56 B48,ICE,petrol,21,152.0,170.0,1350.0,
2024,MINI,JOHN COOPER WORKS F57 B48,ICE,petrol,45,158.0,170.0,1450.0,
2024,MINI,S 5-TURER,ICE,petrol,23,144.0,150.0,1430.0,
2024,MITSUBISHI,ASX,HEV,petrol,573,123.0,92.0,1367.0,
2024,MITSUBISHI,ASX,ICE,petrol,345,130.0,67.0,1290.0,
2024,MITSUBISHI,ASX,PHEV,petrol/electric,23,30.0,68.0,1631.0,133.0
2024,MITSUBISHI,COLT,HEV,petrol,195,95.0,69.0,1354.0,
2024,MITSUBISHI,COLT,ICE,petrol,753,117.0,58.0,1155.0,
2024,MITSUBISHI,ECLIPSE CROSS,PHEV,petrol/electric,510,46.0,70.0,1975.0,175.0
2024,MITSUBISHI,SPACE STAR,ICE,petrol,1761,114.0,52.0,953.0,
2024,NIO,EL6,BEV,electric,2,0.0,100.0,2398.0,213.0
2024,NIO,ET7,BEV,electric,1,0.0,480.0,2454.0,505.0
2024,NISSAN,ARIYA,BEV,electric,208,0.0,210.0,2197.0,193.0
2024,NISSAN,JUKE,HEV,petrol,158,109.0,69.0,1403.0,
2024,NISSAN,JUKE,ICE,petrol,449,134.0,84.0,1274.0,
2024,NISSAN,LEAF 62KWH,BEV,electric,19,0.0,160.0,1756.0,178.0
2024,NISSAN,PRIMASTAR,ICE,diesel,57,184.0,109.0,2063.0,
2024,NISSAN,QASHQAI,HEV,petrol,1370,141.0,114.0,1537.0,
2024,NISSAN,TOWNSTAR,BEV,electric,31,0.0,90.0,1872.0,200.0
2024,NISSAN,TOWNSTAR,ICE,petrol,237,155.0,96.0,1600.0,
2024,NISSAN,X-TRAIL,HEV,petrol,270,147.0,116.0,1859.0,
2024,OPEL,ASTRA,ICE,diesel,10,128.0,96.0,1438.0,
2024,OPEL,ASTRA,BEV,electric,22,0.0,62.0,1736.0,148.0
2024,OPEL,ASTRA,HEV,petrol,15,109.0,100.0,1454.0,
2024,OPEL,ASTRA,ICE,petrol,264,126.0,89.0,1348.0,
2024,OPEL,ASTRA,PHEV,petrol/electric,28,24.0,113.0,1681.0,146.0
2024,OPEL,ASTRA SPORTS TOURER,ICE,diesel,106,131.0,96.0,1482.0,
2024,OPEL,ASTRA SPORTS TOURER,BEV,electric,72,0.0,62.0,1760.0,151.0
2024,OPEL,ASTRA SPORTS TOURER,HEV,petrol,42,112.0,100.0,1502.0,
2024,OPEL,ASTRA SPORTS TOURER,ICE,petrol,532,129.0,89.0,1399.0,
2024,OPEL,ASTRA SPORTS TOURER,PHEV,petrol/electric,26,26.0,116.0,1725.0,154.0
2024,OPEL,COMBO LIFE,ICE,diesel,92,147.0,93.0,1589.0,
2024,OPEL,COMBO LIFE,ICE,petrol,61,146.0,81.0,1488.0,
2024,OPEL,COMBO-E LIFE,BEV,electric,51,0.0,58.0,1809.0,194.0
2024,OPEL,CORSA,BEV,electric,194,0.0,57.0,1543.0,156.0
2024,OPEL,CORSA,HEV,petrol,114,102.0,76.0,1267.0,
2024,OPEL,CORSA,ICE,petrol,2129,121.0,74.0,1170.0,
2024,OPEL,CORSA RALLY 4,ICE,petrol,1,,153.0,1155.0,
2024,OPEL,CROSSLAND,ICE,diesel,4,127.0,81.0,1312.0,
2024,OPEL,CROSSLAND,ICE,petrol,486,135.0,84.0,1295.0,
2024,OPEL,GRANDLAND,ICE,diesel,118,141.0,96.0,1523.0,
2024,OPEL,GRANDLAND,BEV,electric,4,0.0,104.0,2207.0,172.0
2024,OPEL,GRANDLAND,HEV,petrol,61,124.0,100.0,1675.0,
2024,OPEL,GRANDLAND,ICE,petrol,435,133.0,97.0,1493.0,
2024,OPEL,GRANDLAND,PHEV,petrol/electric,29,32.0,128.0,1826.0,172.0
2024,OPEL,MOKKA,ICE,diesel,2,118.0,81.0,1295.0,
2024,OPEL,MOKKA,BEV,electric,45,0.0,57.0,1598.0,158.0
2024,OPEL,MOKKA,HEV,petrol,6,109.0,100.0,1364.0,
2024,OPEL,MOKKA,ICE,petrol,686,130.0,85.0,1280.0,
2024,OPEL,VIVARO,ICE,diesel,137,191.0,130.0,1972.0,
2024,OPEL,VIVARO,BEV,electric,24,0.0,100.0,2178.0,262.0
2024,OPEL,ZAFIRA LIFE,ICE,diesel,84,193.0,130.0,2042.0,
2024,OPEL,ZAFIRA LIFE,BEV,electric,8,0.0,100.0,2160.0,266.0
2024,PEUGEOT,2008,ICE,diesel,132,131.0,96.0,1345.0,
2024,PEUGEOT,2008,BEV,electric,121,0.0,61.0,1623.0,154.0
2024,PEUGEOT,2008,HEV,petrol,210,111.0,100.0,1372.0,
2024,PEUGEOT,2008,ICE,petrol,1372,129.0,82.0,1269.0,
2024,PEUGEOT,208,ICE,diesel,2,112.0,75.0,1165.0,
2024,PEUGEOT,208,BEV,electric,134,0.0,58.0,1530.0,151.0
2024,PEUGEOT,208,HEV,petrol,285,102.0,76.0,1295.0,
2024,PEUGEOT,208,ICE,petrol,813,117.0,67.0,1146.0,
2024,PEUGEOT,3008,ICE,diesel,214,144.0,96.0,1504.0,
2024,PEUGEOT,3008,BEV,electric,233,0.0,104.0,2183.0,172.0
2024,PEUGEOT,3008,HEV,petrol,635,125.0,100.0,1647.0,
2024,PEUGEOT,3008,ICE,petrol,116,128.0,99.0,1533.0,
2024,PEUGEOT,3008,PHEV,petrol/electric,65,28.0,142.0,1891.0,168.0
2024,PEUGEOT,308,ICE,diesel,838,130.0,96.0,1458.0,
2024,PEUGEOT,308,BEV,electric,59,0.0,62.0,1779.0,151.0
2024,PEUGEOT,308,HEV,petrol,215,111.0,100.0,1487.0,
2024,PEUGEOT,308,ICE,petrol,393,129.0,96.0,1382.0,
2024,PEUGEOT,308,PHEV,petrol/electric,32,27.0,114.0,1724.0,157.0
2024,PEUGEOT,408,ICE,petrol,294,129.0,97.0,1490.0,
2024,PEUGEOT,408,PHEV,petrol/electric,57,31.0,121.0,1776.0,164.0
2024,PEUGEOT,5008,ICE,diesel,324,146.0,96.0,1611.0,
2024,PEUGEOT,5008,BEV,electric,62,0.0,104.0,2293.0,181.0
2024,PEUGEOT,5008,HEV,petrol,145,131.0,100.0,1773.0,
2024,PEUGEOT,5008,ICE,petrol,184,131.0,99.0,1609.0,
2024,PEUGEOT,508,ICE,diesel,265,134.0,96.0,1576.0,
2024,PEUGEOT,508,PHEV,petrol/electric,51,32.0,135.0,1859.0,164.0
2024,PEUGEOT,E-RIFTER,BEV,electric,23,0.0,60.0,1861.0,193.0
2024,PEUGEOT,EXPERT,ICE,diesel,58,191.0,130.0,1967.0,
2024,PEUGEOT,EXPERT,BEV,electric,8,0.0,100.0,2180.0,249.0
2024,PEUGEOT,RIFTER,ICE,diesel,194,149.0,92.0,1610.0,
2024,PEUGEOT,RIFTER,ICE,petrol,36,146.0,81.0,1473.0,
2024,PEUGEOT,TRAVELLER,ICE,diesel,213,192.0,130.0,2021.0,
2024,PEUGEOT,TRAVELLER,BEV,electric,13,0.0,100.0,2284.0,262.0
2024,POLESTAR,2,BEV,electric,418,0.0,272.0,2137.0,161.0
2024,POLESTAR,3,BEV,electric,75,0.0,365.0,2660.0,208.0
2024,POLESTAR,4,BEV,electric,210,0.0,318.0,2378.0,190.0
2024,PORSCHE,718 BOXSTER,ICE,petrol,25,203.0,220.0,1438.0,
2024,PORSCHE,718 BOXSTER GTS,ICE,petrol,23,232.0,294.0,1506.0,
2024,PORSCHE,718 BOXSTER S,ICE,petrol,4,219.0,257.0,1460.0,
2024,PORSCHE,718 CAYMAN,ICE,petrol,18,202.0,220.0,1440.0,
2024,PORSCHE,718 CAYMAN GT4 RS,ICE,petrol,16,297.0,368.0,1490.0,
2024,PORSCHE,718 CAYMAN GTS,ICE,petrol,16,234.0,294.0,1502.0,
2024,PORSCHE,718 CAYMAN S,ICE,petrol,12,218.0,257.0,1457.0,
2024,PORSCHE,718 SPYDER RS,ICE,petrol,40,291.0,368.0,1485.0,
2024,PORSCHE,911 CARRERA,ICE,petrol,66,234.0,288.0,1629.0,
2024,PORSCHE,911 CARRERA 4,ICE,petrol,20,237.0,283.0,1668.0,
2024,PORSCHE,911 CARRERA 4 GTS,ICE,petrol,34,247.0,353.0,1691.0,
2024,PORSCHE,911 CARRERA 4S,ICE,petrol,14,243.0,331.0,1665.0,
2024,PORSCHE,911 CARRERA GTS,ICE,petrol,14,246.0,353.0,1638.0,
2024,PORSCHE,911 CARRERA S,ICE,petrol,13,242.0,331.0,1622.0,
2024,PORSCHE,911 CARRERA T,ICE,petrol,11,235.0,283.0,1576.0,
2024,PORSCHE,911 DAKAR,ICE,petrol,16,256.0,353.0,1680.0,
2024,PORSCHE,911 GT3,ICE,petrol,39,293.0,375.0,1506.0,
2024,PORSCHE,911 GT3 RS,ICE,petrol,29,300.0,386.0,1525.0,
2024,PORSCHE,911 S/T,ICE,petrol,18,313.0,386.0,1455.0,
2024,PORSCHE,911 SPORT CLASSIC,ICE,petrol,1,285.0,405.0,1645.0,
2024,PORSCHE,911 TARGA 4,ICE,petrol,14,239.0,283.0,1740.0,
2024,PORSCHE,911 TARGA 4 GTS,ICE,petrol,18,251.0,353.0,1763.0,
2024,PORSCHE,911 TARGA 4S,ICE,petrol,14,245.0,331.0,1750.0,
2024,PORSCHE,911 TURBO,ICE,petrol,8,273.0,427.0,1732.0,
2024,PORSCHE,911 TURBO 50,ICE,petrol,1,278.0,478.0,1715.0,
2024,PORSCHE,911 TURBO S,ICE,petrol,38,274.0,483.0,1751.0,
2024,PORSCHE,CAYENNE,ICE,petrol,3,255.0,260.0,2130.0,
2024,PORSCHE,CAYENNE E-HYBRID,PHEV,petrol/electric,440,35.0,224.0,2515.0,292.0
2024,PORSCHE,CAYENNE GTS,ICE,petrol,2,293.0,368.0,2295.0,
2024,PORSCHE,CAYENNE S,ICE,petrol,1,287.0,349.0,2235.0,
2024,PORSCHE,CAYENNE S E-HYBRID,PHEV,petrol/electric,100,35.0,260.0,2501.0,302.0
2024,PORSCHE,CAYENNE TURBO E-HYBRID,PHEV,petrol/electric,143,41.0,441.0,2619.0,304.0
2024,PORSCHE,CAYENNE TURBO S E-HYBRID,PHEV,petrol/electric,1,88.0,404.0,2565.0,254.0
2024,PORSCHE,MACAN,BEV,electric,1,0.0,120.0,2295.0,169.0
2024,PORSCHE,MACAN,ICE,petrol,70,229.0,195.0,1920.0,
2024,PORSCHE,MACAN 4,BEV,electric,118,0.0,145.0,2405.0,190.0
2024,PORSCHE,MACAN 4S,BEV,electric,23,0.0,145.0,2420.0,187.0
2024,PORSCHE,MACAN GTS,ICE,petrol,25,256.0,324.0,2035.0,
2024,PORSCHE,MACAN S,ICE,petrol,26,250.0,280.0,2005.0,
2024,PORSCHE,MACAN T,ICE,petrol,38,229.0,195.0,1940.0,
2024,PORSCHE,MACAN TURBO,BEV,electric,61,0.0,145.0,2480.0,196.0
2024,PORSCHE,PANAMERA,ICE,petrol,1,226.0,260.0,1960.0,
2024,PORSCHE,PANAMERA 4,ICE,petrol,4,236.0,260.0,1995.0,
2024,PORSCHE,PANAMERA 4 E-HYBRID,PHEV,petrol/electric,40,29.0,226.0,2303.0,259.0
2024,PORSCHE,PANAMERA 4S E-HYBRID,PHEV,petrol/electric,16,27.0,260.0,2330.0,269.0
2024,PORSCHE,PANAMERA TURBO E-HYBRID,PHEV,petrol/electric,15,29.0,382.0,2435.0,282.0
2024,PORSCHE,PANAMERA TURBO S E-HYBRID,PHEV,petrol/electric,7,41.0,435.0,2440.0,265.0
2024,PORSCHE,TAYCAN,BEV,electric,15,0.0,140.0,2231.0,187.0
2024,PORSCHE,TAYCAN 4,BEV,electric,22,0.0,159.0,2350.0,199.0
2024,PORSCHE,TAYCAN 4S,BEV,electric,46,0.0,158.0,2334.0,196.0
2024,PORSCHE,TAYCAN GTS,BEV,electric,5,0.0,142.0,2385.0,225.0
2024,PORSCHE,TAYCAN TURBO,BEV,electric,11,0.0,163.0,2373.0,190.0
2024,PORSCHE,TAYCAN TURBO GT,BEV,electric,3,0.0,164.0,2341.0,209.0
2024,PORSCHE,TAYCAN TURBO S,BEV,electric,9,0.0,156.0,2385.0,206.0
2024,RENAULT,5 E-TECH ELECTRIC,BEV,electric,230,0.0,110.0,1524.0,151.0
2024,RENAULT,ARKANA,HEV,petrol,471,122.0,83.0,1454.0,
2024,RENAULT,AUSTRAL,HEV,petrol,764,119.0,90.0,1571.0,
2024,RENAULT,CAPTUR,HEV,petrol,561,116.0,70.0,1410.0,
2024,RENAULT,CAPTUR,ICE,petrol,759,133.0,67.0,1293.0,
2024,RENAULT,CLIO,ICE,diesel,13,109.0,74.0,1248.0,
2024,RENAULT,CLIO,HEV,petrol,271,96.0,51.0,1345.0,
2024,RENAULT,CLIO,ICE,petrol,1568,119.0,63.0,1170.0,
2024,RENAULT,ESPACE,HEV,petrol,341,107.0,75.0,1740.0,
2024,RENAULT,KANGOO,ICE,diesel,206,143.0,75.0,1739.0,
2024,RENAULT,KANGOO,ICE,petrol,386,157.0,93.0,1639.0,
2024,RENAULT,KANGOO E-TECH ELECTRIC,BEV,electric,69,0.0,90.0,1870.0,200.0
2024,RENAULT,KOLEOS,ICE,diesel,1,178.0,135.0,1848.0,
2024,RENAULT,MASTER,ICE,diesel,12,280.0,108.0,2361.0,
2024,RENAULT,MEGANE,ICE,diesel,95,121.0,85.0,1491.0,
2024,RENAULT,MEGANE,ICE,petrol,44,145.0,127.0,1409.0,
2024,RENAULT,MEGANE,PHEV,petrol/electric,1,28.0,74.0,1605.0,148.0
2024,RENAULT,MEGANE E-TECH ELECTRIC,BEV,electric,318,0.0,150.0,1712.0,158.0
2024,RENAULT,RAFALE,HEV,petrol,183,106.0,75.0,1734.0,
2024,RENAULT,RAFALE,PHEV,petrol/electric,39,14.0,175.0,2009.0,238.0
2024,RENAULT,SCENIC,ICE,petrol,11,151.0,104.0,1568.0,
2024,RENAULT,SCENIC E-TECH ELECTRIC,BEV,electric,524,0.0,158.0,1912.0,174.0
2024,RENAULT,SYMBIOZ,HEV,petrol,265,105.0,51.0,1498.0,
2024,RENAULT,TRAFIC,ICE,diesel,269,187.0,113.0,2121.0,
2024,RENAULT,TWINGO,BEV,electric,35,0.0,60.0,1206.0,156.0
2024,RENAULT,ZOE,BEV,electric,40,0.0,83.0,1577.0,171.0
2024,ROLLS-ROYCE,CULLINAN,ICE,petrol,1,372.0,420.0,2765.0,
2024,ROLLS-ROYCE,CULLINAN BLACK BADGE,ICE,petrol,1,377.0,441.0,2785.0,
2024,ROLLS-ROYCE,SPECTRE,BEV,electric,3,0.0,135.0,2965.0,234.0
2024,SEAT,ARONA,ICE,petrol,2361,126.0,77.0,1206.0,
2024,SEAT,ATECA,ICE,diesel,855,148.0,105.0,1576.0,
2024,SEAT,ATECA,ICE,petrol,1524,141.0,93.0,1371.0,
2024,SEAT,IBIZA,ICE,petrol,4719,120.0,69.0,1139.0,
2024,SEAT,LEON,ICE,diesel,96,116.0,89.0,1424.0,
2024,SEAT,LEON,HEV,petrol,98,127.0,82.0,1338.0,
2024,SEAT,LEON,ICE,petrol,348,127.0,84.0,1320.0,
2024,SEAT,LEON E-HYBRID150,PHEV,petrol/electric,2,26.0,110.0,1621.0,147.0
2024,SEAT,LEON SP,ICE,diesel,741,121.0,94.0,1488.0,
2024,SEAT,LEON SP,HEV,petrol,70,130.0,89.0,1399.0,
2024,SEAT,LEON SP,ICE,petrol,529,129.0,84.0,1368.0,
2024,SEAT,LEON SP E-HYBRID150,PHEV,petrol/electric,15,21.0,110.0,1677.0,151.0
2024,SEAT,TARRACO,ICE,diesel,273,168.0,135.0,1776.0,
2024,SEAT,TARRACO,ICE,petrol,462,168.0,124.0,1669.0,
2024,SEAT,TARRACO,PHEV,petrol/electric,158,35.0,110.0,1868.0,174.0
2024,SERES,3,BEV,electric,1,0.0,62.0,1765.0,177.0
2024,SKODA,ENYAQ 50,BEV,electric,3,0.0,70.0,1941.0,158.0
2024,SKODA,ENYAQ 60,BEV,electric,56,0.0,70.0,1992.0,163.0
2024,SKODA,ENYAQ 80,BEV,electric,91,0.0,70.0,2129.0,161.0
2024,SKODA,ENYAQ 80X,BEV,electric,84,0.0,77.0,2205.0,171.0
2024,SKODA,ENYAQ 85,BEV,electric,933,0.0,89.0,2134.0,154.0
2024,SKODA,ENYAQ 85X,BEV,electric,937,0.0,77.0,2216.0,163.0
2024,SKODA,ENYAQ RS,BEV,electric,199,0.0,77.0,2247.0,164.0
2024,SKODA,FABIA,ICE,petrol,3878,117.0,66.0,1151.0,
2024,SKODA,KAMIQ,ICE,petrol,2583,127.0,82.0,1241.0,
2024,SKODA,KAROQ,ICE,diesel,1755,142.0,102.0,1559.0,
2024,SKODA,KAROQ,ICE,petrol,1940,142.0,108.0,1417.0,
2024,SKODA,KODIAQ,ICE,diesel,1520,160.0,131.0,1784.0,
2024,SKODA,KODIAQ,HEV,petrol,135,141.0,110.0,1685.0,
2024,SKODA,KODIAQ,ICE,petrol,149,170.0,127.0,1664.0,
2024,SKODA,KODIAQ,PHEV,petrol/electric,192,10.0,110.0,1914.0,180.0
2024,SKODA,OCTAVIA,ICE,diesel,5691,122.0,104.0,1485.0,
2024,SKODA,OCTAVIA,HEV,petrol,873,118.0,102.0,1396.0,
2024,SKODA,OCTAVIA,ICE,petrol,826,123.0,89.0,1354.0,
2024,SKODA,OCTAVIA,PHEV,petrol/electric,8,24.0,110.0,1652.0,146.0
2024,SKODA,OCTAVIA RS,ICE,diesel,239,147.0,147.0,1599.0,
2024,SKODA,OCTAVIA RS,ICE,petrol,194,159.0,192.0,1533.0,
2024,SKODA,OCTAVIA RS,PHEV,petrol/electric,3,29.0,110.0,1703.0,152.0
2024,SKODA,OCTAVIA SCOUT,ICE,diesel,19,143.0,113.0,1621.0,
2024,SKODA,OCTAVIA SCOUT,ICE,petrol,3,167.0,140.0,1590.0,
2024,SKODA,SCALA,ICE,petrol,1836,122.0,82.0,1222.0,
2024,SKODA,SUPERB,ICE,diesel,910,146.0,127.0,1693.0,
2024,SKODA,SUPERB,HEV,petrol,314,125.0,110.0,1573.0,
2024,SKODA,SUPERB,ICE,petrol,13,167.0,152.0,1607.0,
2024,SKODA,SUPERB,PHEV,petrol/electric,84,10.0,110.0,1841.0,162.0
2024,SKYWELL,BE11,BEV,electric,32,0.0,65.0,1980.0,194.0
2024,SMART,#1,BEV,electric,234,0.0,266.0,1929.0,177.0
2024,SMART,#3,BEV,electric,228,0.0,266.0,1939.0,171.0
2024,SMART,EQ FORTWO CABRIO,BEV,electric,9,0.0,41.0,1125.0,166.0
2024,SMART,EQ FORTWO COUPE,BEV,electric,10,0.0,41.0,1095.0,164.0
2024,SSANGYONG,KG MOBILITY KORANDO,ICE,petrol,30,184.0,120.0,1554.0,
2024,SSANGYONG,KG MOBILITY REXTON,ICE,diesel,18,210.0,149.0,2148.0,
2024,SSANGYONG,KG MOBILITY TIVOLI,ICE,petrol,30,164.0,108.0,1385.0,
2024,SSANGYONG,KG MOBILITY TIVOLI GRAND,ICE,petrol,28,173.0,120.0,1422.0,
2024,SSANGYONG,KG MOBILITY TORRES,ICE,petrol,14,199.0,120.0,1648.0,
2024,SSANGYONG,KG MOBILITY XLV OR KG MOBILITY,ICE,petrol,1,163.0,120.0,1405.0,
2024,SSANGYONG,KORANDO,ICE,petrol,6,183.0,120.0,1550.0,
2024,SSANGYONG,KORANDO E-MOTION,BEV,electric,5,0.0,140.0,1840.0,194.0
2024,SSANGYONG,KORANDO E-MOTION OR KORANDO EV,BEV,electric,18,0.0,152.0,1840.0,181.0
2024,SSANGYONG,REXTON,ICE,diesel,2,213.0,149.0,2162.0,
2024,SSANGYONG,TIVOLI,ICE,petrol,7,167.0,120.0,1382.0,
2024,SSANGYONG,TIVOLI GRAND,ICE,petrol,8,171.8,120.0,1420.0,
2024,SSANGYONG,TORRES,ICE,petrol,7,195.0,120.0,1615.0,
2024,SSANGYONG,TORRES EVX,BEV,electric,57,0.0,152.0,1990.0,187.0
2024,SSANGYONG,XLV OD. SSANGYONG TI,ICE,petrol,1,175.0,120.0,1425.0,
2024,SSANGYONG,XLV SSANGYONG TIVOL,ICE,petrol,1,175.0,120.0,1425.0,
2024,SUBARU,BRZ,ICE,petrol,3,200.0,172.0,1350.0,
2024,SUBARU,CROSSTREK,HEV,petrol,71,174.0,100.0,1696.0,
2024,SUBARU,FORESTER,HEV,petrol,31,185.0,110.0,1744.0,
2024,SUBARU,OUTBACK,ICE,petrol,47,193.0,124.0,1731.0,
2024,SUBARU,SOLTERRA,BEV,electric,66,0.0,160.0,2102.0,173.0
2024,SUBARU,XV,HEV,petrol,21,180.0,110.0,1628.0,
2024,SUBARU,XV,ICE,petrol,26,180.0,84.0,1502.0,
2024,SUZUKI,ACROSS,PHEV,petrol/electric,56,22.0,136.0,2009.0,168.0
2024,SUZUKI,IGNIS,HEV,petrol,1259,119.0,61.0,977.0,
2024,SUZUKI,S-CROSS,HEV,petrol,387,129.0,90.0,1370.0,
2024,SUZUKI,SWACE,HEV,petrol,148,102.0,72.0,1475.0,
2024,SUZUKI,SWIFT,HEV,petrol,1780,106.0,61.0,1020.0,
2024,SUZUKI,SX4,HEV,petrol,1029,129.0,88.0,1371.0,
2024,SUZUKI,SX4 S-CROSS,HEV,petrol,3,128.0,95.0,1333.0,
2024,SUZUKI,SX4 SUZUKI SX4 S-CROSS,HEV,petrol,3,132.0,95.0,1360.0,
2024,SUZUKI,VITARA,HEV,petrol,1409,129.0,89.0,1337.0,
2024,SWM,G03F,ICE,petrol,1,181.0,81.0,1475.0,
2024,TESLA,MODEL 3,BEV,electric,2078,0.0,129.0,1874.0,139.0
2024,TESLA,MODEL S,BEV,electric,70,0.0,281.0,2214.0,180.0
2024,TESLA,MODEL X,BEV,electric,60,0.0,258.0,2471.0,196.0
2024,TESLA,MODEL Y,BEV,electric,5468,0.0,170.0,2041.0,166.0
2024,TOYOTA,AYGO X,ICE,petrol,536,109.0,53.0,1027.0,
2024,TOYOTA,BZ4X,BEV,electric,77,0.0,98.0,2054.0,167.0
2024,TOYOTA,C-HR,HEV,petrol,972,110.0,88.0,1533.0,
2024,TOYOTA,C-HR,PHEV,petrol/electric,96,19.0,111.0,1727.0,152.0
2024,TOYOTA,CAMRY,HEV,petrol,103,124.0,131.0,1670.0,
2024,TOYOTA,COROLLA,HEV,petrol,2496,109.0,85.0,1490.0,
2024,TOYOTA,COROLLA,ICE,petrol,1,134.0,92.0,1370.0,
2024,TOYOTA,GR 86,ICE,petrol,31,199.0,172.0,1352.0,
2024,TOYOTA,GR YARIS,ICE,petrol,122,200.0,201.0,1363.0,
2024,TOYOTA,GR YARIS 16,ICE,petrol,1,186.0,192.0,1355.0,
2024,TOYOTA,HIGHLANDER,HEV,petrol,118,158.0,140.0,2128.0,
2024,TOYOTA,LAND CRUISER,ICE,diesel,197,278.0,151.0,2422.0,
2024,TOYOTA,LAND CRUISER (150 SERIES),ICE,diesel,63,250.0,150.0,2233.0,
2024,TOYOTA,MIRAI,ICE,hydrogen,1,0.0,134.0,1975.0,
2024,TOYOTA,PRIUS PHEV,PHEV,petrol/electric,59,15.0,111.0,1628.0,126.0
2024,TOYOTA,PROACE,ICE,diesel,348,195.0,111.0,1928.0,
2024,TOYOTA,PROACE,BEV,electric,13,0.0,100.0,2142.0,264.0
2024,TOYOTA,PROACE CITY VERSO,ICE,diesel,241,145.0,84.0,1573.0,
2024,TOYOTA,PROACE CITY VERSO,ICE,petrol,57,144.0,81.0,1452.0,
2024,TOYOTA,PROACE CITY VERSO ELECTRIC,BEV,electric,20,0.0,100.0,1817.0,203.0
2024,TOYOTA,RAV4,HEV,petrol,1345,129.0,131.0,1690.0,
2024,TOYOTA,RAV4,PHEV,petrol/electric,196,22.0,136.0,1994.0,169.0
2024,TOYOTA,SIENNA XLE HYBRID,HEV,petrol,1,179.0,139.0,2165.0,
2024,TOYOTA,SUPRA,ICE,petrol,12,189.0,240.0,1567.0,
2024,TOYOTA,YARIS,HEV,petrol,1309,92.0,68.0,1181.0,
2024,TOYOTA,YARIS,ICE,petrol,226,125.0,57.0,1045.0,
2024,TOYOTA,YARIS CROSS,HEV,petrol,2421,104.0,68.0,1289.0,
2024,TOYOTA,YARIS CROSS,ICE,petrol,58,133.0,92.0,1189.0,
2024,VOLKSWAGEN,ARTEON,ICE,diesel,7,142.0,125.0,1695.0,
2024,VOLKSWAGEN,ARTEON,ICE,petrol,1,200.0,235.0,1783.0,
2024,VOLKSWAGEN,ARTEON,PHEV,petrol/electric,1,31.0,115.0,1813.0,160.0
2024,VOLKSWAGEN,CADDY,ICE,diesel,2152,137.0,82.0,1664.0,
2024,VOLKSWAGEN,CADDY,ICE,petrol,514,150.0,84.0,1571.0,
2024,VOLKSWAGEN,CADDY,PHEV,petrol/electric,11,10.0,85.0,1833.0,185.0
2024,VOLKSWAGEN,CALIFORNIA,ICE,diesel,2,178.0,110.0,2269.0,
2024,VOLKSWAGEN,CALIFORNIA BEACH,ICE,diesel,162,217.0,117.0,2446.0,
2024,VOLKSWAGEN,CRAFTER,ICE,diesel,2,241.0,116.0,2780.0,
2024,VOLKSWAGEN,CRAFTER,BEV,electric,1,0.0,100.0,2995.0,297.0
2024,VOLKSWAGEN,GOLF,ICE,diesel,3445,119.0,90.0,1449.0,
2024,VOLKSWAGEN,GOLF,ICE,ng,6,112.0,96.0,1448.0,
2024,VOLKSWAGEN,GOLF,HEV,petrol,1040,123.0,90.0,1378.0,
2024,VOLKSWAGEN,GOLF,ICE,petrol,4073,127.0,87.0,1288.0,
2024,VOLKSWAGEN,GOLF,PHEV,petrol/electric,92,9.0,111.0,1639.0,148.0
2024,VOLKSWAGEN,GOLF GTE,PHEV,petrol/electric,3,27.0,110.0,1627.0,149.0
2024,VOLKSWAGEN,ID. BUZZ GTX LR 250 KW,BEV,electric,11,0.0,90.0,2814.0,
2024,VOLKSWAGEN,ID. BUZZ PRO 150 KW,BEV,electric,121,0.0,70.0,2460.0,210.0
2024,VOLKSWAGEN,ID. BUZZ PRO KR 210 KW,BEV,electric,9,0.0,89.0,2498.0,192.0
2024,VOLKSWAGEN,ID. BUZZ PRO LR 210 KW,BEV,electric,35,0.0,89.0,2705.0,
2024,VOLKSWAGEN,ID.3 GTX 210 KW,BEV,electric,4,0.0,89.0,1985.0,149.0
2024,VOLKSWAGEN,ID.3 PRO 150 KW,BEV,electric,180,0.0,70.0,1820.0,150.0
2024,VOLKSWAGEN,ID.3 PRO PERF. 170 KW,BEV,electric,56,0.0,70.0,1815.0,154.0
2024,VOLKSWAGEN,ID.3 PRO S 150 KW,BEV,electric,222,0.0,70.0,1944.0,153.0
2024,VOLKSWAGEN,ID.3 PRO S PERF. 170 KW,BEV,electric,115,0.0,70.0,1961.0,158.0
2024,VOLKSWAGEN,ID.3 PURE 125 KW,BEV,electric,8,0.0,70.0,1787.0,153.0
2024,VOLKSWAGEN,ID.4 GTX 220 KW,BEV,electric,24,0.0,77.0,2238.0,179.0
2024,VOLKSWAGEN,ID.4 GTX 250KW,BEV,electric,144,0.0,77.0,2257.0,173.0
2024,VOLKSWAGEN,ID.4 PRO 128 KW,BEV,electric,48,0.0,70.0,2123.0,167.0
2024,VOLKSWAGEN,ID.4 PRO 150 KW,BEV,electric,67,0.0,70.0,2119.0,171.0
2024,VOLKSWAGEN,ID.4 PRO 210KW,BEV,electric,721,0.0,89.0,2152.0,164.0
2024,VOLKSWAGEN,ID.4 PRO 4MOTION 195 KW,BEV,electric,28,0.0,77.0,2219.0,177.0
2024,VOLKSWAGEN,ID.4 PRO 4MOTION 210KW,BEV,electric,501,0.0,77.0,2237.0,170.0
2024,VOLKSWAGEN,ID.4 PURE 125KW,BEV,electric,15,0.0,70.0,1980.0,167.0
2024,VOLKSWAGEN,ID.5 GTX 220 KW,BEV,electric,17,0.0,77.0,2243.0,176.0
2024,VOLKSWAGEN,ID.5 GTX 250KW,BEV,electric,63,0.0,77.0,2242.0,169.0
2024,VOLKSWAGEN,ID.5 PRO 128 KW,BEV,electric,18,0.0,70.0,2114.0,166.0
2024,VOLKSWAGEN,ID.5 PRO 150 KW,BEV,electric,109,0.0,70.0,2117.0,168.0
2024,VOLKSWAGEN,ID.5 PRO 210KW,BEV,electric,71,0.0,89.0,2139.0,161.0
2024,VOLKSWAGEN,ID.7 GTX,BEV,electric,8,0.0,90.0,2328.0,168.0
2024,VOLKSWAGEN,ID.7 PRO,BEV,electric,23,0.0,89.0,2184.0,145.0
2024,VOLKSWAGEN,ID.7 PRO 210KW,BEV,electric,189,0.0,89.0,2172.0,148.0
2024,VOLKSWAGEN,ID.7 PRO S,BEV,electric,16,0.0,89.0,2230.0,144.0
2024,VOLKSWAGEN,ID.7 TOURER GTX,BEV,electric,99,0.0,90.0,2339.0,172.0
2024,VOLKSWAGEN,ID.7 TOURER PRO,BEV,electric,289,0.0,89.0,2195.0,150.0
2024,VOLKSWAGEN,ID.7 TOURER PRO S,BEV,electric,102,0.0,89.0,2239.0,147.0
2024,VOLKSWAGEN,KOMBI,ICE,diesel,1695,206.0,108.0,2026.0,
2024,VOLKSWAGEN,MULTIVAN,ICE,diesel,880,177.0,114.0,2108.0,
2024,VOLKSWAGEN,MULTIVAN,ICE,petrol,79,194.0,131.0,2028.0,
2024,VOLKSWAGEN,MULTIVAN,PHEV,petrol/electric,547,41.0,110.0,2167.0,173.0
2024,VOLKSWAGEN,PASSAT,ICE,diesel,1284,133.0,111.0,1640.0,
2024,VOLKSWAGEN,PASSAT,HEV,petrol,464,127.0,110.0,1572.0,
2024,VOLKSWAGEN,PASSAT,ICE,petrol,4,148.0,110.0,1471.0,
2024,VOLKSWAGEN,PASSAT,PHEV,petrol/electric,76,10.0,113.0,1845.0,164.0
2024,VOLKSWAGEN,POLO,ICE,ng,1,100.0,66.0,1296.0,
2024,VOLKSWAGEN,POLO,ICE,petrol,3249,123.0,63.0,1152.0,
2024,VOLKSWAGEN,T-CROSS,ICE,petrol,2503,130.0,76.0,1269.0,
2024,VOLKSWAGEN,T-ROC,ICE,diesel,548,132.0,96.0,1460.0,
2024,VOLKSWAGEN,T-ROC,ICE,petrol,1639,136.0,95.0,1334.0,
2024,VOLKSWAGEN,TAIGO,ICE,petrol,1601,126.0,76.0,1236.0,
2024,VOLKSWAGEN,TIGUAN,ICE,diesel,2813,162.0,122.0,1724.0,
2024,VOLKSWAGEN,TIGUAN,HEV,petrol,1195,145.0,104.0,1614.0,
2024,VOLKSWAGEN,TIGUAN,ICE,petrol,413,169.0,122.0,1624.0,
2024,VOLKSWAGEN,TIGUAN,PHEV,petrol/electric,95,16.0,114.0,1851.0,175.0
2024,VOLKSWAGEN,TOUAREG,ICE,diesel,167,218.0,201.0,2119.0,
2024,VOLKSWAGEN,TOUAREG EHYBRID,PHEV,petrol/electric,60,51.0,250.0,2442.0,238.0
2024,VOLKSWAGEN,TOUAREG R,PHEV,petrol/electric,228,55.0,250.0,2477.0,246.0
2024,VOLKSWAGEN,TOURAN,ICE,diesel,1147,138.0,104.0,1625.0,
2024,VOLKSWAGEN,TOURAN,ICE,petrol,280,148.0,110.0,1537.0,
2024,VOLKSWAGEN,TRANSPORTER,ICE,diesel,1,223.0,110.0,2515.0,
2024,VOLKSWAGEN,UP!,BEV,electric,3,0.0,61.0,1248.0,147.0
2024,VOLKSWAGEN,UP!,ICE,petrol,55,114.0,48.0,991.0,
2024,VOLVO,C40,BEV,electric,193,0.0,245.0,2139.0,171.0
2024,VOLVO,EC40,BEV,electric,37,0.0,256.0,2145.0,170.0
2024,VOLVO,EX30,BEV,electric,1112,0.0,236.0,1884.0,171.0
2024,VOLVO,EX40,BEV,electric,206,0.0,241.0,2119.0,174.0
2024,VOLVO,EX90,BEV,electric,26,0.0,367.0,2780.0,209.0
2024,VOLVO,S60,HEV,petrol,14,143.0,147.0,1723.0,
2024,VOLVO,S60,PHEV,petrol/electric,30,16.0,228.0,2039.0,164.0
2024,VOLVO,S90,HEV,diesel,1,162.0,173.0,1912.0,
2024,VOLVO,S90,PHEV,petrol/electric,8,18.0,228.0,2119.0,175.0
2024,VOLVO,V60,HEV,diesel,23,146.0,145.0,1803.0,
2024,VOLVO,V60,HEV,petrol,186,143.0,140.0,1734.0,
2024,VOLVO,V60,PHEV,petrol/electric,140,17.0,193.0,2064.0,166.0
2024,VOLVO,V60 CROSS COUNTRY,HEV,diesel,15,157.0,145.0,1924.0,
2024,VOLVO,V60 CROSS COUNTRY,HEV,petrol,4,170.0,184.0,1886.0,
2024,VOLVO,V90,HEV,diesel,8,154.0,145.0,1894.0,
2024,VOLVO,V90,HEV,petrol,3,165.0,145.0,1831.0,
2024,VOLVO,V90,PHEV,petrol/electric,32,19.0,196.0,2075.0,179.0
2024,VOLVO,V90 CROSS COUNTRY,HEV,diesel,11,169.0,145.0,1982.0,
2024,VOLVO,V90 CROSS COUNTRY,HEV,petrol,4,182.0,184.0,1930.0,
2024,VOLVO,XC40,BEV,electric,312,0.0,244.0,2122.0,174.0
2024,VOLVO,XC40,HEV,petrol,362,151.0,121.0,1688.0,
2024,VOLVO,XC40,ICE,petrol,244,166.0,95.0,1625.0,
2024,VOLVO,XC40,PHEV,petrol/electric,11,48.0,108.0,1812.0,154.0
2024,VOLVO,XC60,HEV,diesel,120,168.0,145.0,1963.0,
2024,VOLVO,XC60,HEV,petrol,132,180.0,173.0,1892.0,
2024,VOLVO,XC60,PHEV,petrol/electric,846,24.0,191.0,2150.0,188.0
2024,VOLVO,XC60 - USA,HEV,petrol,1,,184.0,1965.0,
2024,VOLVO,XC90,HEV,diesel,105,186.0,173.0,2170.0,
2024,VOLVO,XC90,HEV,petrol,5,196.0,184.0,2080.0,
2024,VOLVO,XC90,PHEV,petrol/electric,414,31.0,228.0,2297.0,201.0
2024,XPENG,G9,BEV,electric,1,0.0,100.0,2435.0,213.0
2025,AION,V,BEV,electric,6,0.0,45.0,1951.0,167.0
2025,ALFA ROMEO,ALFA GIULIA,ICE,diesel,21,140.0,136.0,1606.0,
2025,ALFA ROMEO,ALFA GIULIA,ICE,petrol,56,191.0,237.0,1640.0,
2025,ALFA ROMEO,ALFA STELVIO,ICE,diesel,96,162.0,152.0,1817.0,
2025,ALFA ROMEO,ALFA STELVIO,ICE,petrol,57,200.0,215.0,1763.0,
2025,ALFA ROMEO,ALFA TONALE,ICE,diesel,14,140.0,96.0,1655.0,
2025,ALFA ROMEO,ALFA TONALE,HEV,petrol,124,130.0,116.0,1600.0,
2025,ALFA ROMEO,ALFA TONALE,PHEV,petrol/electric,73,43.0,126.0,1910.0,173.0
2025,ALFA ROMEO,JUNIOR,BEV,electric,156,0.0,85.0,1644.0,161.0
2025,ALFA ROMEO,JUNIOR,HEV,petrol,925,110.0,100.0,1410.0,
2025,ALPINA,BMW ALPINA B3 GT TOURING,ICE,petrol,7,241.0,389.0,1945.0,
2025,ALPINA,BMW ALPINA B3 LIMOUSINE,ICE,petrol,2,229.0,364.0,1875.0,
2025,ALPINA,BMW ALPINA B3 TOURING,ICE,petrol,1,229.0,364.0,1955.0,
2025,ALPINA,BMW ALPINA B4 GT,ICE,petrol,1,241.0,389.0,1965.0,
2025,ALPINA,BMW ALPINA D3S TOURING,HEV,diesel,2,185.0,261.0,2020.0,
2025,ALPINA,BMW ALPINA D4S GRAN COUPE,HEV,diesel,2,185.0,261.0,2020.0,
2025,ALPINA,BMW ALPINA XB7,HEV,petrol,2,289.0,457.0,2730.0,
2025,ALPINA,BMW ALPINA XD3,ICE,diesel,2,224.0,290.0,2145.0,
2025,ALPINE,A110,ICE,petrol,17,156.0,216.0,1179.0,
2025,ALPINE,A110R,ICE,petrol,6,155.0,221.0,1162.0,
2025,ALPINE,A290,BEV,electric,142,0.0,78.0,1554.0,164.0
2025,ASTON MARTIN,DB12,ICE,petrol,4,276.0,500.0,1895.0,
2025,ASTON MARTIN,DB12 VOLANTE,ICE,petrol,4,276.0,500.0,2005.0,
2025,ASTON MARTIN,DBS 770 ULTIMATE,ICE,petrol,1,314.0,566.0,1920.0,
2025,ASTON MARTIN,DBX,ICE,petrol,1,323.0,405.0,2320.0,
2025,ASTON MARTIN,DBX S,ICE,petrol,1,323.0,535.0,2320.0,
2025,ASTON MARTIN,DBX707,ICE,petrol,20,323.0,520.0,2320.0,
2025,ASTON MARTIN,V12 VANTAGE,ICE,petrol,1,315.0,515.0,1870.0,
2025,ASTON MARTIN,VANQUISH,ICE,petrol,4,312.0,614.0,1985.0,
2025,ASTON MARTIN,VANTAGE,ICE,petrol,11,273.0,478.0,1814.0,
2025,ASTON MARTIN,VANTAGE F1 EDITION,ICE,petrol,1,264.0,394.0,1760.0,
2025,ASTON MARTIN,VANTAGE ROADSTER,ICE,petrol,1,279.0,489.0,1880.0,
2025,AUDI,A1 ALLSTREET,ICE,petrol,143,135.0,86.0,1245.0,
2025,AUDI,A1 SPORTBACK,ICE,petrol,683,126.0,78.0,1197.0,
2025,AUDI,A3 ALLSTREET,ICE,diesel,14,134.0,110.0,1510.0,
2025,AUDI,A3 ALLSTREET,HEV,petrol,59,127.0,110.0,1425.0,
2025,AUDI,A3 ALLSTREET,ICE,petrol,9,133.0,110.0,1395.0,
2025,AUDI,A3 ALLSTREET PHEV 150,PHEV,petrol/electric,17,8.0,110.0,1685.0,155.0
2025,AUDI,A3 LIMOUSINE,ICE,diesel,23,121.0,94.0,1451.0,
2025,AUDI,A3 LIMOUSINE,HEV,petrol,52,121.0,97.0,1395.0,
2025,AUDI,A3 LIMOUSINE,ICE,petrol,29,126.0,95.0,1367.0,
2025,AUDI,A3 SPORTBACK,ICE,diesel,320,122.0,93.0,1448.0,
2025,AUDI,A3 SPORTBACK,HEV,petrol,702,122.0,90.0,1392.0,
2025,AUDI,A3 SPORTBACK,ICE,petrol,422,128.0,87.0,1363.0,
2025,AUDI,A3 SPORTBACK PHEV 150,PHEV,petrol/electric,32,7.0,110.0,1675.0,151.0
2025,AUDI,A3 SPORTBACK PHEV 200,PHEV,petrol/electric,195,8.0,130.0,1685.0,162.0
2025,AUDI,A4 ALLROAD QUATTRO,HEV,diesel,1,150.0,150.0,1720.0,
2025,AUDI,A4 AVANT,HEV,diesel,49,137.0,122.0,1633.0,
2025,AUDI,A4 AVANT,HEV,petrol,9,158.0,114.0,1603.0,
2025,AUDI,A4 LIMOUSINE,HEV,diesel,1,124.0,100.0,1550.0,
2025,AUDI,A5 AVANT,HEV,diesel,628,138.0,150.0,1962.0,
2025,AUDI,A5 AVANT,ICE,petrol,245,158.0,119.0,1795.0,
2025,AUDI,A5 AVANT 220KW TFSI E,PHEV,petrol/electric,115,56.0,185.0,2160.0,155.0
2025,AUDI,A5 AVANT 270KW TFSI E,PHEV,petrol/electric,133,58.0,185.0,2185.0,155.0
2025,AUDI,A5 CABRIOLET,HEV,petrol,2,174.0,172.0,1787.0,
2025,AUDI,A5 LIM 220KW TFSI E,PHEV,petrol/electric,26,55.0,185.0,2145.0,153.0
2025,AUDI,A5 LIM 270KW TFSI E,PHEV,petrol/electric,18,54.0,185.0,2170.0,154.0
2025,AUDI,A5 LIMOUSINE,HEV,diesel,201,135.0,150.0,1941.0,
2025,AUDI,A5 LIMOUSINE,ICE,petrol,161,157.0,121.0,1780.0,
2025,AUDI,A5 SPORTBACK,HEV,diesel,10,144.0,132.0,1642.0,
2025,AUDI,A5 SPORTBACK,HEV,petrol,2,160.0,130.0,1587.0,
2025,AUDI,A6 55 TFSI E,PHEV,petrol/electric,13,29.0,195.0,2085.0,196.0
2025,AUDI,A6 ALLROAD QUATTRO,HEV,diesel,25,180.0,207.0,2028.0,
2025,AUDI,A6 AV E-TRON,BEV,electric,130,0.0,100.0,2185.0,153.0
2025,AUDI,A6 AV E-TRON PERFORMANCE,BEV,electric,18,0.0,120.0,2260.0,157.0
2025,AUDI,A6 AV E-TRON QUATTRO,BEV,electric,546,0.0,138.0,2370.0,167.0
2025,AUDI,A6 AVANT,HEV,diesel,279,149.8,152.2,2011.0,
2025,AUDI,A6 AVANT,HEV,petrol,42,171.0,270.0,2075.0,
2025,AUDI,A6 AVANT,ICE,petrol,11,169.0,150.0,1865.0,
2025,AUDI,A6 AVANT 220KW TFSI E,PHEV,petrol/electric,116,58.0,185.0,2225.0,157.0
2025,AUDI,A6 AVANT 270KW TFSI E,PHEV,petrol/electric,119,62.0,185.0,2240.0,160.0
2025,AUDI,A6 AVANT 50 TFSI E,PHEV,petrol/electric,8,35.0,195.0,2150.0,211.0
2025,AUDI,A6 AVANT 55 TFSI E,PHEV,petrol/electric,72,35.0,195.0,2150.0,210.0
2025,AUDI,A6 LIM 220KW TFSI E,PHEV,petrol/electric,11,55.0,185.0,2205.0,155.0
2025,AUDI,A6 LIM 270KW TFSI E,PHEV,petrol/electric,7,58.0,185.0,2220.0,157.0
2025,AUDI,A6 LIMOUSINE,HEV,diesel,115,155.8,166.3,1947.0,
2025,AUDI,A6 LIMOUSINE,HEV,petrol,5,166.0,270.0,2055.0,
2025,AUDI,A6 LIMOUSINE,ICE,petrol,1,161.0,150.0,1845.0,
2025,AUDI,A6 SB E-TRON,BEV,electric,70,0.0,100.0,2175.0,144.0
2025,AUDI,A6 SB E-TRON PERFORMANCE,BEV,electric,15,0.0,120.0,2250.0,146.0
2025,AUDI,A6 SB E-TRON QUATTRO,BEV,electric,177,0.0,138.0,2360.0,157.0
2025,AUDI,A7 50 TFSI E,PHEV,petrol/electric,2,35.0,195.0,2140.0,210.0
2025,AUDI,A7 55 TFSI E,PHEV,petrol/electric,2,32.0,195.0,2140.0,201.0
2025,AUDI,A7 SPORTBACK,HEV,diesel,3,174.0,190.0,1916.0,
2025,AUDI,A8,HEV,diesel,26,193.0,210.0,2123.0,
2025,AUDI,A8,HEV,petrol,4,221.0,250.0,2055.0,
2025,AUDI,A8,PHEV,petrol/electric,85,212.0,250.0,2398.0,229.0
2025,AUDI,E-TRON GT,BEV,electric,3,0.0,155.0,2353.0,190.0
2025,AUDI,Q2,ICE,diesel,85,145.0,101.0,1520.0,
2025,AUDI,Q2,ICE,petrol,499,139.0,94.0,1349.0,
2025,AUDI,Q3,ICE,diesel,221,154.0,119.0,1695.0,
2025,AUDI,Q3,HEV,petrol,56,143.0,110.0,1659.0,
2025,AUDI,Q3,ICE,petrol,322,159.0,117.0,1593.0,
2025,AUDI,Q3 200KW TFSI E,PHEV,petrol/electric,44,44.0,130.0,1900.0,145.0
2025,AUDI,Q3 SB 200KW TFSI E,PHEV,petrol/electric,6,45.0,130.0,1900.0,145.0
2025,AUDI,Q3 SPORTBACK,ICE,diesel,275,161.0,123.0,1697.0,
2025,AUDI,Q3 SPORTBACK,HEV,petrol,4,146.0,110.0,1666.0,
2025,AUDI,Q3 SPORTBACK,ICE,petrol,338,162.0,118.0,1595.0,
2025,AUDI,Q3 SPORTBACK E-TRON,PHEV,petrol/electric,5,36.0,110.0,1815.0,176.0
2025,AUDI,Q4 35 E-TRON,BEV,electric,20,0.0,70.0,1990.0,174.0
2025,AUDI,Q4 40 E-TRON,BEV,electric,38,0.0,70.0,2035.0,169.0
2025,AUDI,Q4 45 E-TRON,BEV,electric,581,0.0,82.0,2192.0,170.0
2025,AUDI,Q4 50 E-TRON,BEV,electric,1,0.0,77.0,2210.0,186.0
2025,AUDI,Q4 55 E-TRON,BEV,electric,70,0.0,77.0,2235.0,176.0
2025,AUDI,Q4 SPORTBACK 35 E-TRON,BEV,electric,3,0.0,70.0,1990.0,169.0
2025,AUDI,Q4 SPORTBACK 40 E-TRON,BEV,electric,5,0.0,70.0,2035.0,164.0
2025,AUDI,Q4 SPORTBACK 45 E-TRON,BEV,electric,170,0.0,82.0,2195.0,165.0
2025,AUDI,Q4 SPORTBACK 50 E-TRON,BEV,electric,1,0.0,77.0,2215.0,174.0
2025,AUDI,Q4 SPORTBACK 55 E-TRON,BEV,electric,18,0.0,77.0,2235.0,172.0
2025,AUDI,Q5,HEV,diesel,638,166.0,149.5,2023.0,
2025,AUDI,Q5,HEV,petrol,103,165.3,150.4,1957.0,
2025,AUDI,Q5 220KW TFSI E,PHEV,petrol/electric,47,64.0,185.0,2225.0,161.0
2025,AUDI,Q5 270KW TFSI E,PHEV,petrol/electric,40,69.0,185.0,2245.0,165.0
2025,AUDI,Q5 50 TFSI E,PHEV,petrol/electric,26,38.0,195.0,2150.0,226.0
2025,AUDI,Q5 55 TFSI E,PHEV,petrol/electric,9,40.0,195.0,2150.0,229.0
2025,AUDI,Q5 SB,HEV,diesel,327,167.0,150.0,2045.0,
2025,AUDI,Q5 SB,HEV,petrol,32,166.0,150.0,1970.0,
2025,AUDI,Q5 SB 220KW TFSI E,PHEV,petrol/electric,32,66.0,185.0,2225.0,162.0
2025,AUDI,Q5 SB 270KW TFSI E,PHEV,petrol/electric,46,68.0,185.0,2245.0,165.0
2025,AUDI,Q5 SPORTBACK,HEV,diesel,30,174.0,146.0,1890.0,
2025,AUDI,Q5 SPORTBACK,HEV,petrol,1,196.0,195.0,1850.0,
2025,AUDI,Q5 SPORTBACK 50 TFSI E,PHEV,petrol/electric,14,40.0,195.0,2150.0,231.0
2025,AUDI,Q5 SPORTBACK 55 TFSI E,PHEV,petrol/electric,14,40.0,195.0,2150.0,231.0
2025,AUDI,Q6 SB E-TRON,BEV,electric,24,0.0,100.0,2200.0,161.0
2025,AUDI,Q6 SB E-TRON PERFORMANCE,BEV,electric,40,0.0,120.0,2275.0,170.0
2025,AUDI,Q6 SB E-TRON QUATTRO,BEV,electric,149,0.0,120.0,2400.0,180.0
2025,AUDI,Q6 SUV E-TRON,BEV,electric,234,0.0,100.0,2200.0,166.0
2025,AUDI,Q6 SUV E-TRON PERFORMANCE,BEV,electric,324,0.0,120.0,2275.0,173.0
2025,AUDI,Q6 SUV E-TRON QUATTRO,BEV,electric,1060,0.0,120.0,2400.0,182.0
2025,AUDI,Q7,HEV,diesel,380,214.0,207.0,2235.0,
2025,AUDI,Q7,HEV,petrol,7,238.0,250.0,2164.0,
2025,AUDI,Q7 55 TFSI E,PHEV,petrol/electric,90,30.0,250.0,2460.0,285.0
2025,AUDI,Q7 60 TFSI E,PHEV,petrol/electric,158,31.0,250.0,2460.0,285.0
2025,AUDI,Q8,HEV,diesel,1130,224.0,208.0,2235.0,
2025,AUDI,Q8,HEV,petrol,27,249.0,250.0,2175.0,
2025,AUDI,Q8 50 E-TRON,BEV,electric,5,0.0,158.0,2585.0,216.0
2025,AUDI,Q8 55 E-TRON,BEV,electric,7,0.0,158.0,2585.0,217.0
2025,AUDI,Q8 55 TFSI E,PHEV,petrol/electric,240,34.0,250.0,2490.0,295.0
2025,AUDI,Q8 60 TFSI E,PHEV,petrol/electric,413,35.0,250.0,2490.0,297.0
2025,AUDI,Q8 E-TRON DAKAR,BEV,electric,1,0.0,158.0,2665.0,
2025,AUDI,Q8 SPORTBACK 50 E-TRON,BEV,electric,3,0.0,158.0,2585.0,214.0
2025,AUDI,Q8 SPORTBACK 55 E-TRON,BEV,electric,7,0.0,158.0,2585.0,220.0
2025,AUDI,R8 COUPE,ICE,petrol,1,340.0,456.0,1645.0,
2025,AUDI,R8 SPYDER,ICE,petrol,1,316.0,456.0,1770.0,
2025,AUDI,RS 3 LIMOUSINE,ICE,petrol,43,209.0,295.0,1640.0,
2025,AUDI,RS 3 SPORTBACK,ICE,petrol,455,212.0,294.0,1640.0,
2025,AUDI,RS 4 AVANT,ICE,petrol,13,224.0,333.0,1820.0,
2025,AUDI,RS 5 SPORTBACK,ICE,petrol,5,221.0,346.0,1810.0,
2025,AUDI,RS 6 AVANT,HEV,petrol,218,281.0,461.0,2151.0,
2025,AUDI,RS 6 GT AVANT,HEV,petrol,2,279.0,463.0,2150.0,
2025,AUDI,RS 7 SPORTBACK,HEV,petrol,1,278.0,463.0,2140.0,
2025,AUDI,RS E-TRON GT,BEV,electric,4,0.0,163.0,2395.0,199.0
2025,AUDI,RS E-TRON GT PERFORMANCE,BEV,electric,10,0.0,163.0,2395.0,200.0
2025,AUDI,RS Q3 SPORTBACK,ICE,petrol,2,228.0,294.0,1775.0,
2025,AUDI,RS Q8,HEV,petrol,320,302.0,468.0,2353.0,
2025,AUDI,S E-TRON GT,BEV,electric,19,0.0,163.0,2385.0,191.0
2025,AUDI,S3 LIMOUSINE,ICE,petrol,5,187.0,245.0,1610.0,
2025,AUDI,S3 SPORTBACK,ICE,petrol,24,192.0,245.0,1610.0,
2025,AUDI,S5 AVANT,HEV,petrol,140,179.0,270.0,2040.0,
2025,AUDI,S5 LIMOUSINE,HEV,petrol,24,175.0,270.0,2025.0,
2025,AUDI,S5 SPORTBACK,HEV,diesel,1,192.0,251.0,1895.0,
2025,AUDI,S6 AV E-TRON,BEV,electric,143,0.0,138.0,2410.0,171.0
2025,AUDI,S6 AVANT,HEV,diesel,47,191.0,253.0,2095.0,
2025,AUDI,S6 LIMOUSINE,HEV,diesel,3,184.0,253.0,2030.0,
2025,AUDI,S6 SB E-TRON,BEV,electric,22,0.0,138.0,2400.0,164.0
2025,AUDI,S7 SPORTBACK,HEV,diesel,4,190.0,253.0,2085.0,
2025,AUDI,S8,HEV,petrol,14,262.0,420.0,2295.0,
2025,AUDI,SQ2,ICE,petrol,3,188.0,221.0,1610.0,
2025,AUDI,SQ5,HEV,diesel,5,218.0,251.0,2085.0,
2025,AUDI,SQ5,HEV,petrol,114,191.0,270.0,2115.0,
2025,AUDI,SQ5 SB,HEV,petrol,50,191.0,270.0,2115.0,
2025,AUDI,SQ5 SPORTBACK,HEV,diesel,7,218.0,251.0,2085.0,
2025,AUDI,SQ6 SB E-TRON,BEV,electric,28,0.0,120.0,2425.0,177.0
2025,AUDI,SQ6 SUV E-TRON,BEV,electric,73,0.0,120.0,2425.0,182.0
2025,AUDI,SQ7,ICE,petrol,57,280.0,373.0,2329.0,
2025,AUDI,SQ8,ICE,petrol,86,284.0,374.0,2315.0,
2025,AUDI,SQ8 E-TRON,BEV,electric,2,0.0,226.0,2725.0,285.0
2025,AUDI,SQ8 SPORTBACK E-TRON,BEV,electric,2,0.0,226.0,2725.0,273.0
2025,AUDI,TT COUPE,ICE,petrol,3,174.0,168.0,1425.0,
2025,BAIC,BJ30,HEV,petrol,20,155.0,113.0,1845.0,
2025,BAIC,X55,ICE,petrol,3,179.0,130.0,,
2025,BENTLEY,BENTAYGA AZURE V8,ICE,petrol,2,296.0,404.0,2487.0,
2025,BENTLEY,BENTAYGA EXTENDED WHEELBASE AZ,ICE,petrol,1,296.0,404.0,2576.0,
2025,BENTLEY,BENTAYGA S HYBRID,PHEV,petrol/electric,3,255.0,250.0,2585.0,274.0
2025,BENTLEY,BENTAYGA SPEED,ICE,petrol,1,298.0,478.0,2541.0,
2025,BENTLEY,CONTINENTAL GT,PHEV,petrol/electric,4,77.0,382.0,2534.0,217.0
2025,BENTLEY,CONTINENTAL GT AZURE,PHEV,petrol/electric,2,93.0,382.0,2534.0,198.0
2025,BENTLEY,CONTINENTAL GT MULLINER,PHEV,petrol/electric,3,50.0,441.0,2534.0,250.0
2025,BENTLEY,CONTINENTAL GT SPEED,PHEV,petrol/electric,17,44.0,441.0,2534.0,258.0
2025,BENTLEY,CONTINENTAL GTC,PHEV,petrol/electric,2,64.0,382.0,2711.0,239.0
2025,BENTLEY,CONTINENTAL GTC AZURE,PHEV,petrol/electric,1,98.0,382.0,2711.0,199.0
2025,BENTLEY,CONTINENTAL GTC MULLINER,PHEV,petrol/electric,1,31.0,441.0,2711.0,279.0
2025,BENTLEY,CONTINENTAL GTC SPEED,PHEV,petrol/electric,14,45.0,441.0,2711.0,261.0
2025,BENTLEY,FLYING SPUR AZURE,PHEV,petrol/electric,1,100.0,382.0,2718.0,199.0
2025,BENTLEY,FLYING SPUR SPEED,PHEV,petrol/electric,2,33.0,441.0,2721.0,279.0
2025,BMW,,HEV,diesel,4,186.0,250.0,2070.0,
2025,BMW,,ICE,petrol,5,200.0,257.0,1867.0,
2025,BMW,116 5-TURER,ICE,petrol,433,135.0,90.0,1465.0,
2025,BMW,116D 5-TURER F40 B37,ICE,diesel,2,123.0,85.0,1455.0,
2025,BMW,118D 5-TURER F70 B47,ICE,diesel,249,123.0,110.0,1540.0,
2025,BMW,120 5-TURER F70 B38,HEV,petrol,186,123.0,115.0,1500.0,
2025,BMW,120D 5-TURER F70 B47,HEV,diesel,162,115.0,110.0,1570.0,
2025,BMW,123 XDRIVE 5-TURER,HEV,petrol,71,139.0,150.0,1605.0,
2025,BMW,216 GRAN COUPE,ICE,petrol,32,134.0,90.0,1495.0,
2025,BMW,216I ACTIVE TOURER,HEV,petrol,1,137.0,90.0,1595.0,
2025,BMW,216I ACTIVE TOURER U06 B38,ICE,petrol,61,141.0,90.0,1545.0,
2025,BMW,218D ACTIVE TOURER U06 B47,ICE,diesel,148,127.0,110.0,1620.0,
2025,BMW,218D GRAN COUPE F74 B47,ICE,diesel,56,122.0,110.0,1565.0,
2025,BMW,218I ACTIVE TOURER U06 B38,ICE,petrol,62,141.0,100.0,1545.0,
2025,BMW,218I COUPE G42 B48,ICE,petrol,7,149.0,115.0,1560.0,
2025,BMW,218I GRAN COUPE F44 B38,ICE,petrol,6,131.0,100.0,1433.0,
2025,BMW,220 GRAN COUPE F74 B38,HEV,petrol,80,122.0,115.0,1525.0,
2025,BMW,220D ACTIVE TOURER U06 B47,HEV,diesel,38,118.0,110.0,1640.0,
2025,BMW,220D COUPE G42 B47,HEV,diesel,10,133.0,140.0,1655.0,
2025,BMW,220D GRAN COUPE F74 B47,HEV,diesel,89,113.0,110.0,1600.0,
2025,BMW,220I ACTIVE TOURER U06 B38,HEV,petrol,16,130.0,115.0,1595.0,
2025,BMW,220I COUPE G42 B48,ICE,petrol,5,148.0,135.0,1565.0,
2025,BMW,223 XDRIVE GRAN COUPE,HEV,petrol,15,134.0,150.0,1640.0,
2025,BMW,223D XDRIVE ACTIVE TOURER U06,HEV,diesel,3,125.0,145.0,1730.0,
2025,BMW,223I ACTIVE TOURER U06 B48,HEV,petrol,2,134.0,150.0,1620.0,
2025,BMW,223I XDRIVE ACTIVE TOURER U06,HEV,petrol,8,141.0,150.0,1690.0,
2025,BMW,225E XDRIVE ACTIVE TOURER U06,PHEV,petrol/electric,82,22.0,100.0,1900.0,160.0
2025,BMW,230E XDRIVE ACTIVE TOURER U06,PHEV,petrol/electric,20,20.0,110.0,1920.0,165.0
2025,BMW,230I COUPE G42 B48,ICE,petrol,7,154.0,180.0,1600.0,
2025,BMW,318D LIMOUSINE MX G20 B47,HEV,diesel,45,131.0,110.0,1660.0,
2025,BMW,318D TOURING G21 B47,HEV,diesel,106,136.0,110.0,1735.0,
2025,BMW,318I LIMOUSINE MX G20 B48,ICE,petrol,24,146.0,115.0,1575.0,
2025,BMW,318I TOURING G21 B48,ICE,petrol,16,153.0,115.0,1650.0,
2025,BMW,320D LIMOUSINE MX G20 B47,HEV,diesel,18,133.0,140.0,1670.0,
2025,BMW,320D TOURING G21 B47,HEV,diesel,19,137.0,140.0,1740.0,
2025,BMW,320D XDRIVE LIMOUSINE MX G20 B,HEV,diesel,38,142.0,140.0,1735.0,
2025,BMW,320D XDRIVE TOURING G21 B47,HEV,diesel,269,145.0,140.0,1800.0,
2025,BMW,320I LIMOUSINE MX G20 B48,ICE,petrol,5,151.0,135.0,1590.0,
2025,BMW,320I TOURING G21 B48,ICE,petrol,7,156.0,135.0,1660.0,
2025,BMW,320I XDRIVE LIMOUSINE MX G20 B,ICE,petrol,13,157.0,135.0,1655.0,
2025,BMW,330D XDRIVE LIMOUSINE MX G20 B,HEV,diesel,13,153.0,210.0,1835.0,
2025,BMW,330D XDRIVE TOURING G21 B57,HEV,diesel,37,158.0,210.0,1900.0,
2025,BMW,330E LIMOUSINE MX G20 XB1U,PHEV,petrol/electric,6,20.0,135.0,1910.0,212.0
2025,BMW,330E TOURING G21 XB1,PHEV,petrol/electric,31,23.0,135.0,1970.0,212.0
2025,BMW,330E XDRIVE LIMOUSINE MX G20 X,PHEV,petrol/electric,27,22.0,135.0,1960.0,226.0
2025,BMW,330E XDRIVE TOURING G21 XB1,PHEV,petrol/electric,172,27.0,135.0,2025.0,228.0
2025,BMW,330I XDRIVE LIMOUSINE MX G20 B,ICE,petrol,6,162.0,180.0,1670.0,
2025,BMW,330I XDRIVE TOURING G21 B48,ICE,petrol,6,168.0,180.0,1735.0,
2025,BMW,420D CABRIO G23 B47,HEV,diesel,19,142.0,140.0,1850.0,
2025,BMW,420D GRAN COUPE G26 B47,HEV,diesel,20,135.0,140.0,1780.0,
2025,BMW,420D XDRIVE COUPE G22 B47,HEV,diesel,11,143.0,140.0,1745.0,
2025,BMW,420D XDRIVE GRAN COUPE G26 B47,HEV,diesel,95,145.0,140.0,1835.0,
2025,BMW,420I CABRIO G23 B48,ICE,petrol,42,157.0,135.0,1765.0,
2025,BMW,420I COUPE G22 B48,ICE,petrol,10,147.0,135.0,1600.0,
2025,BMW,420I GRAN COUPE G26 B48,ICE,petrol,14,154.0,135.0,1695.0,
2025,BMW,430D CABRIO G23 B57,HEV,diesel,6,153.0,210.0,1960.0,
2025,BMW,430D XDRIVE COUPE G22 B57,HEV,diesel,5,148.0,210.0,1845.0,
2025,BMW,430D XDRIVE GRAN COUPE G26 B57,HEV,diesel,40,157.0,210.0,1920.0,
2025,BMW,430I XDRIVE CABRIO G23 B48,ICE,petrol,13,171.0,180.0,1840.0,
2025,BMW,430I XDRIVE COUPE G22 B48,ICE,petrol,9,162.0,180.0,1680.0,
2025,BMW,430I XDRIVE GRAN COUPE G26 B48,ICE,petrol,12,165.0,180.0,1775.0,
2025,BMW,520D LIMOUSINE G60 B47,HEV,diesel,27,137.0,145.0,1850.0,
2025,BMW,520D TOURING G61 B47,HEV,diesel,23,143.0,145.0,1910.0,
2025,BMW,520D XDRIVE LIMOUSINE G60 B47,HEV,diesel,91,147.0,145.0,1905.0,
2025,BMW,520D XDRIVE TOURING G61 B47,HEV,diesel,199,152.0,145.0,1970.0,
2025,BMW,520I LIMOUSINE G60 B48,HEV,petrol,21,133.0,140.0,1800.0,
2025,BMW,520I TOURING,HEV,petrol,3,140.0,140.0,1850.0,
2025,BMW,530E LIMOUSINE G60 XB1,PHEV,petrol/electric,16,16.0,140.0,2080.0,198.0
2025,BMW,530E TOURING G61 XB1,PHEV,petrol/electric,22,19.0,140.0,2140.0,209.0
2025,BMW,530E XDRIVE LIMOUSINE G60 XB1,PHEV,petrol/electric,57,23.0,140.0,2130.0,209.0
2025,BMW,530E XDRIVE TOURING G61 XB1,PHEV,petrol/electric,170,24.0,140.0,2195.0,217.0
2025,BMW,540D XDRIVE LIMOUSINE G60 B57,HEV,diesel,113,157.0,210.0,1980.0,
2025,BMW,540D XDRIVE TOURING G61 B57,HEV,diesel,196,162.0,210.0,2050.0,
2025,BMW,550E XDRIVE LIMOUSINE G60 XB1,PHEV,petrol/electric,89,25.0,230.0,2230.0,217.0
2025,BMW,550E XDRIVE TOURING,PHEV,petrol/electric,221,25.0,230.0,2285.0,227.0
2025,BMW,740D XDRIVE LIMOUSINE G70 B57,HEV,diesel,43,164.0,210.0,2255.0,
2025,BMW,750E XDRIVE LIMOUSINE G70 XB1,PHEV,petrol/electric,34,28.0,230.0,2455.0,237.0
2025,BMW,840D XDRIVE CABRIO G14 B57,HEV,diesel,3,185.0,250.0,2100.0,
2025,BMW,840D XDRIVE COUPE G15 B57,HEV,diesel,1,185.0,250.0,1990.0,
2025,BMW,840I CABRIO G14 B58,ICE,petrol,1,196.0,245.0,1915.0,
2025,BMW,840I XDRIVE CABRIO G14 B58,ICE,petrol,2,204.0,245.0,1990.0,
2025,BMW,I4 EDRIVE35 GRAN COUPE,BEV,electric,157,0.0,85.0,2070.0,153.0
2025,BMW,I4 EDRIVE35 GRAN COUPE G26 HA0,BEV,electric,303,0.0,80.0,2074.0,159.0
2025,BMW,I4 EDRIVE40 GRAN COUPE,BEV,electric,119,0.0,105.0,2120.0,157.0
2025,BMW,I4 EDRIVE40 GRAN COUPE G26 HA0,BEV,electric,305,0.0,105.0,2125.0,163.0
2025,BMW,I4 M50 XDRIVE GRAN COUPE G26 X,BEV,electric,184,0.0,125.0,2290.0,194.0
2025,BMW,I4 M60 XDRIVE GRAN COUPE,BEV,electric,76,0.0,145.0,2285.0,184.0
2025,BMW,I4 XDRIVE40 GRAN COUPE G26 XE2,BEV,electric,439,0.0,125.0,2260.0,177.0
2025,BMW,I5 EDRIVE40 LIMOUSINE,BEV,electric,48,0.0,105.0,2195.0,159.0
2025,BMW,I5 EDRIVE40 LIMOUSINE G60 HA0,BEV,electric,46,0.0,105.0,2205.0,168.0
2025,BMW,I5 EDRIVE40 TOURING,BEV,electric,235,0.0,105.0,2255.0,165.0
2025,BMW,I5 EDRIVE40 TOURING G61 HA0,BEV,electric,80,0.0,105.0,2255.0,173.0
2025,BMW,I5 M60 XDRIVE LIMOUSINE,BEV,electric,9,0.0,150.0,2370.0,184.0
2025,BMW,I5 M60 XDRIVE LIMOUSINE G60 XE,BEV,electric,14,0.0,127.0,2380.0,196.0
2025,BMW,I5 M60 XDRIVE TOURING,BEV,electric,24,0.0,150.0,2425.0,191.0
2025,BMW,I5 M60 XDRIVE TOURING G61 XE2,BEV,electric,18,0.0,127.0,2425.0,199.0
2025,BMW,I5 XDRIVE40 LIMOUSINE,BEV,electric,47,0.0,150.0,2345.0,172.0
2025,BMW,I5 XDRIVE40 LIMOUSINE G60 XE2,BEV,electric,43,0.0,127.0,2355.0,183.0
2025,BMW,I5 XDRIVE40 TOURING,BEV,electric,434,0.0,145.0,2396.0,179.0
2025,BMW,I7 EDRIVE50 LIMOUSINE G70 HA0,BEV,electric,3,0.0,125.0,2595.0,196.0
2025,BMW,I7 M70 XDRIVE LIMOUSINE G70 XE,BEV,electric,2,0.0,135.0,2770.0,214.0
2025,BMW,I7 XDRIVE60 G70 XE2,BEV,electric,11,0.0,135.0,2715.0,193.0
2025,BMW,IX M60 I20 XE2,BEV,electric,1,0.0,140.0,2670.0,227.0
2025,BMW,IX M70 XDRIVE I20,BEV,electric,16,0.0,150.0,2655.0,221.0
2025,BMW,IX XDRIVE40 I20 XE2,BEV,electric,30,0.0,102.0,2440.0,205.0
2025,BMW,IX XDRIVE45 I20,BEV,electric,299,0.0,135.0,2525.0,188.0
2025,BMW,IX XDRIVE50 I20 XE2,BEV,electric,30,0.0,140.0,2585.0,208.0
2025,BMW,IX XDRIVE60 I20,BEV,electric,111,0.0,150.0,2580.0,195.0
2025,BMW,IX1 EDRIVE20 U11 HB0,BEV,electric,1782,0.0,68.0,1940.0,160.0
2025,BMW,IX1 XDRIVE30 U11 XE2,BEV,electric,672,0.0,104.0,2085.0,174.0
2025,BMW,IX2 EDRIVE20 U10 HB0,BEV,electric,381,0.0,68.0,1960.0,161.0
2025,BMW,IX2 XDRIVE30 U10 XE2,BEV,electric,229,0.0,104.0,2095.0,172.0
2025,BMW,IX3 50 XDRIVE,BEV,electric,9,0.0,170.0,2360.0,167.0
2025,BMW,IX3 G08 HA0,BEV,electric,499,0.0,80.0,2270.0,178.0
2025,BMW,M135 5-TURER F70 B48,ICE,petrol,34,175.0,221.0,1625.0,
2025,BMW,M2 COUPE G87 S58,ICE,petrol,69,220.0,351.0,1802.0,
2025,BMW,M2 CS COUPE,ICE,petrol,2,226.0,390.0,1775.0,
2025,BMW,M235 XDRIVE GRAN COUPE F74 B48,ICE,petrol,10,173.0,221.0,1650.0,
2025,BMW,M240I XDRIVE COUPE G42 B58,ICE,petrol,12,188.0,275.0,1765.0,
2025,BMW,M3 COMPETITION LIMOUSINE G80 S,ICE,petrol,4,221.0,375.0,1805.0,
2025,BMW,M3 COMPETITION M XDRIVE G80 S5,ICE,petrol,2,230.0,375.0,1855.0,
2025,BMW,M3 COMPETITION M XDRIVE LIMOUS,ICE,petrol,59,228.0,390.0,1855.0,
2025,BMW,M3 COMPETITION M XDRIVE TOURIN,ICE,petrol,124,233.0,389.0,1940.0,
2025,BMW,M3 CS LIMOUSINE G80 S58,ICE,petrol,2,233.0,405.0,1840.0,
2025,BMW,M3 CS TOURING,ICE,petrol,36,238.0,405.0,1925.0,
2025,BMW,M3 LIMOUSINE G80 S58,ICE,petrol,3,228.0,353.0,1780.0,
2025,BMW,M340D XDRIVE LIMOUSINE MX G20,HEV,diesel,2,161.0,250.0,1875.0,
2025,BMW,M340D XDRIVE TOURING G21 B57,HEV,diesel,24,167.0,250.0,1945.0,
2025,BMW,M340I XDRIVE LIMOUSINE MX G20,HEV,petrol,10,184.0,275.0,1800.0,
2025,BMW,M340I XDRIVE TOURING,HEV,petrol,1,166.0,280.0,1905.0,
2025,BMW,M340I XDRIVE TOURING G21 B58,HEV,petrol,23,188.0,275.0,1870.0,
2025,BMW,M4 COMPETITION M XDRIVE G82 S5,ICE,petrol,40,227.0,388.0,1850.0,
2025,BMW,M4 COMPETITION M XDRIVE G83 S5,ICE,petrol,18,232.0,389.0,1999.0,
2025,BMW,M4 CS COUPE G82 S58,ICE,petrol,16,232.0,405.0,1835.0,
2025,BMW,M440D XDRIVE CABRIO G23 B57,HEV,diesel,3,173.0,250.0,2055.0,
2025,BMW,M440I XDRIVE CABRIO,HEV,petrol,2,166.0,280.0,2000.0,
2025,BMW,M440I XDRIVE CABRIO G23 B58,HEV,petrol,16,188.0,275.0,1965.0,
2025,BMW,M440I XDRIVE COUPE G22 B58,HEV,petrol,8,180.0,275.0,1810.0,
2025,BMW,M440I XDRIVE GRAN COUPE,HEV,petrol,5,167.0,280.0,1935.0,
2025,BMW,M440I XDRIVE GRAN COUPE G26 B5,HEV,petrol,18,191.0,275.0,1900.0,
2025,BMW,M5,PHEV,petrol/electric,1,38.0,430.0,2510.0,253.0
2025,BMW,M5 LIMOUSINE G90 XB1,PHEV,petrol/electric,121,39.0,430.0,2510.0,251.0
2025,BMW,M5 TOURING,PHEV,petrol/electric,168,45.0,430.0,2550.0,255.0
2025,BMW,M5 TOURING G99 XB1,PHEV,petrol/electric,28,106.0,430.0,2550.0,175.0
2025,BMW,M760E XDRIVE LIMOUSINE G70 XB1,PHEV,petrol/electric,36,29.0,268.0,2525.0,236.0
2025,BMW,M8 CABRIO F91 S63,ICE,petrol,1,264.0,460.0,2100.0,
2025,BMW,M8 COUPE F92 S63,ICE,petrol,3,259.0,460.0,1975.0,
2025,BMW,M850I XDRIVE CABRIO G14 N63,ICE,petrol,2,244.0,390.0,2135.0,
2025,BMW,M850I XDRIVE COUPE G15 N63,ICE,petrol,3,241.0,390.0,2015.0,
2025,BMW,MINI ONE,ICE,petrol,1,,75.0,1340.0,
2025,BMW,X1 M35I XDRIVE U11 B48,ICE,petrol,32,176.0,221.0,1740.0,
2025,BMW,X1 SDRIVE18D U11 B47,ICE,diesel,87,134.0,110.0,1650.0,
2025,BMW,X1 SDRIVE18I U11 B38,ICE,petrol,127,146.0,100.0,1575.0,
2025,BMW,X1 SDRIVE20D U11 B47,HEV,diesel,289,120.0,110.0,1685.0,
2025,BMW,X1 SDRIVE20I U11 B38,HEV,petrol,128,131.0,115.0,1625.0,
2025,BMW,X1 XDRIVE20D U11 B47,HEV,diesel,1120,128.0,110.0,1765.0,
2025,BMW,X1 XDRIVE23D U11 B47,HEV,diesel,139,128.0,145.0,1765.0,
2025,BMW,X1 XDRIVE23I U11 B48,HEV,petrol,102,147.0,150.0,1730.0,
2025,BMW,X1 XDRIVE25E,PHEV,petrol/electric,1,19.0,100.0,1930.0,173.0
2025,BMW,X1 XDRIVE25E U11 XB2,PHEV,petrol/electric,512,24.0,100.0,1930.0,167.0
2025,BMW,X1 XDRIVE30E,PHEV,petrol/electric,2,18.0,110.0,1935.0,175.0
2025,BMW,X1 XDRIVE30E U11 XB2,PHEV,petrol/electric,278,23.0,110.0,1935.0,172.0
2025,BMW,X2 IX2 EDRIVE20 U10 HB0,BEV,electric,6,0.0,68.0,1960.0,160.0
2025,BMW,X2 M35I XDRIVE U10 B48,ICE,petrol,68,179.0,221.0,1770.0,
2025,BMW,X2 SDRIVE18D U10 B47,ICE,diesel,49,136.0,110.0,1675.0,
2025,BMW,X2 SDRIVE20D U10 B47,HEV,diesel,59,121.0,110.0,1710.0,
2025,BMW,X2 SDRIVE20I U10 B38,HEV,petrol,76,132.0,115.0,1645.0,
2025,BMW,X2 XDRIVE20D U10 B47,HEV,diesel,346,129.0,110.0,1780.0,
2025,BMW,X3 20 XDRIVE G45 B48,HEV,petrol,51,159.0,140.0,1930.0,
2025,BMW,X3 20 XDRIVE G45 ZA,HEV,petrol,66,159.0,140.0,1930.0,
2025,BMW,X3 20D XDRIVE G45 B47,HEV,diesel,239,157.0,145.0,1965.0,
2025,BMW,X3 20D XDRIVE G45 ZA,HEV,diesel,490,157.0,145.0,1965.0,
2025,BMW,X3 30E XDRIVE,PHEV,petrol/electric,1,22.0,140.0,2140.0,226.0
2025,BMW,X3 30E XDRIVE G45 XB1,PHEV,petrol/electric,255,22.0,140.0,2140.0,227.0
2025,BMW,X3 30E XDRIVE G45 ZA,PHEV,petrol/electric,827,29.0,140.0,2140.0,217.0
2025,BMW,X3 40D XDRIVE ZA,HEV,diesel,126,166.0,210.0,2050.0,
2025,BMW,X3 M F97 S58,ICE,petrol,1,249.0,375.0,2085.0,
2025,BMW,X3 M50 XDRIVE G45 B58,HEV,petrol,120,179.0,280.0,2055.0,
2025,BMW,X3 XDRIVE20D G01 B47,HEV,diesel,1,162.0,140.0,1915.0,
2025,BMW,X3 XDRIVE20D G01 B47 ZA,HEV,diesel,2,161.0,140.0,1915.0,
2025,BMW,X3 XDRIVE30D G01 B57,HEV,diesel,1,179.0,210.0,2010.0,
2025,BMW,X3 XDRIVE30E G01 XB1,PHEV,petrol/electric,1,51.0,135.0,2065.0,220.0
2025,BMW,X4 M40D G02 B57,HEV,diesel,13,189.0,250.0,2095.0,
2025,BMW,X4 M40I G02 B58,HEV,petrol,6,202.0,265.0,1995.0,
2025,BMW,X4 XDRIVE20D G02 B47,HEV,diesel,86,161.0,140.0,1944.0,
2025,BMW,X4 XDRIVE20I G02 B48,HEV,petrol,3,173.0,135.0,1875.0,
2025,BMW,X4 XDRIVE30D G02 B57,HEV,diesel,21,175.0,210.0,2010.0,
2025,BMW,X4 XDRIVE30I G02 B48,HEV,petrol,2,176.0,180.0,1890.0,
2025,BMW,X5 M COMPETITION F95 S68,HEV,petrol,3,294.0,460.0,2475.0,
2025,BMW,X5 M60I XDRIVE G05 S68,HEV,petrol,11,266.0,390.0,2420.0,
2025,BMW,X5 XDRIVE30D G05 B57,HEV,diesel,101,196.0,210.0,2299.0,
2025,BMW,X5 XDRIVE40D G05 B57,HEV,diesel,57,201.0,250.0,2322.0,
2025,BMW,X5 XDRIVE40I G05 B58,HEV,petrol,26,202.0,280.0,2245.0,
2025,BMW,X5 XDRIVE50E,PHEV,petrol/electric,2,215.0,230.0,2495.0,279.0
2025,BMW,X5 XDRIVE50E G05 XB1,PHEV,petrol/electric,808,21.0,230.0,2495.0,275.0
2025,BMW,X6 M COMPETITION F96 S68,HEV,petrol,10,289.0,460.0,2445.0,
2025,BMW,X6 M60I XDRIVE G06 S68,HEV,petrol,4,262.0,390.0,2390.0,
2025,BMW,X6 XDRIVE30D G06 B57,HEV,diesel,63,192.0,210.0,2295.0,
2025,BMW,X6 XDRIVE40D G06 B57,HEV,diesel,56,196.0,250.0,2320.0,
2025,BMW,X6 XDRIVE40I G06 B58,HEV,petrol,20,199.0,280.0,2240.0,
2025,BMW,X7 M60I XDRIVE G07 S68,HEV,petrol,9,281.0,390.0,2675.0,
2025,BMW,X7 XDRIVE40D G07 B57,HEV,diesel,131,215.0,250.0,2565.0,
2025,BMW,X7 XDRIVE40I G07 B58,HEV,petrol,20,223.0,280.0,2490.0,
2025,BMW,XM 50E G09 XB1,PHEV,petrol/electric,193,36.0,230.0,2695.0,319.0
2025,BMW,XM G09 XB1,PHEV,petrol/electric,23,41.0,360.0,2785.0,335.0
2025,BMW,XM LABEL G09 XB1,PHEV,petrol/electric,9,51.0,430.0,2795.0,335.0
2025,BMW,XM LABEL RED G09 XB1,PHEV,petrol/electric,12,45.0,430.0,2795.0,334.0
2025,BMW,Z4 M40I G29 B58,ICE,petrol,51,184.0,250.0,1636.0,
2025,BMW,Z4 SDRIVE20I G29 B48,ICE,petrol,60,163.0,145.0,1523.0,
2025,BMW,Z4 SDRIVE30I G29 B48,ICE,petrol,4,163.0,190.0,1545.0,
2025,BYD,ATTO 2,BEV,electric,274,0.0,65.0,1669.0,162.0
2025,BYD,ATTO 3,BEV,electric,364,0.0,65.0,1825.0,160.0
2025,BYD,DOLPHIN,BEV,electric,270,0.0,65.0,1733.0,159.0
2025,BYD,DOLPHIN SURF,BEV,electric,489,0.0,49.0,1449.0,158.0
2025,BYD,HAN,BEV,electric,2,0.0,130.0,2325.0,185.0
2025,BYD,SEAL,BEV,electric,449,0.0,129.0,2233.0,178.0
2025,BYD,SEAL 6 DM-I TOURING,PHEV,petrol/electric,150,38.0,72.0,1880.0,112.0
2025,BYD,SEAL U,BEV,electric,1190,0.0,69.0,2205.0,204.0
2025,BYD,SEAL U DM-I,PHEV,petrol/electric,1487,17.0,80.0,2088.0,185.0
2025,BYD,SEALION 7,BEV,electric,2105,0.0,136.0,2485.0,216.0
2025,BYD,TANG EV,BEV,electric,115,0.0,130.0,2703.0,239.0
2025,CADILLAC,ESCALADE ESV,ICE,petrol,1,267.0,313.0,2815.0,
2025,CADILLAC,XT4,ICE,petrol,1,213.0,169.0,1839.0,
2025,CATERHAM,SEVEN SV (DA VARIANT),ICE,petrol,1,148.0,128.0,725.0,
2025,CHEVROLET,CORVETTE,ICE,petrol,2,333.0,354.0,1818.0,
2025,CHRYSLER,PACIFICA,PHEV,petrol/electric,1,94.0,194.0,2355.0,
2025,CHRYSLER,PACIFICA HYBRID,PHEV,petrol/electric,7,73.4,184.3,2345.0,186.0
2025,CHRYSLER,PACIFICA HYBRID LIMITED S,HEV,petrol,1,50.0,194.0,2423.0,
2025,CITROEN,BERLINGO,ICE,diesel,228,144.0,91.0,1558.0,
2025,CITROEN,BERLINGO,ICE,petrol,20,144.0,81.0,1441.0,
2025,CITROEN,C3,HEV,petrol,130,114.0,74.0,1327.0,
2025,CITROEN,C3,ICE,petrol,1257,127.0,74.0,1226.0,
2025,CITROEN,C3 AIRCROSS,HEV,petrol,570,120.0,100.0,1420.0,
2025,CITROEN,C3 AIRCROSS,ICE,petrol,375,135.0,74.0,1312.0,
2025,CITROEN,C4,ICE,diesel,16,133.0,96.0,1399.0,
2025,CITROEN,C4,HEV,petrol,272,106.0,99.0,1403.0,
2025,CITROEN,C4,ICE,petrol,524,133.0,95.0,1339.0,
2025,CITROEN,C4 X,ICE,diesel,11,130.0,96.0,1395.0,
2025,CITROEN,C4 X,HEV,petrol,9,106.0,100.0,1419.0,
2025,CITROEN,C4 X,ICE,petrol,22,131.0,93.0,1355.0,
2025,CITROEN,C5 AIRCROSS,ICE,diesel,232,144.0,96.0,1567.0,
2025,CITROEN,C5 AIRCROSS,BEV,electric,60,0.0,104.0,2184.0,174.0
2025,CITROEN,C5 AIRCROSS,HEV,petrol,205,124.0,100.0,1620.0,
2025,CITROEN,C5 AIRCROSS,ICE,petrol,2,140.0,96.0,1483.0,
2025,CITROEN,C5 AIRCROSS,PHEV,petrol/electric,59,41.0,123.0,1885.0,159.0
2025,CITROEN,C5 X,HEV,petrol,1,116.0,100.0,1591.0,
2025,CITROEN,C5 X,ICE,petrol,9,137.0,96.0,1493.0,
2025,CITROEN,C5 X,PHEV,petrol/electric,45,29.0,132.0,1797.0,152.0
2025,CITROEN,E-BERLINGO,BEV,electric,37,0.0,59.0,1807.0,190.0
2025,CITROEN,E-C3,BEV,electric,557,0.0,53.0,1491.0,167.0
2025,CITROEN,E-C3 AIRCROSS,BEV,electric,132,0.0,53.0,1579.0,183.0
2025,CITROEN,E-C4,BEV,electric,109,0.0,60.0,1643.0,150.0
2025,CITROEN,E-C4 X,BEV,electric,17,0.0,59.0,1655.0,148.0
2025,CITROEN,JUMPY,ICE,diesel,111,191.0,130.0,1960.0,
2025,CITROEN,JUMPY,BEV,electric,6,0.0,60.0,2199.0,251.0
2025,CITROEN,SPACETOURER,ICE,diesel,275,193.0,130.0,2045.0,
2025,CITROEN,SPACETOURER,BEV,electric,8,0.0,59.0,2158.0,255.0
2025,CUPRA,ATECA,ICE,petrol,994,172.0,137.0,1537.0,
2025,CUPRA,BORN 150 KW 58 62 KWH,BEV,electric,5,0.0,70.0,1828.0,153.0
2025,CUPRA,BORN 150 KW 60 63 KWH,BEV,electric,153,0.0,70.0,1842.0,156.0
2025,CUPRA,BORN 170 KW 58 62 KWH,BEV,electric,8,0.0,70.0,1840.0,155.0
2025,CUPRA,BORN 170 KW 60 63 KWH,BEV,electric,397,0.0,70.0,1841.0,157.0
2025,CUPRA,BORN 170 KW 77 82 KWH,BEV,electric,466,0.0,70.0,1968.0,159.0
2025,CUPRA,BORN 170 KW 79 84 KWH,BEV,electric,237,0.0,70.0,1974.0,159.0
2025,CUPRA,BORN 240 KW 79 84 KWH,BEV,electric,161,0.0,89.0,1999.0,158.0
2025,CUPRA,FORMENTOR,ICE,diesel,303,136.0,110.0,1541.0,
2025,CUPRA,FORMENTOR,HEV,petrol,567,134.0,110.0,1482.0,
2025,CUPRA,FORMENTOR,ICE,petrol,688,161.0,150.0,1515.0,
2025,CUPRA,FORMENTOR E-HYBRID,PHEV,petrol/electric,450,9.0,113.0,1721.0,168.0
2025,CUPRA,FORMENTOR VZ E-HYBRID,PHEV,petrol/electric,2,33.0,110.0,1701.0,160.0
2025,CUPRA,LEON,ICE,diesel,41,128.0,110.0,1479.0,
2025,CUPRA,LEON,HEV,petrol,386,125.0,110.0,1405.0,
2025,CUPRA,LEON,ICE,petrol,461,138.0,126.0,1393.0,
2025,CUPRA,LEON E-HYBRID150,PHEV,petrol/electric,42,9.0,110.0,1673.0,157.0
2025,CUPRA,LEON E-HYBRID180,PHEV,petrol/electric,8,29.0,110.0,1660.0,154.0
2025,CUPRA,LEON E-HYBRID200,PHEV,petrol/electric,17,9.0,130.0,1708.0,167.0
2025,CUPRA,LEON SP,ICE,diesel,197,129.0,110.0,1524.0,
2025,CUPRA,LEON SP,HEV,petrol,562,127.0,110.0,1452.0,
2025,CUPRA,LEON SP,ICE,petrol,623,169.0,184.0,1567.0,
2025,CUPRA,LEON SP E-HYBRID150,PHEV,petrol/electric,115,8.0,110.0,1720.0,160.0
2025,CUPRA,LEON SP E-HYBRID180,PHEV,petrol/electric,1,29.0,110.0,1704.0,155.0
2025,CUPRA,LEON SP E-HYBRID200,PHEV,petrol/electric,75,10.0,130.0,1756.0,169.0
2025,CUPRA,TAVASCAN,BEV,electric,1270,0.0,83.0,2222.0,161.0
2025,CUPRA,TERRAMAR,HEV,petrol,1184,141.0,110.0,1651.0,
2025,CUPRA,TERRAMAR,ICE,petrol,965,188.0,179.0,1746.0,
2025,CUPRA,TERRAMAR E-HYBRID,PHEV,petrol/electric,840,10.0,120.0,1929.0,179.0
2025,DACIA,BIGSTER,HEV,petrol,3243,116.0,88.0,1483.0,
2025,DACIA,DUSTER,ICE,lpg,1,141.0,67.0,1351.0,
2025,DACIA,DUSTER,HEV,petrol,3692,128.0,90.0,1442.0,
2025,DACIA,JOGGER,HEV,petrol,377,106.0,69.0,1442.0,
2025,DACIA,JOGGER,ICE,petrol,1133,130.0,81.0,1259.0,
2025,DACIA,SANDERO,ICE,lpg,1,127.0,67.0,1203.0,
2025,DACIA,SANDERO,ICE,petrol,4219,125.0,65.0,1161.0,
2025,DACIA,SPRING,BEV,electric,560,0.0,19.0,1040.0,134.0
2025,DFM,FORTHING 9 HEV,HEV,petrol,3,155.0,125.0,2195.0,
2025,DFSK,E5,PHEV,petrol/electric,27,38.0,75.0,1895.0,166.0
2025,"DFSK,SERES,SOKON,FENGON",DFSK E5,PHEV,petrol/electric,8,166.0,75.0,1895.0,176.0
2025,DS,3,BEV,electric,7,0.0,62.0,1625.0,157.0
2025,DS,3,HEV,petrol,1,112.0,100.0,1372.0,
2025,DS,DS4,ICE,diesel,8,137.0,96.0,1489.0,
2025,DS,DS4,HEV,petrol,14,117.0,100.0,1529.0,
2025,DS,DS4,PHEV,petrol/electric,9,33.0,132.0,1728.0,164.0
2025,DS,DS7,ICE,diesel,30,146.0,96.0,1585.0,
2025,DS,DS7,PHEV,petrol/electric,23,34.0,147.0,1923.0,190.0
2025,DS,DS9,PHEV,petrol/electric,1,151.0,147.0,2006.0,197.0
2025,DS AUTOMOBILES,DS 3,HEV,petrol,1,112.0,100.0,1372.0,
2025,DS AUTOMOBILES,N 4,BEV,electric,7,0.0,104.0,1867.0,152.0
2025,DS AUTOMOBILES,N 4,HEV,petrol,6,117.0,100.0,1538.0,
2025,DS AUTOMOBILES,N 4,PHEV,petrol/electric,2,63.0,132.0,1768.0,134.0
2025,DS AUTOMOBILES,N 8,BEV,electric,15,0.0,122.0,2297.0,172.0
2025,FERRARI,12CILINDRI,ICE,petrol,3,353.0,607.0,1835.0,
2025,FERRARI,12CILINDRI SPIDER,ICE,petrol,2,360.0,607.0,1895.0,
2025,FERRARI,296 GTB,PHEV,petrol/electric,4,149.0,488.0,1735.0,174.0
2025,FERRARI,296 GTS,PHEV,petrol/electric,28,153.0,488.0,1825.0,172.0
2025,FERRARI,PORTOFINO M,ICE,petrol,1,256.0,456.0,1750.0,
2025,FERRARI,PUROSANGUE,ICE,petrol,10,393.0,529.0,2245.0,
2025,FERRARI,ROMA SPIDER,ICE,petrol,14,258.0,456.0,1780.0,
2025,FERRARI,SF90 SPIDER,PHEV,petrol/electric,3,156.0,574.0,1918.0,236.0
2025,FERRARI,SF90 STRADALE,PHEV,petrol/electric,1,160.0,574.0,1820.0,120.0
2025,FERRARI,SF90 XX SPIDER,PHEV,petrol/electric,3,187.0,586.0,1915.0,202.0
2025,FERRARI,SF90 XX STRADALE,PHEV,petrol/electric,7,167.0,586.0,1835.0,237.0
2025,FIAT,500,BEV,electric,216,0.0,43.0,1376.0,143.0
2025,FIAT,500,HEV,petrol,115,118.0,48.0,1129.0,
2025,FIAT,500X,HEV,petrol,48,129.0,96.0,1480.0,
2025,FIAT,600,BEV,electric,252,0.0,73.0,1595.0,152.0
2025,FIAT,600,HEV,petrol,548,108.0,82.0,1355.0,
2025,FIAT,ABARTH 500,BEV,electric,36,0.0,47.0,1421.0,182.0
2025,FIAT,ABARTH 500,ICE,petrol,2,162.0,132.0,1140.0,
2025,FIAT,ABARTH 600E,BEV,electric,56,0.0,105.0,1700.0,180.0
2025,FIAT,DUCATO,ICE,diesel,1,207.0,103.0,2659.0,
2025,FIAT,E-DOBLO,ICE,diesel,688,148.0,96.0,1594.0,
2025,FIAT,E-DOBLO,BEV,electric,22,0.0,61.0,1801.0,185.0
2025,FIAT,PANDA,BEV,electric,222,0.0,53.0,1515.0,167.0
2025,FIAT,PANDA,HEV,petrol,1203,115.0,64.0,1195.0,
2025,FIAT,TIPO,ICE,diesel,99,120.0,96.0,1375.0,
2025,FIAT,TIPO,HEV,petrol,12,119.0,96.0,1415.0,
2025,FIAT,ULYSSE,ICE,diesel,167,194.0,130.0,2034.0,
2025,FIAT,ULYSSE,BEV,electric,10,0.0,59.0,2360.0,248.0
2025,FISKER,OCEAN,BEV,electric,44,0.0,176.0,2519.0,184.0
2025,FORD,BRONCO BADLANDS,ICE,petrol,2,288.0,246.0,2418.0,
2025,FORD,BRONCO OUTER BANKS,ICE,petrol,3,257.0,246.0,2289.0,
2025,FORD,CAPRI,BEV,electric,145,0.0,89.0,2110.0,136.0
2025,FORD,CAPRI ER AWD,BEV,electric,22,0.0,89.0,2175.0,153.0
2025,FORD,CAPRI ER AWD PREMIUM,BEV,electric,35,0.0,89.0,2129.0,146.0
2025,FORD,CAPRI ER PREMIUM,BEV,electric,6,0.0,89.0,2129.0,147.0
2025,FORD,CAPRI ER RWD,BEV,electric,60,0.0,89.0,2098.0,139.0
2025,FORD,CAPRI PREMIUM,BEV,electric,257,0.0,88.0,2169.0,153.0
2025,FORD,CAPRI PREMIUM ER AWD,BEV,electric,30,0.0,89.0,2206.0,164.0
2025,FORD,CAPRI SELECT,BEV,electric,65,0.0,89.0,2108.0,141.0
2025,FORD,CAPRI SR RWD,BEV,electric,8,0.0,70.0,1914.0,156.0
2025,FORD,CAPRI STYLE,BEV,electric,3,0.0,70.0,1914.0,160.0
2025,FORD,CUSTOM ACTIVE,PHEV,petrol/electric,1,44.0,87.0,2436.0,214.0
2025,FORD,CUSTOM TITANIUM,ICE,diesel,10,218.0,121.0,2361.0,
2025,FORD,CUSTOM TITANIUM,PHEV,petrol/electric,1,40.0,87.0,2460.0,200.0
2025,FORD,CUSTOM TREND,ICE,diesel,2,194.0,100.0,2186.0,
2025,FORD,DARK HORSE FASTBACK,ICE,petrol,3,281.0,334.0,1884.0,
2025,FORD,EXPLORER,BEV,electric,769,0.0,83.0,2103.0,151.0
2025,FORD,EXPLORER ER AWD,BEV,electric,16,0.0,89.0,2167.0,163.0
2025,FORD,EXPLORER ER AWD PREMIUM,BEV,electric,51,0.0,89.0,2204.0,171.0
2025,FORD,EXPLORER ER PREMIUM,BEV,electric,30,0.0,89.0,2132.0,154.0
2025,FORD,EXPLORER PREMIUM,BEV,electric,320,0.0,88.0,2172.0,161.0
2025,FORD,EXPLORER SELECT,BEV,electric,171,0.0,89.0,2103.0,148.0
2025,FORD,EXPLORER SR RWD,BEV,electric,21,0.0,70.0,1908.0,164.0
2025,FORD,EXPLORER STYLE,BEV,electric,18,0.0,70.0,1908.0,164.0
2025,FORD,FOCUS ACTIVE,ICE,diesel,30,135.0,85.0,1526.0,
2025,FORD,FOCUS ACTIVE,HEV,petrol,22,124.0,98.0,1445.0,
2025,FORD,FOCUS ACTIVE TURNIER,ICE,diesel,8,135.0,85.0,1531.0,
2025,FORD,FOCUS ACTIVE TURNIER,HEV,petrol,11,125.0,106.0,1489.0,
2025,FORD,FOCUS ACTIVE X,ICE,diesel,12,135.0,85.0,1494.0,
2025,FORD,FOCUS ACTIVE X,HEV,petrol,34,124.0,102.0,1455.0,
2025,FORD,FOCUS ACTIVE X TUR.,ICE,diesel,1,136.0,85.0,1533.0,
2025,FORD,FOCUS ACTIVE X TUR.,HEV,petrol,3,126.0,106.0,1492.0,
2025,FORD,FOCUS ACTIVE X TURNIER,ICE,diesel,8,136.0,85.0,1533.0,
2025,FORD,FOCUS ACTIVE X TURNIER,HEV,petrol,10,125.0,105.0,1489.0,
2025,FORD,FOCUS FUN TURNIER,ICE,diesel,1,131.0,85.0,1507.0,
2025,FORD,FOCUS FUN TURNIER,HEV,petrol,2,120.0,92.0,1441.0,
2025,FORD,FOCUS ST X,ICE,petrol,31,183.0,206.0,1534.0,
2025,FORD,FOCUS ST X EDITION,ICE,petrol,2,185.0,206.0,1519.0,
2025,FORD,FOCUS ST X TURNIER,ICE,petrol,4,182.0,206.0,1567.0,
2025,FORD,FOCUS ST-LINE,ICE,diesel,10,135.0,85.0,1525.0,
2025,FORD,FOCUS ST-LINE,HEV,petrol,72,122.0,96.0,1445.0,
2025,FORD,FOCUS ST-LINE TUR.,ICE,diesel,3,135.0,85.0,1532.0,
2025,FORD,FOCUS ST-LINE TUR.,HEV,petrol,2,123.0,103.0,1485.0,
2025,FORD,FOCUS ST-LINE TURNIER,ICE,diesel,12,138.0,85.0,1532.0,
2025,FORD,FOCUS ST-LINE TURNIER,HEV,petrol,6,124.0,92.0,1466.0,
2025,FORD,FOCUS ST-LINE X,ICE,diesel,26,133.0,85.0,1520.0,
2025,FORD,FOCUS ST-LINE X,HEV,petrol,138,123.0,102.0,1454.0,
2025,FORD,FOCUS ST-LINE X TUR.,ICE,diesel,1,133.0,85.0,1539.0,
2025,FORD,FOCUS ST-LINE X TUR.,HEV,petrol,7,126.0,110.0,1505.0,
2025,FORD,FOCUS ST-LINE X TURNIER,ICE,diesel,2,134.0,85.0,1539.0,
2025,FORD,FOCUS ST-LINE X TURNIER,HEV,petrol,20,125.0,104.0,1493.0,
2025,FORD,FOCUS TIT. EDITION TUR.,ICE,diesel,13,131.0,85.0,1507.0,
2025,FORD,FOCUS TIT. EDITION TUR.,HEV,petrol,55,120.0,98.0,1452.0,
2025,FORD,FOCUS TIT. X TURNIER,HEV,petrol,5,121.0,109.0,1470.0,
2025,FORD,FOCUS TITANIUM,ICE,diesel,9,129.0,85.0,1470.0,
2025,FORD,FOCUS TITANIUM,HEV,petrol,47,118.0,93.0,1402.0,
2025,FORD,FOCUS TITANIUM,ICE,petrol,1,121.0,92.0,1356.0,
2025,FORD,FOCUS TITANIUM EDI.,ICE,diesel,28,131.0,85.0,1499.0,
2025,FORD,FOCUS TITANIUM EDI.,HEV,petrol,35,120.0,102.0,1450.0,
2025,FORD,FOCUS TITANIUM EDITION,ICE,diesel,41,130.0,85.0,1487.0,
2025,FORD,FOCUS TITANIUM EDITION,HEV,petrol,142,118.0,94.0,1402.0,
2025,FORD,FOCUS TITANIUM T.,ICE,diesel,9,131.0,85.0,1507.0,
2025,FORD,FOCUS TITANIUM T.,HEV,petrol,5,121.0,114.0,1479.0,
2025,FORD,FOCUS TITANIUM TUR.,HEV,petrol,2,121.0,103.0,1460.0,
2025,FORD,FOCUS TITANIUM TURNIER,ICE,diesel,4,131.0,85.0,1507.0,
2025,FORD,FOCUS TITANIUM TURNIER,HEV,petrol,26,120.0,103.0,1461.0,
2025,FORD,FOCUS TITANIUM X,ICE,diesel,23,130.0,85.0,1497.0,
2025,FORD,FOCUS TITANIUM X,HEV,petrol,27,119.4,102.6,1436.0,
2025,FORD,FOCUS TURNIER ACTIVE,ICE,diesel,1,135.0,85.0,1531.0,
2025,FORD,FOCUS TURNIER ACTIVE X,ICE,diesel,1,136.0,85.0,1533.0,
2025,FORD,FOCUS TURNIER ACTIVE X,HEV,petrol,1,125.0,92.0,1467.0,
2025,FORD,FOCUS TURNIER ST-LINE,HEV,petrol,1,123.0,92.0,1466.0,
2025,FORD,GR. TOURNEO CONNECT ACT.,ICE,diesel,29,162.0,90.0,1780.0,
2025,FORD,GR. TOURNEO CONNECT ACT.,PHEV,petrol/electric,29,11.0,85.0,1902.0,190.0
2025,FORD,GR. TOURNEO CONNECT TIT.,ICE,diesel,6,145.0,87.0,1723.0,
2025,FORD,GR. TOURNEO CONNECT TIT.,ICE,petrol,3,155.0,85.0,1643.0,
2025,FORD,GR. TOURNEO CONNECT TIT.,PHEV,petrol/electric,42,11.0,85.0,1904.0,191.0
2025,FORD,GR. TOURNEO CONNECT TR.,ICE,diesel,3,143.0,75.0,1737.0,
2025,FORD,GR. TOURNEO CONNECT TR.,ICE,petrol,1,151.0,85.0,1606.0,
2025,FORD,GR. TOURNEO CONNECT TR.,PHEV,petrol/electric,4,12.0,85.0,1907.0,190.0
2025,FORD,GR. TOURNEO CONNECT TREND,ICE,diesel,2,135.0,90.0,1702.0,
2025,FORD,GR.TOURNEO CONNECT ACT.,ICE,diesel,10,161.0,90.0,1773.0,
2025,FORD,GR.TOURNEO CONNECT ACT.,PHEV,petrol/electric,2,26.0,85.0,1895.0,167.0
2025,FORD,GR.TOURNEO CONNECT TIT.,ICE,diesel,73,150.0,90.0,1724.0,
2025,FORD,GR.TOURNEO CONNECT TIT.,ICE,petrol,10,157.0,85.0,1646.0,
2025,FORD,GR.TOURNEO CONNECT TIT.,PHEV,petrol/electric,5,24.0,85.0,1909.0,174.0
2025,FORD,GR.TOURNEO CONNECT TREND,ICE,diesel,24,144.0,75.0,1691.0,
2025,FORD,GR.TOURNEO CONNECT TREND,ICE,petrol,6,152.0,85.0,1616.0,
2025,FORD,GR.TRANSIT CON. KW LIM.,BEV,electric,3,0.0,85.0,2505.0,250.0
2025,FORD,GT FASTBACK,ICE,petrol,3,277.0,328.0,1851.0,
2025,FORD,KUGA,HEV,petrol,2,132.0,111.0,1765.0,
2025,FORD,KUGA ACTIVE,HEV,petrol,18,126.0,111.0,1718.0,
2025,FORD,KUGA ACTIVE,PHEV,petrol/electric,6,21.0,111.0,1859.0,164.0
2025,FORD,KUGA ACTIVE X,HEV,petrol,99,130.0,111.0,1738.0,
2025,FORD,KUGA ACTIVE X,PHEV,petrol/electric,40,21.0,111.0,1865.0,164.0
2025,FORD,KUGA COOL CONNECT,ICE,diesel,7,150.0,88.0,1676.0,
2025,FORD,KUGA ST-LINE,HEV,petrol,114,124.0,111.0,1706.0,
2025,FORD,KUGA ST-LINE,ICE,petrol,52,149.0,118.0,1545.0,
2025,FORD,KUGA ST-LINE,PHEV,petrol/electric,26,22.0,111.0,1858.0,160.0
2025,FORD,KUGA ST-LINE X,HEV,petrol,366,128.0,111.0,1724.0,
2025,FORD,KUGA ST-LINE X,ICE,petrol,29,153.0,127.0,1564.0,
2025,FORD,KUGA ST-LINE X,PHEV,petrol/electric,193,21.0,111.0,1859.0,163.0
2025,FORD,KUGA TITANIUM,HEV,petrol,191,124.0,111.0,1708.0,
2025,FORD,KUGA TITANIUM,ICE,petrol,111,147.0,115.0,1537.0,
2025,FORD,KUGA TITANIUM,PHEV,petrol/electric,49,20.0,111.0,1858.0,160.0
2025,FORD,MACH -E PREMIUM,BEV,electric,13,0.0,124.0,2245.0,193.0
2025,FORD,MACH-E,BEV,electric,3,0.0,92.0,2166.0,179.0
2025,FORD,MACH-E BASE SR,BEV,electric,3,0.0,92.0,2166.0,179.0
2025,FORD,MACH-E GT,BEV,electric,5,0.0,176.0,2343.0,210.0
2025,FORD,MACH-E PREMIUM,BEV,electric,40,0.0,99.0,2180.0,178.0
2025,FORD,MUSTANG CONVERTIBLE GT,ICE,petrol,4,263.0,330.0,1893.0,
2025,FORD,MUSTANG DARK HORSE,ICE,petrol,6,281.0,334.0,1891.0,
2025,FORD,MUSTANG FASTBACK MACH 1,ICE,petrol,1,284.0,338.0,1839.0,
2025,FORD,MUSTANG GT,ICE,petrol,4,272.0,328.0,1846.0,
2025,FORD,MUSTANG GT CONV.,ICE,petrol,4,282.0,328.0,1937.0,
2025,FORD,MUSTANG GT CONVERTIBLE,ICE,petrol,5,281.0,328.0,1930.0,
2025,FORD,MUSTANG MACH-E,BEV,electric,4,0.0,92.0,2175.0,186.0
2025,FORD,MUSTANG MACH-E GT,BEV,electric,8,0.0,176.0,2350.0,211.0
2025,FORD,PUMA GEN-E,BEV,electric,136,0.0,52.0,1566.0,131.0
2025,FORD,PUMA GEN-E PREMIUM,BEV,electric,198,0.0,52.0,1575.0,137.0
2025,FORD,PUMA GEN-E SOUND EDITION,BEV,electric,10,0.0,52.0,1577.0,139.0
2025,FORD,PUMA SOUND EDITION,HEV,petrol,36,128.0,92.0,1355.0,
2025,FORD,PUMA ST,HEV,petrol,23,136.0,118.0,1400.0,
2025,FORD,PUMA ST LINE,HEV,petrol,134,127.0,92.0,1354.0,
2025,FORD,PUMA ST LINE X,HEV,petrol,54,128.0,96.0,1359.0,
2025,FORD,PUMA ST-LINE,HEV,petrol,347,125.0,92.0,1346.0,
2025,FORD,PUMA ST-LINE X,HEV,petrol,148,127.0,93.0,1354.0,
2025,FORD,PUMA TITANIUM,HEV,petrol,493,124.0,92.0,1317.0,
2025,FORD,TOURNEO BUS ACTIVE,ICE,diesel,2,215.0,117.0,2357.0,
2025,FORD,TOURNEO BUS ACTIVE,PHEV,petrol/electric,6,42.0,87.0,2436.0,206.0
2025,FORD,TOURNEO BUS SPORT,ICE,diesel,4,228.0,125.0,2395.0,
2025,FORD,TOURNEO BUS SPORT,PHEV,petrol/electric,6,47.0,87.0,2414.0,229.0
2025,FORD,TOURNEO BUS TIT. X,ICE,diesel,6,228.0,125.0,2427.0,
2025,FORD,TOURNEO BUS TIT. X,PHEV,petrol/electric,7,44.0,87.0,2454.0,215.0
2025,FORD,TOURNEO BUS TITANIUM,ICE,diesel,24,223.0,121.0,2376.0,
2025,FORD,TOURNEO BUS TITANIUM,PHEV,petrol/electric,6,42.0,87.0,2427.0,208.0
2025,FORD,TOURNEO BUS TREND,ICE,diesel,2,197.0,100.0,2254.0,
2025,FORD,TOURNEO BUS TREND,PHEV,petrol/electric,1,45.0,87.0,2427.0,216.0
2025,FORD,TOURNEO CONNECT,ICE,diesel,5,153.0,90.0,1724.0,
2025,FORD,TOURNEO CONNECT,ICE,petrol,2,152.0,85.0,1619.0,
2025,FORD,TOURNEO CONNECT ACT.,ICE,diesel,6,157.0,90.0,1704.0,
2025,FORD,TOURNEO CONNECT ACT.,PHEV,petrol/electric,8,11.0,85.0,1833.0,187.0
2025,FORD,TOURNEO CONNECT ACTIVE,ICE,diesel,37,152.0,89.0,1720.0,
2025,FORD,TOURNEO CONNECT SPORT,ICE,diesel,1,138.0,90.0,1655.0,
2025,FORD,TOURNEO CONNECT TIT.,ICE,diesel,30,147.0,90.0,1656.0,
2025,FORD,TOURNEO CONNECT TIT.,ICE,petrol,14,153.0,85.0,1581.0,
2025,FORD,TOURNEO CONNECT TIT.,PHEV,petrol/electric,17,11.0,85.0,1833.0,187.0
2025,FORD,TOURNEO CONNECT TITANIUM,ICE,diesel,2,139.0,90.0,1677.0,
2025,FORD,TOURNEO CONNECT TITANIUM,ICE,petrol,1,156.0,84.0,1586.0,
2025,FORD,TOURNEO CONNECT TREND,ICE,diesel,53,140.0,75.0,1618.0,
2025,FORD,TOURNEO CONNECT TREND,ICE,petrol,21,148.0,85.0,1544.0,
2025,FORD,TOURNEO CONNECT TREND,PHEV,petrol/electric,3,11.0,85.0,1833.0,187.0
2025,FORD,TOURNEO COURIER,ICE,petrol,1,151.0,92.0,1448.0,
2025,FORD,TOURNEO COURIER ACTIVE,BEV,electric,27,0.0,52.0,1724.0,175.0
2025,FORD,TOURNEO COURIER ACTIVE,ICE,petrol,99,155.0,92.0,1459.0,
2025,FORD,TOURNEO COURIER TIT.,BEV,electric,7,0.0,52.0,1724.0,174.0
2025,FORD,TOURNEO COURIER TIT.,ICE,petrol,39,155.0,92.0,1457.0,
2025,FORD,TOURNEO COURIER TITANIUM,BEV,electric,23,0.0,52.0,1724.0,174.0
2025,FORD,TOURNEO COURIER TITANIUM,ICE,petrol,75,153.0,92.0,1456.0,
2025,FORD,TOURNEO COURIER TREND,BEV,electric,43,0.0,52.0,1724.0,173.0
2025,FORD,TOURNEO COURIER TREND,ICE,petrol,59,152.0,92.0,1451.0,
2025,FORD,TOURNEO CUSTOM,ICE,diesel,13,209.0,107.0,2338.0,
2025,FORD,TOURNEO CUSTOM,PHEV,petrol/electric,1,44.0,87.0,2467.0,215.0
2025,FORD,TOURNEO CUSTOM ACT.,ICE,diesel,19,218.0,121.0,2383.0,
2025,FORD,TOURNEO CUSTOM ACT.,BEV,electric,3,0.0,85.0,2599.0,251.0
2025,FORD,TOURNEO CUSTOM ACT.,PHEV,petrol/electric,55,43.0,87.0,2455.0,212.0
2025,FORD,TOURNEO CUSTOM ACTIVE,ICE,diesel,11,224.0,122.0,2399.0,
2025,FORD,TOURNEO CUSTOM ACTIVE,BEV,electric,1,0.0,85.0,2550.0,248.0
2025,FORD,TOURNEO CUSTOM ACTIVE,PHEV,petrol/electric,32,99.0,87.0,2455.0,137.0
2025,FORD,TOURNEO CUSTOM SPORT,ICE,diesel,25,231.0,125.0,2401.0,
2025,FORD,TOURNEO CUSTOM SPORT,BEV,electric,3,0.0,85.0,2554.0,251.0
2025,FORD,TOURNEO CUSTOM SPORT,PHEV,petrol/electric,112,71.0,87.0,2427.0,188.0
2025,FORD,TOURNEO CUSTOM TIT.,ICE,diesel,83,218.0,115.0,2357.0,
2025,FORD,TOURNEO CUSTOM TIT.,BEV,electric,6,0.0,85.0,2566.0,249.0
2025,FORD,TOURNEO CUSTOM TIT.,PHEV,petrol/electric,87,42.0,87.0,2416.0,207.0
2025,FORD,TOURNEO CUSTOM TIT. X,ICE,diesel,34,227.0,125.0,2410.0,
2025,FORD,TOURNEO CUSTOM TIT. X,BEV,electric,3,0.0,85.0,2598.0,257.0
2025,FORD,TOURNEO CUSTOM TIT. X,PHEV,petrol/electric,180,64.0,87.0,2444.0,187.0
2025,FORD,TOURNEO CUSTOM TITANIUM,ICE,diesel,31,216.0,118.0,2353.0,
2025,FORD,TOURNEO CUSTOM TITANIUM,BEV,electric,2,0.0,85.0,2540.0,248.0
2025,FORD,TOURNEO CUSTOM TITANIUM,PHEV,petrol/electric,52,97.0,87.0,2412.0,133.0
2025,FORD,TOURNEO CUSTOM TITANIUM X,ICE,diesel,6,231.0,125.0,2425.0,
2025,FORD,TOURNEO CUSTOM TITANIUM X,BEV,electric,1,0.0,85.0,2586.0,260.0
2025,FORD,TOURNEO CUSTOM TITANIUM X,PHEV,petrol/electric,31,101.0,87.0,2448.0,141.0
2025,FORD,TOURNEO CUSTOM TREND,ICE,diesel,23,198.0,102.0,2265.0,
2025,FORD,TOURNEO CUSTOM TREND,BEV,electric,3,0.0,85.0,2524.0,245.0
2025,FORD,TOURNEO CUSTOM TREND,PHEV,petrol/electric,16,58.0,87.0,2395.0,182.0
2025,FORD,TRANSIT CUSTOM,ICE,diesel,7,193.0,86.0,2175.0,
2025,FORD,TRANSIT CUSTOM LIM.,ICE,diesel,10,219.0,122.0,2290.0,
2025,FORD,TRANSIT CUSTOM LIM.,BEV,electric,4,0.0,85.0,2488.0,248.0
2025,FORD,TRANSIT CUSTOM LIM.,PHEV,petrol/electric,3,39.0,87.0,2317.0,198.0
2025,FORD,TRANSIT CUSTOM LIMITED,ICE,diesel,26,218.0,123.0,2285.0,
2025,FORD,TRANSIT CUSTOM LIMITED,PHEV,petrol/electric,5,96.0,87.0,2364.0,131.0
2025,FORD,TRANSIT CUSTOM SPORT,ICE,diesel,5,232.0,125.0,2468.0,
2025,FORD,TRANSIT CUSTOM TRAIL,ICE,diesel,20,224.0,117.0,2320.0,
2025,FORD,TRANSIT CUSTOM TREND,ICE,diesel,138,204.0,103.0,2223.0,
2025,FORD,TRANSIT CUSTOM TREND,BEV,electric,38,0.0,85.0,2475.0,233.0
2025,FORD,TRANSIT CUSTOM TREND,ICE,petrol,1,155.0,85.0,1639.0,
2025,FORD,TRANSIT CUSTOM TREND,PHEV,petrol/electric,39,69.0,87.0,2320.0,160.0
2025,FORD,TRANSIT KASTEN TRAIL,ICE,diesel,6,211.0,125.0,2248.0,
2025,FORD,TRANSIT KOMBI TREND,ICE,diesel,8,238.0,101.0,2435.0,
2025,FORD,TRANSIT TREND,ICE,diesel,34,237.0,98.0,2435.0,
2025,FORD,TRANSIT TREND,BEV,electric,2,0.0,100.0,3038.0,
2025,FORD,TRANSIT TREND KOMBI,ICE,diesel,2,236.0,96.0,2379.0,
2025,FORTHING,4,ICE,petrol,6,180.0,130.0,,
2025,HONDA,CIVIC E:HEV 2.0 ADVA,HEV,petrol,79,114.0,105.0,1533.0,
2025,HONDA,CIVIC E:HEV 2.0 ELEG,HEV,petrol,17,108.0,105.0,1517.0,
2025,HONDA,CIVIC E:HEV 2.0 SPOR,HEV,petrol,69,113.0,105.0,1533.0,
2025,HONDA,CIVIC TYPE R,ICE,petrol,1,186.0,242.0,1480.0,
2025,HONDA,CIVIC TYPE R 2.0 TYP,ICE,petrol,13,186.0,242.0,1480.0,
2025,HONDA,CR-V E:HEV 2WD 2.0 E,HEV,petrol,18,134.0,109.0,1821.0,
2025,HONDA,CR-V E:HEV 4WD 2.0 A,HEV,petrol,88,151.0,108.0,1875.0,
2025,HONDA,CR-V E:HEV 4WD 2.0 E,HEV,petrol,38,151.0,108.0,1875.0,
2025,HONDA,CR-V PHEV 2.0 ADVANC,PHEV,petrol/electric,135,18.0,109.0,1988.0,160.0
2025,HONDA,E:NY1 EV ADVANCE,BEV,electric,16,0.0,60.0,1730.0,182.0
2025,HONDA,E:NY1 EV ELEGANCE,BEV,electric,15,0.0,60.0,1730.0,182.0
2025,HONDA,HR-V E:HEV 1.5 ADVAN,HEV,petrol,271,122.0,79.0,1452.0,
2025,HONDA,HR-V E:HEV 1.5 ELEGA,HEV,petrol,88,122.0,79.0,1452.0,
2025,HONDA,JAZZ 1.5 ADVANCE,HEV,petrol,63,104.0,79.0,1302.0,
2025,HONDA,JAZZ 1.5 ADVANCE SPO,HEV,petrol,42,106.0,79.0,1314.0,
2025,HONDA,JAZZ 1.5 ELEGANCE,HEV,petrol,109,102.0,79.0,1302.0,
2025,HONDA,JAZZ CROSSTAR 1.5 AD,HEV,petrol,139,108.0,79.0,1320.0,
2025,HONDA,ZR-V 2.0 ADVANCE,HEV,petrol,67,132.0,105.0,1710.0,
2025,HONDA,ZR-V 2.0 ELEGANCE,HEV,petrol,34,130.0,105.0,1660.0,
2025,HONDA,ZR-V 2.0 SPORT,HEV,petrol,74,131.0,105.0,1675.0,
2025,HYUNDAI,BAYON,ICE,petrol,526,125.0,69.0,1168.0,
2025,HYUNDAI,I10,ICE,petrol,1699,117.0,51.0,1006.0,
2025,HYUNDAI,I20,ICE,petrol,1901,122.0,63.0,1112.0,
2025,HYUNDAI,I20 N,ICE,petrol,4,158.0,150.0,1265.0,
2025,HYUNDAI,I30,HEV,petrol,494,136.0,103.0,1416.0,
2025,HYUNDAI,I30,ICE,petrol,1201,136.0,72.0,1296.0,
2025,HYUNDAI,I30 N,ICE,petrol,6,188.0,206.0,1521.0,
2025,HYUNDAI,INSTER,BEV,electric,785,0.0,26.0,1404.0,148.0
2025,HYUNDAI,IONIQ 9,BEV,electric,123,0.0,84.0,2656.0,204.0
2025,HYUNDAI,IONIQ5,BEV,electric,629,0.0,67.0,2112.0,166.0
2025,HYUNDAI,IONIQ5 N,BEV,electric,37,0.0,159.0,2275.0,212.0
2025,HYUNDAI,IONIQ6,BEV,electric,149,0.0,72.0,2067.0,159.0
2025,HYUNDAI,KONA,BEV,electric,912,0.0,47.0,1747.0,147.0
2025,HYUNDAI,KONA,HEV,petrol,731,105.0,69.0,1485.0,
2025,HYUNDAI,KONA,ICE,petrol,414,140.0,94.0,1422.0,
2025,HYUNDAI,SANTA FE,HEV,petrol,9,156.0,118.0,1941.0,
2025,HYUNDAI,SANTA FE,PHEV,petrol/electric,246,38.0,118.0,2120.0,192.0
2025,HYUNDAI,STARIA,HEV,petrol,53,172.0,118.0,2296.0,
2025,HYUNDAI,TUCSON,HEV,diesel,35,147.0,100.0,1665.0,
2025,HYUNDAI,TUCSON,ICE,diesel,7,142.0,85.0,1566.0,
2025,HYUNDAI,TUCSON,HEV,petrol,1794,142.0,119.0,1623.0,
2025,HYUNDAI,TUCSON,ICE,petrol,607,159.0,112.0,1548.0,
2025,HYUNDAI,TUCSON,PHEV,petrol/electric,560,32.0,119.0,1869.0,175.0
2025,HYUNDAI,TUCSON IX35,HEV,petrol,1,158.0,118.0,1646.0,
2025,INEOS,GRENADIER,ICE,diesel,5,303.0,183.0,2815.0,
2025,INEOS,GRENADIER,ICE,petrol,5,328.0,210.0,2753.0,
2025,JAECOO,JAECOO7,ICE,petrol,23,182.0,108.0,1724.0,
2025,JAECOO,JAECOO7 PHEV,PHEV,petrol/electric,39,34.0,105.0,1870.0,173.0
2025,JAGUAR,E-PACE P300E R-DYNAMIC S AWD A,PHEV,petrol/electric,1,32.0,147.0,2173.0,195.0
2025,JAGUAR,F-PACE D200 R-DYNAMIC SE AWD,HEV,diesel,5,171.0,150.0,1991.0,
2025,JAGUAR,F-PACE D300 R-DYNAMIC SE AWD,HEV,diesel,1,195.0,221.0,2115.0,
2025,JAGUAR,F-PACE P400E R-DYNAMIC HSE AWD,PHEV,petrol/electric,2,41.0,221.0,2242.0,249.0
2025,JAGUAR,F-PACE P400E R-DYNAMIC SE AWD,PHEV,petrol/electric,2,45.0,221.0,2209.0,229.0
2025,JAGUAR,F-TYPE P300 R-DYNAMIC COUPE A,ICE,petrol,1,229.0,221.0,1628.0,
2025,JAGUAR,F-TYPE R75 P575 CONVERTIBLE A,ICE,petrol,1,239.0,423.0,1865.0,
2025,JAGUAR,I-PACE EV320 S AWD,BEV,electric,2,0.0,172.0,2208.0,227.0
2025,JEEP,AVENGER,BEV,electric,91,0.0,81.0,1595.0,157.0
2025,JEEP,AVENGER,HEV,petrol,806,117.0,87.0,1444.0,
2025,JEEP,AVENGER,ICE,petrol,370,130.0,74.0,1255.0,
2025,JEEP,COMPASS,BEV,electric,8,0.0,104.0,2185.0,186.0
2025,JEEP,COMPASS,HEV,petrol,133,128.0,96.0,1577.0,
2025,JEEP,COMPASS,PHEV,petrol/electric,85,46.0,130.0,1935.0,173.0
2025,JEEP,GRAND CHEROKEE,PHEV,petrol/electric,12,240.0,200.0,2578.0,250.0
2025,JEEP,RENEGADE,HEV,petrol,70,126.0,96.0,1495.0,
2025,JEEP,RENEGADE,PHEV,petrol/electric,32,48.0,119.0,1845.0,182.0
2025,JEEP,WRANGLER SPORT 3.6 4X4,ICE,petrol,1,269.0,212.0,1914.0,
2025,JEEP,WRANGLER UNLIMITED,PHEV,petrol/electric,110,89.0,200.0,2466.0,270.0
2025,KG MOBILITY,ACTYON,HEV,petrol,2,134.0,110.0,1800.0,
2025,KG MOBILITY,ACTYON,ICE,petrol,25,199.0,120.0,1698.0,
2025,KG MOBILITY,KORANDO,ICE,petrol,18,188.0,120.0,1568.0,
2025,KG MOBILITY,TIVOLI,ICE,petrol,1,174.0,120.0,1465.0,
2025,KG MOBILITY,TORRES,HEV,petrol,28,139.0,110.0,1745.0,
2025,KG MOBILITY,TORRES,ICE,petrol,4,194.0,120.0,1663.0,
2025,KG MOBILITY,TORRES EVX,BEV,electric,11,0.0,66.0,1982.0,187.0
2025,KIA,CEED GOLD UVO 1.0 TGDI MT6 100,ICE,petrol,7,127.0,74.0,1298.0,
2025,KIA,CEED GOLD UVO 1.5 TGDI 48V DCT,HEV,petrol,46,129.0,103.0,1390.0,
2025,KIA,CEED GOLD UVO 1.5 TGDI MT6 140,ICE,petrol,14,132.0,103.0,1330.0,
2025,KIA,CEED GT-LINE UVO 1.5 TGDI 48V,HEV,petrol,6,130.0,103.0,1390.0,
2025,KIA,CEED GT-LINE UVO 1.5 TGDI MT6,ICE,petrol,1,133.0,103.0,1330.0,
2025,KIA,CEED SILBER UVO 1.0 TGDI MT6 1,ICE,petrol,492,123.0,74.0,1298.0,
2025,KIA,CEED SILBER UVO 1.5 TGDI MT6 1,ICE,petrol,66,130.0,103.0,1330.0,
2025,KIA,CEED SW 1.5 TGDI,ICE,petrol,1,130.0,103.0,1377.0,
2025,KIA,CEED SW 1.5 TGDI DCT,ICE,petrol,2,139.0,103.0,1407.0,
2025,KIA,CEED TITAN 1.0 TGDI MT6 100,ICE,petrol,121,124.0,74.0,1298.0,
2025,KIA,CEED TITAN 1.0 TGDI MT6 100 P1,ICE,petrol,53,120.0,74.0,1298.0,
2025,KIA,CEEDSW GOLD UVO 1.0 TGDI MT6 1,ICE,petrol,8,129.0,74.0,1335.0,
2025,KIA,CEEDSW GOLD UVO 1.5 TGDI 48V D,HEV,petrol,54,130.0,103.0,1437.0,
2025,KIA,CEEDSW GOLD UVO 1.5 TGDI MT6 1,ICE,petrol,39,133.0,103.0,1377.0,
2025,KIA,CEEDSW GT-LINE UVO 1.5 TGDI 48,HEV,petrol,21,130.0,103.0,1437.0,
2025,KIA,CEEDSW SILBER UVO 1.0 TGDI MT6,ICE,petrol,758,125.0,74.0,1335.0,
2025,KIA,CEEDSW SILBER UVO 1.5 TGDI 48V,HEV,petrol,154,128.0,103.0,1437.0,
2025,KIA,CEEDSW SILBER UVO 1.5 TGDI MT6,ICE,petrol,150,131.0,103.0,1377.0,
2025,KIA,CEEDSW SILBER UVO 1.6 CRDI 48V,HEV,diesel,2,119.0,100.0,1482.0,
2025,KIA,CEEDSW TITAN 1.0 TGDI MT6 100,ICE,petrol,208,124.0,74.0,1335.0,
2025,KIA,"E-SOUL GOLD UVO LR 64,0KWH AT",BEV,electric,1,0.0,29.0,1757.0,157.0
2025,KIA,"E-SOUL PLATIN UVO LR 64,0KWH A",BEV,electric,1,0.0,29.0,1757.0,157.0
2025,KIA,"EV3 AIR 56,7KWH AT FWD 204",BEV,electric,5,0.0,50.0,1800.0,149.0
2025,KIA,"EV3 AIR 56,7KWH AT FWD 204 HP",BEV,electric,39,0.0,50.0,1800.0,149.0
2025,KIA,"EV3 AIR 81,4KWH AT FWD 204",BEV,electric,97,0.0,50.0,1885.0,149.0
2025,KIA,"EV3 AIR 81,4KWH AT FWD 204 MY2",BEV,electric,27,0.0,50.0,1885.0,149.0
2025,KIA,"EV3 BIZ 81,4KWH AT FWD 204",BEV,electric,70,0.0,50.0,1885.0,150.0
2025,KIA,"EV3 BIZ 81,4KWH AT FWD 204 BIZ",BEV,electric,13,0.0,50.0,1885.0,150.0
2025,KIA,"EV3 EARTH 81,4KWH AT FWD 204",BEV,electric,305,0.0,50.0,1885.0,150.0
2025,KIA,"EV3 EARTH 81,4KWH AT FWD 204 M",BEV,electric,1,0.0,50.0,1885.0,150.0
2025,KIA,"EV3 EARTH PLUS 81,4KWH AT FWD",BEV,electric,244,0.0,50.0,1885.0,150.0
2025,KIA,"EV3 GT-LINE 81,4KWH AT FWD 204",BEV,electric,224,0.0,50.0,1885.0,155.0
2025,KIA,EV4 HB LRG RANGE,BEV,electric,1,0.0,50.0,1910.0,155.0
2025,KIA,EV4 HB LRG RANGE GT-LINE,BEV,electric,1,0.0,50.0,1910.0,158.0
2025,KIA,"EV4HB AIR 81,4KWH AT FWD 204 M",BEV,electric,3,0.0,50.0,1896.0,146.0
2025,KIA,"EV4HB BIZ 81,4KWH AT FWD 204 M",BEV,electric,1,0.0,50.0,1896.0,146.0
2025,KIA,"EV4HB BIZ 81,4KWH AT FWD 204 P",BEV,electric,1,0.0,50.0,1896.0,146.0
2025,KIA,"EV4HB EARTH PLUS 81,4KWH AT FW",BEV,electric,42,0.0,50.0,1905.0,152.0
2025,KIA,"EV4HB GT-LINE 81,4KWH AT FWD 2",BEV,electric,40,0.0,50.0,1910.0,158.0
2025,KIA,"EV4SE EARTH PLUS 81,4KWH AT FW",BEV,electric,10,0.0,50.0,1914.0,146.0
2025,KIA,"EV4SE GT-LINE 81,4KWH AT FWD 2",BEV,electric,11,0.0,50.0,1914.0,149.0
2025,KIA,"EV5 1ST EDITION 81,4KWH AT FWD",BEV,electric,7,0.0,53.0,2094.0,171.0
2025,KIA,"EV5 GT-LINE 81,4KWH AT FWD 216",BEV,electric,11,0.0,53.0,2092.0,178.0
2025,KIA,EV6 AIR 62.9KWH AT RWD 170,BEV,electric,2,0.0,42.0,1955.0,164.0
2025,KIA,"EV6 AIR 84,0KWH AT AWD 326",BEV,electric,9,0.0,81.0,2150.0,170.0
2025,KIA,"EV6 AIR 84,0KWH AT RWD 229",BEV,electric,13,0.0,56.0,2050.0,159.0
2025,KIA,"EV6 AIR BIZ 84,0KWH AT RWD 229",BEV,electric,25,0.0,56.0,2050.0,159.0
2025,KIA,"EV6 AIR PLUS 77,4KWH AT AWD 32",BEV,electric,4,0.0,81.0,2090.0,172.0
2025,KIA,"EV6 AIR PLUS 77,4KWH AT RWD 22",BEV,electric,4,0.0,56.0,1985.0,165.0
2025,KIA,"EV6 AIR PLUS 84,0KWH AT AWD 32",BEV,electric,21,0.0,81.0,2150.0,170.0
2025,KIA,"EV6 AIR PLUS 84,0KWH AT RWD 22",BEV,electric,33,0.0,56.0,2050.0,159.0
2025,KIA,"EV6 AIR PRO 77,4KWH AT RWD 229",BEV,electric,2,0.0,56.0,1985.0,165.0
2025,KIA,EV6 AWD LONG RANGE,BEV,electric,1,0.0,81.0,2160.0,177.0
2025,KIA,"EV6 GT 84,0KWH AT AWD GT 601",BEV,electric,1,0.0,159.0,2220.0,209.0
2025,KIA,"EV6 GT 84,0KWH AT AWD GT 601 S",BEV,electric,7,0.0,159.0,2220.0,209.0
2025,KIA,"EV6 GT-LINE 77,4KWH AT AWD 326",BEV,electric,10,0.0,81.0,2090.0,180.0
2025,KIA,"EV6 GT-LINE 77,4KWH AT RWD 229",BEV,electric,2,0.0,56.0,1985.0,172.0
2025,KIA,"EV6 GT-LINE 84,0KWH AT AWD 326",BEV,electric,6,0.0,81.0,2160.0,177.0
2025,KIA,"EV6 GT-LINE 84,0KWH AT RWD 229",BEV,electric,7,0.0,56.0,2060.0,169.0
2025,KIA,"EV6 GT-LINE PREMIUM 77,4KWH AT",BEV,electric,9,0.0,56.0,1985.0,172.0
2025,KIA,"EV6 GT-LINE PREMIUM 84,0KWH AT",BEV,electric,79,0.0,73.0,2129.0,174.0
2025,KIA,"EV6 SEM 77,4KWH AT RWD 229",BEV,electric,2,0.0,56.0,1985.0,165.0
2025,KIA,EV9 6 GT-LINE 100KWH AT AWD 38,BEV,electric,10,0.0,113.0,2648.0,220.0
2025,KIA,EV9 7 EARTH 100KWH AT AWD 384,BEV,electric,8,0.0,100.0,2625.0,220.0
2025,KIA,EV9 7 EARTH 100KWH AT RWD 203,BEV,electric,14,0.0,53.0,2501.0,201.0
2025,KIA,EV9 7 GT-LINE 100KWH AT AWD 38,BEV,electric,36,0.0,113.0,2664.0,220.0
2025,KIA,EV9 7 GT-LINE 100KWH AT AWD 43,BEV,electric,2,0.0,113.0,2664.0,228.0
2025,KIA,"NIROEV 0 E-MOTOR 64,8KWH AT 20",BEV,electric,1,0.0,50.0,1757.0,162.0
2025,KIA,"NIROEV BREEZE E-MOTOR 64,8KWH",BEV,electric,3,0.0,50.0,1757.0,162.0
2025,KIA,"NIROEV GOLD E-MOTOR 64,8KWH AT",BEV,electric,5,0.0,50.0,1757.0,162.0
2025,KIA,"NIROEV PLATIN E-MOTOR 64,8KWH",BEV,electric,9,0.0,50.0,1757.0,162.0
2025,KIA,"NIROEV SAM E-MOTOR 64,8KWH AT",BEV,electric,3,0.0,50.0,1757.0,162.0
2025,KIA,"NIROEV SILBER E-MOTOR 64,8KWH",BEV,electric,6,0.0,50.0,1757.0,162.0
2025,KIA,"NIROEV TITAN E-MOTOR 64,8KWH A",BEV,electric,1,0.0,50.0,1757.0,162.0
2025,KIA,NIROHEV GOLD 1.6 GDI DCT6 129,HEV,petrol,12,101.0,69.0,1474.0,
2025,KIA,NIROHEV GOLD 1.6 GDI DCT6 141,HEV,petrol,2,101.0,77.0,1474.0,
2025,KIA,NIROHEV PLATIN 1.6 GDI DCT6 12,HEV,petrol,4,106.0,69.0,1474.0,
2025,KIA,NIROHEV PLATIN 1.6 GDI DCT6 14,HEV,petrol,1,106.0,77.0,1474.0,
2025,KIA,NIROHEV SILBER 1.6 GDI DCT6 12,HEV,petrol,14,100.0,69.0,1474.0,
2025,KIA,NIROHEV TITAN 1.6 GDI DCT6 129,HEV,petrol,1,100.0,69.0,1474.0,
2025,KIA,NIROHEV TITAN 1.6 GDI DCT6 141,HEV,petrol,1,100.0,69.0,1474.0,
2025,KIA,NIROPHEV SILBER 1.6 GDI DCT6 1,PHEV,petrol/electric,2,36.0,72.0,1594.0,105.0
2025,KIA,"PICANTO 1,2 MPI ISG (E5)",ICE,petrol,1,123.0,58.0,990.0,
2025,KIA,"PICANTO GOLD 1,0 GDI AMT5 67 M",ICE,petrol,1,126.0,50.0,1025.0,
2025,KIA,"PICANTO GOLD 1,0 GDI MT5 67 MY",ICE,petrol,2,120.0,50.0,1020.0,
2025,KIA,PICANTO GOLD 1.2 DPI AMT5 79,ICE,petrol,14,125.0,58.0,991.0,
2025,KIA,PICANTO GOLD 1.2 DPI MT5 79,ICE,petrol,16,121.0,58.0,990.0,
2025,KIA,PICANTO GOLD UVO 1.2 DPI MT5 8,ICE,petrol,1,121.0,62.0,983.0,
2025,KIA,"PICANTO GT-LINE 1,0 GDI AMT5 6",ICE,petrol,2,132.0,50.0,1025.0,
2025,KIA,PICANTO GT-LINE 1.2 DPI AMT5 7,ICE,petrol,12,127.0,58.0,991.0,
2025,KIA,"PICANTO SILBER 1,0 GDI AMT5 67",ICE,petrol,24,126.0,50.0,1025.0,
2025,KIA,"PICANTO SILBER 1,0 GDI MT5 67",ICE,petrol,21,119.0,50.0,1020.0,
2025,KIA,PICANTO SILBER 1.0 DPI MT5 58,ICE,petrol,5,111.0,46.0,981.0,
2025,KIA,PICANTO SILBER 1.0 DPI MT5 63,ICE,petrol,13,111.0,46.0,981.0,
2025,KIA,PICANTO SILBER 1.2 DPI AMT5 79,ICE,petrol,47,124.0,58.0,991.0,
2025,KIA,PICANTO SILBER 1.2 DPI MT5 79,ICE,petrol,35,120.0,58.0,990.0,
2025,KIA,PICANTO SILBER 1.2 DPI MT5 84,ICE,petrol,2,118.0,62.0,983.0,
2025,KIA,"PICANTO TITAN 1,0 GDI MT5 67 M",ICE,petrol,74,118.0,50.0,1019.0,
2025,KIA,PICANTO TITAN 1.0 DPI MT5 58,ICE,petrol,3,110.0,46.0,981.0,
2025,KIA,PICANTO TITAN 1.0 DPI MT5 63,ICE,petrol,83,110.0,46.0,981.0,
2025,KIA,PICANTO TITAN 1.2 DPI MT5 79,ICE,petrol,53,119.0,58.0,990.0,
2025,KIA,PROCEED GT-LINE UVO 1.5 TGDI 4,HEV,petrol,29,129.0,103.0,1455.0,
2025,KIA,PROCEED GT-LINE UVO 1.5 TGDI 4,ICE,petrol,3,136.0,103.0,1425.0,
2025,KIA,"PV5 5S EARTH 71,2KWH AT 163 P1",BEV,electric,13,0.0,40.0,2145.0,193.0
2025,KIA,"PV5 5S EARTH PLUS 71,2KWH AT 1",BEV,electric,52,0.0,40.0,2145.0,193.0
2025,KIA,SORENTO 5S GOLD UVO 2.2 CRDI D,ICE,diesel,8,172.0,142.0,1887.0,
2025,KIA,SORENTO 5S PLATIN UVO 2.2 CRDI,ICE,diesel,42,173.0,142.0,1887.0,
2025,KIA,SORENTO 7S GOLD UVO 2.2 CRDI D,ICE,diesel,1,172.0,142.0,1929.0,
2025,KIA,SORENTO 7S PLATIN UVO 2.2 CRDI,ICE,diesel,39,173.0,142.0,1929.0,
2025,KIA,SORENTO PHEV 5S EDITION UVO 1.,PHEV,petrol/electric,5,38.0,132.0,2015.0,184.0
2025,KIA,SORENTO PHEV 5S GOLD UVO 1.6 T,PHEV,petrol/electric,3,37.0,122.0,2048.0,182.0
2025,KIA,SORENTO PHEV 5S PLATIN UVO 1.6,PHEV,petrol/electric,17,37.0,118.0,2065.0,182.0
2025,KIA,SORENTO PHEV 7S GOLD UVO 1.6 T,PHEV,petrol/electric,1,37.0,118.0,2105.0,182.0
2025,KIA,SORENTO PHEV 7S PLATIN UVO 1.6,PHEV,petrol/electric,17,37.0,118.0,2105.0,182.0
2025,KIA,SPORTAGE 1.6 TGDI DCT LP,ICE,petrol,26,157.0,110.0,1588.0,
2025,KIA,SPORTAGE 2F GT-LINE 1.6 TGDI D,ICE,petrol,8,172.0,123.0,1628.0,
2025,KIA,SPORTAGE 2F GT-LINE UVO 1.6 CR,HEV,diesel,1,149.0,100.0,1676.0,
2025,KIA,SPORTAGE 2F GT-LINE UVO 1.6 TG,HEV,petrol,7,143.0,118.0,1580.0,
2025,KIA,SPORTAGE ANNIVERSARY 1.6 TGDI,HEV,petrol,275,146.0,118.0,1603.0,
2025,KIA,SPORTAGE GOLD 1.6 TGDI DCT7 2W,ICE,petrol,26,161.0,110.0,1590.0,
2025,KIA,SPORTAGE GOLD 1.6 TGDI DCT7 4W,ICE,petrol,5,173.0,132.0,1652.0,
2025,KIA,SPORTAGE GOLD UVO 1.6 CRDI 48V,HEV,diesel,2,148.0,100.0,1676.0,
2025,KIA,SPORTAGE GOLD UVO 1.6 TGDI 48V,HEV,petrol,65,149.0,119.0,1609.0,
2025,KIA,SPORTAGE GT-LINE 1.6 TGDI DCT7,ICE,petrol,64,176.0,130.0,1648.0,
2025,KIA,SPORTAGE GT-LINE UVO 1.6 TGDI,HEV,petrol,7,158.0,124.0,1648.0,
2025,KIA,SPORTAGE HEV 2F GT-LINE UVO 1.,HEV,petrol,11,146.0,123.0,1715.0,
2025,KIA,SPORTAGE HEV GOLD UVO 1.6 TGDI,HEV,petrol,2,129.0,118.0,1649.0,
2025,KIA,SPORTAGE HEV GT-LINE UVO 1.6 T,HEV,petrol,3,146.0,132.0,1715.0,
2025,KIA,SPORTAGE HEV SILBER UVO 1.6 TG,HEV,petrol,4,127.0,118.0,1649.0,
2025,KIA,SPORTAGE PHEV 2F GT-LINE 1.6 T,PHEV,petrol/electric,1,72.0,132.0,1896.0,110.0
2025,KIA,SPORTAGE PHEV 2F GT-LINE UVO 1,PHEV,petrol/electric,6,27.0,122.0,1905.0,177.0
2025,KIA,SPORTAGE PHEV GOLD UVO 1.6 TGD,PHEV,petrol/electric,16,26.0,123.0,1905.0,176.0
2025,KIA,SPORTAGE PHEV GT-LINE 1.6 TGDI,PHEV,petrol/electric,1,72.0,132.0,1896.0,110.0
2025,KIA,SPORTAGE PHEV GT-LINE UVO 1.6,PHEV,petrol/electric,8,26.0,125.0,1905.0,175.0
2025,KIA,SPORTAGE PHEV SILBER UVO 1.6 T,PHEV,petrol/electric,7,25.0,128.0,1905.0,172.0
2025,KIA,SPORTAGE SILBER 1.6 CRDI 48V D,HEV,diesel,1,137.0,100.0,1658.0,
2025,KIA,SPORTAGE SILBER 1.6 CRDI 48V M,HEV,diesel,3,132.0,100.0,1632.0,
2025,KIA,SPORTAGE SILBER 1.6 TGDI DCT7,ICE,petrol,127,160.0,115.0,1604.0,
2025,KIA,SPORTAGE SILBER 1.6 TGDI MT6 2,ICE,petrol,97,162.0,110.0,1527.0,
2025,KIA,SPORTAGE SILBER UVO 1.6 CRDI 4,HEV,diesel,21,134.0,100.0,1601.0,
2025,KIA,SPORTAGE SILBER UVO 1.6 TGDI 4,HEV,petrol,110,141.0,118.0,1580.0,
2025,KIA,SPORTAGE SILBER UVO 1.6 TGDI M,ICE,petrol,143,156.0,117.0,1526.0,
2025,KIA,SPORTAGE SILBER+ 1.6 CRDI 48V,HEV,diesel,12,145.0,100.0,1676.0,
2025,KIA,SPORTAGE SILBER+ 1.6 TGDI 48V,HEV,petrol,7,155.0,118.0,1617.0,
2025,KIA,SPORTAGE TITAN 1.6 TGDI MT6 0,ICE,petrol,40,156.0,118.0,1526.0,
2025,KIA,SPORTAGE TITAN 1.6 TGDI MT6 2W,ICE,petrol,8,162.0,110.0,1525.0,
2025,KIA,STINGER GT UVO 3.3 TGDI AT8 AW,ICE,petrol,1,247.0,269.0,1933.0,
2025,KIA,STONIC GOLD UVO 1.0 TGDI DCT7,ICE,petrol,31,126.0,74.0,1230.0,
2025,KIA,STONIC GOLD UVO 1.0 TGDI MT6 1,ICE,petrol,35,125.0,74.0,1195.0,
2025,KIA,STONIC GOLD UVO 1.2 DPI MT5 79,ICE,petrol,8,132.0,58.0,1155.0,
2025,KIA,STONIC GT-LINE 1.0 TGDI 48V DC,HEV,petrol,5,126.0,85.0,1270.0,
2025,KIA,STONIC GT-LINE UVO 1.0 TGDI 48,HEV,petrol,13,128.0,74.0,1254.0,
2025,KIA,STONIC SILBER 1.0 TGDI DCT7 10,ICE,petrol,94,126.0,74.0,1230.0,
2025,KIA,STONIC SILBER 1.0 TGDI MT6 100,ICE,petrol,153,125.0,74.0,1197.0,
2025,KIA,STONIC SILBER 1.2 DPI MT5 79,ICE,petrol,39,132.0,58.0,1155.0,
2025,KIA,STONIC SILBER 1.2 DPI MT5 84,ICE,petrol,3,129.0,62.0,1155.0,
2025,KIA,STONIC SILBER UVO 1.0 TGDI DCT,ICE,petrol,4,127.0,74.0,1230.0,
2025,KIA,STONIC SILBER UVO 1.0 TGDI MT6,ICE,petrol,7,125.0,74.0,1195.0,
2025,KIA,STONIC SILBER UVO 1.2 DPI MT5,ICE,petrol,3,131.0,59.0,1155.0,
2025,KIA,STONIC TITAN 1.0 TGDI MT6 100,ICE,petrol,91,124.0,74.0,1195.0,
2025,KIA,STONIC TITAN 1.2 DPI MT5 79,ICE,petrol,63,130.0,58.0,1155.0,
2025,KIA,STONIC TITAN 1.2 DPI MT5 79 P1,ICE,petrol,1,130.0,58.0,1155.0,
2025,KIA,XCEED 1.5 TGDI DCT,ICE,petrol,1,141.0,103.0,1400.0,
2025,KIA,XCEED GOLD 1.0 TGDI 48V DCT7 1,HEV,petrol,2,139.0,85.0,1381.0,
2025,KIA,XCEED GOLD 1.0 TGDI MT6 115 MY,ICE,petrol,2,139.0,85.0,1351.0,
2025,KIA,XCEED GOLD 1.0 TGDI MT6 115 P1,ICE,petrol,3,139.0,85.0,1351.0,
2025,KIA,XCEED GOLD 1.6 TGDI DCT7 150 M,ICE,petrol,1,150.0,110.0,1419.0,
2025,KIA,XCEED GOLD 1.6 TGDI DCT7 150 P,ICE,petrol,15,150.0,110.0,1419.0,
2025,KIA,XCEED GOLD UVO 1.0 TGDI MT6 10,ICE,petrol,3,137.0,74.0,1347.0,
2025,KIA,XCEED GOLD UVO 1.5 TGDI 48V DC,HEV,petrol,14,138.0,108.0,1430.0,
2025,KIA,XCEED GOLD UVO 1.5 TGDI MT6 14,ICE,petrol,26,142.0,103.0,1370.0,
2025,KIA,XCEED GT-LINE 1.6 TGDI DCT7 18,ICE,petrol,1,152.0,132.0,1419.0,
2025,KIA,XCEED GT-LINE UVO 1.5 TGDI 48V,HEV,petrol,1,138.0,103.0,1430.0,
2025,KIA,XCEED SILBER 1.0 TGDI 48V DCT7,HEV,petrol,46,137.0,85.0,1381.0,
2025,KIA,XCEED SILBER 1.0 TGDI MT6 100,ICE,petrol,54,136.0,74.0,1347.0,
2025,KIA,XCEED SILBER 1.0 TGDI MT6 115,ICE,petrol,45,137.0,85.0,1351.0,
2025,KIA,XCEED SILBER 1.0 TGDI MT6 120,ICE,petrol,4,135.0,88.0,1347.0,
2025,KIA,XCEED SILBER 1.5 TGDI 48V DCT7,HEV,petrol,19,137.0,104.0,1430.0,
2025,KIA,XCEED SILBER 1.5 TGDI MT6 140,ICE,petrol,37,139.0,103.0,1370.0,
2025,KIA,XCEED SILBER 1.5 TGDI MT6 160,ICE,petrol,2,139.0,118.0,1370.0,
2025,KIA,XCEED SILBER 1.6 TGDI DCT7 150,ICE,petrol,12,148.0,110.0,1419.0,
2025,KOENIGSEGG,JESKO,ICE,petrol,1,410.0,940.0,1625.0,
2025,KTM,X-BOW GT-XR,ICE,petrol,26,214.0,368.0,1250.0,
2025,LAMBORGHINI,HURACAN,ICE,petrol,3,329.0,470.0,1548.0,
2025,LAMBORGHINI,REVUELTO,PHEV,petrol/electric,9,276.0,607.0,1967.0,101.0
2025,LAMBORGHINI,TEMERARIO,PHEV,petrol/electric,1,272.0,588.0,1907.0,43.0
2025,LAMBORGHINI,URUS,ICE,petrol,14,320.0,490.0,2248.0,
2025,LAMBORGHINI,URUS,PHEV,petrol/electric,55,65.0,456.0,2580.0,341.0
2025,LANCIA,YPSILON,HEV,petrol,1,,155.0,1282.0,
2025,LAND ROVER,DEFENDER 110 D200 S AWD AUT.,HEV,diesel,21,226.0,147.0,2484.0,
2025,LAND ROVER,DEFENDER 110 D200 SE AWD,HEV,diesel,1,224.0,147.0,2436.0,
2025,LAND ROVER,DEFENDER 110 D200 X-DYNAMIC SE,HEV,diesel,14,226.0,147.0,2509.0,
2025,LAND ROVER,DEFENDER 110 D250 S AWD AUT.,HEV,diesel,2,229.0,183.0,2438.0,
2025,LAND ROVER,DEFENDER 110 D250 SE AWD,HEV,diesel,1,225.0,183.0,2436.0,
2025,LAND ROVER,DEFENDER 110 D250 X-DYNAMIC HS,HEV,diesel,5,230.0,183.0,2538.0,
2025,LAND ROVER,DEFENDER 110 D250 X-DYNAMIC SE,HEV,diesel,30,227.0,183.0,2511.0,
2025,LAND ROVER,DEFENDER 110 D300 SEDONA EDITI,HEV,diesel,1,230.0,221.0,2436.0,
2025,LAND ROVER,DEFENDER 110 D300 SEDONA RED E,HEV,diesel,2,229.0,221.0,2515.0,
2025,LAND ROVER,DEFENDER 110 D300 X AWD AUT.,HEV,diesel,1,231.0,221.0,2515.0,
2025,LAND ROVER,DEFENDER 110 D300 X-DYNAMIC HS,HEV,diesel,13,229.0,221.0,2502.0,
2025,LAND ROVER,DEFENDER 110 D300 X-DYNAMIC SE,HEV,diesel,10,227.0,221.0,2497.0,
2025,LAND ROVER,DEFENDER 110 D350 AWD AUT.,HEV,diesel,2,240.0,258.0,2515.0,
2025,LAND ROVER,DEFENDER 110 D350 X-DYNAMIC HS,HEV,diesel,2,229.0,258.0,2515.0,
2025,LAND ROVER,DEFENDER 110 D350 X-DYNAMIC SE,HEV,diesel,1,237.0,258.0,2515.0,
2025,LAND ROVER,DEFENDER 110 P300E S AWD AUT.,PHEV,petrol/electric,53,62.0,165.0,2693.0,259.0
2025,LAND ROVER,DEFENDER 110 P300E X AWD AUT.,PHEV,petrol/electric,5,66.0,165.0,2693.0,266.0
2025,LAND ROVER,DEFENDER 110 P300E X-DYNAMIC H,PHEV,petrol/electric,41,71.0,165.0,2691.0,256.0
2025,LAND ROVER,DEFENDER 110 P300E X-DYNAMIC S,PHEV,petrol/electric,60,75.0,165.0,2693.0,244.0
2025,LAND ROVER,DEFENDER 110 P400E S AWD,PHEV,petrol/electric,1,67.0,221.0,2637.0,256.0
2025,LAND ROVER,DEFENDER 110 P400E X AWD AUT.,PHEV,petrol/electric,1,66.0,165.0,2613.0,266.0
2025,LAND ROVER,DEFENDER 110 P400E X-DYNAMIC H,PHEV,petrol/electric,1,64.0,165.0,2613.0,262.0
2025,LAND ROVER,DEFENDER 110 P400E X-DYNAMIC S,PHEV,petrol/electric,5,61.0,187.0,2613.0,254.0
2025,LAND ROVER,DEFENDER 110 P425 X AWD AUT.,ICE,petrol,1,321.0,313.0,2484.0,
2025,LAND ROVER,DEFENDER 110 P425 X-DYNAMIC HS,ICE,petrol,1,322.0,313.0,2411.0,
2025,LAND ROVER,DEFENDER 110 P425 X-DYNAMIC SE,ICE,petrol,1,319.0,313.0,2484.0,
2025,LAND ROVER,DEFENDER 110 P525 AWD AUT.,ICE,petrol,1,334.0,386.0,2678.0,
2025,LAND ROVER,DEFENDER 110 P635 OCTA AWD AUT,HEV,petrol,13,299.0,467.0,2671.0,
2025,LAND ROVER,DEFENDER 110 P635 OCTA EDITION,HEV,petrol,6,302.0,467.0,2671.0,
2025,LAND ROVER,DEFENDER 130 D250 X-DYNAMIC SE,HEV,diesel,2,229.0,183.0,2691.0,
2025,LAND ROVER,DEFENDER 130 D300 X AWD AUT.,HEV,diesel,1,234.0,221.0,2723.0,
2025,LAND ROVER,DEFENDER 130 D300 X-DYNAMIC HS,HEV,diesel,2,232.0,221.0,2717.0,
2025,LAND ROVER,DEFENDER 130 D300 X-DYNAMIC SE,HEV,diesel,1,231.0,221.0,2711.0,
2025,LAND ROVER,DEFENDER 90 D200 S AWD AUT.,HEV,diesel,2,225.0,147.0,2348.0,
2025,LAND ROVER,DEFENDER 90 D250 X-DYNAMIC SE,HEV,diesel,3,228.0,183.0,2394.0,
2025,LAND ROVER,DEFENDER 90 D300 SE AWD,HEV,diesel,1,221.0,221.0,2316.0,
2025,LAND ROVER,DEFENDER 90 D300 X-DYNAMIC HSE,HEV,diesel,3,225.0,221.0,2394.0,
2025,LAND ROVER,DEFENDER 90 D300 X-DYNAMIC SE,HEV,diesel,1,222.0,221.0,2410.0,
2025,LAND ROVER,DEFENDER 90 P525 XV8 AWD AUT.,ICE,petrol,1,321.0,386.0,2546.0,
2025,LAND ROVER,DISCOVERY D250 DYNAMIC SE AWD,HEV,diesel,2,215.0,183.0,2480.0,
2025,LAND ROVER,DISCOVERY D250 R-DYNAMIC HSE A,HEV,diesel,2,219.0,183.0,2474.0,
2025,LAND ROVER,DISCOVERY D250 R-DYNAMIC SE AW,HEV,diesel,6,217.0,183.0,2486.0,
2025,LAND ROVER,DISCOVERY D250 S AWD,HEV,diesel,1,210.0,183.0,2455.0,
2025,LAND ROVER,DISCOVERY D350 R-DYNAMIC HSE A,HEV,diesel,1,222.0,258.0,2529.0,
2025,LAND ROVER,DISCOVERY D350 R-DYNAMIC SE AW,HEV,diesel,2,218.0,258.0,2502.0,
2025,LAND ROVER,DISCOVERY D350 S AWD,HEV,diesel,4,220.0,258.0,2529.0,
2025,LAND ROVER,DISCOVERY D350 TEMPEST AWD AUT,HEV,diesel,1,222.0,258.0,2529.0,
2025,LAND ROVER,DISCOVERY SPORT D163 DYNAMIC S,HEV,diesel,5,176.0,120.0,2026.0,
2025,LAND ROVER,DISCOVERY SPORT D163 S AWD AUT,HEV,diesel,7,176.0,120.0,2026.0,
2025,LAND ROVER,DISCOVERY SPORT D165 R-DYNAMIC,HEV,diesel,4,176.0,120.0,1949.0,
2025,LAND ROVER,DISCOVERY SPORT D165 S AWD AUT,HEV,diesel,16,176.0,120.0,1972.0,
2025,LAND ROVER,DISCOVERY SPORT D165 SE AWD AU,HEV,diesel,1,175.0,120.0,1949.0,
2025,LAND ROVER,DISCOVERY SPORT D200 R-DYNAMIC,HEV,diesel,2,179.0,150.0,1949.0,
2025,LAND ROVER,DISCOVERY SPORT D204 DYNAMIC S,HEV,diesel,1,177.0,150.0,2026.0,
2025,LAND ROVER,DISCOVERY SPORT D204 S AWD AUT,HEV,diesel,2,176.0,150.0,2026.0,
2025,LAND ROVER,DISCOVERY SPORT P269E DYNAMIC,PHEV,petrol/electric,15,36.0,118.0,2229.0,201.0
2025,LAND ROVER,DISCOVERY SPORT P269E S AWD AU,PHEV,petrol/electric,4,36.0,118.0,2229.0,201.0
2025,LAND ROVER,DISCOVERY SPORT P270E R-DYNAMI,PHEV,petrol/electric,7,36.0,118.0,2194.0,202.0
2025,LAND ROVER,DISCOVERY SPORT P300E R-DYNAMI,PHEV,petrol/electric,1,35.0,147.0,2168.0,189.0
2025,LAND ROVER,EVOQUE P300E SE AWD AUT.,PHEV,petrol/electric,1,33.0,147.0,2157.0,185.0
2025,LAND ROVER,RANGE ROVER,PHEV,petrol/electric,1,18.0,294.0,2810.0,292.0
2025,LAND ROVER,RANGE ROVER D300 AUTOBIOGRAPHY,HEV,diesel,1,202.0,221.0,2505.0,
2025,LAND ROVER,RANGE ROVER D300 HSE AWD AUT.,HEV,diesel,2,199.0,221.0,2505.0,
2025,LAND ROVER,RANGE ROVER D350 AUTOBIOGRAPHY,HEV,diesel,15,202.0,258.0,2538.0,
2025,LAND ROVER,RANGE ROVER D350 HSE AWD AUT.,HEV,diesel,5,199.0,258.0,2504.0,
2025,LAND ROVER,RANGE ROVER D350 SV AWD AUT.,HEV,diesel,1,203.0,258.0,2504.0,
2025,LAND ROVER,RANGE ROVER D350 SV LWB AWD,HEV,diesel,1,213.0,258.0,2569.0,
2025,LAND ROVER,RANGE ROVER EVOQUE D163 DYNAMI,HEV,diesel,10,170.0,120.0,1967.0,
2025,LAND ROVER,RANGE ROVER EVOQUE D163 S AWD,HEV,diesel,9,170.0,120.0,1967.0,
2025,LAND ROVER,RANGE ROVER EVOQUE D165 R-DYNA,HEV,diesel,14,170.0,120.0,1945.0,
2025,LAND ROVER,RANGE ROVER EVOQUE D165 S AWD,HEV,diesel,17,170.0,120.0,1903.0,
2025,LAND ROVER,"RANGE ROVER EVOQUE D165 S AWD,",HEV,diesel,1,171.0,120.0,1890.0,
2025,LAND ROVER,RANGE ROVER EVOQUE D165 S FWD,ICE,diesel,1,162.0,120.0,1855.0,
2025,LAND ROVER,RANGE ROVER EVOQUE D200 DYNAMI,HEV,diesel,1,171.0,150.0,1941.0,
2025,LAND ROVER,RANGE ROVER EVOQUE D200 R-DYNA,HEV,diesel,7,170.0,150.0,1970.0,
2025,LAND ROVER,RANGE ROVER EVOQUE D200 S AWD,HEV,diesel,4,170.0,150.0,1979.0,
2025,LAND ROVER,RANGE ROVER EVOQUE P269E AUTOB,PHEV,petrol/electric,4,34.0,118.0,2192.0,197.0
2025,LAND ROVER,RANGE ROVER EVOQUE P269E DYNAM,PHEV,petrol/electric,52,34.0,118.0,2192.0,196.0
2025,LAND ROVER,RANGE ROVER EVOQUE P269E S AWD,PHEV,petrol/electric,146,35.0,118.0,2192.0,193.0
2025,LAND ROVER,RANGE ROVER EVOQUE P270E AUTOB,PHEV,petrol/electric,1,34.0,118.0,2192.0,197.0
2025,LAND ROVER,RANGE ROVER EVOQUE P270E DYNAM,PHEV,petrol/electric,1,34.0,118.0,2157.0,195.0
2025,LAND ROVER,RANGE ROVER EVOQUE P270E R-DYN,PHEV,petrol/electric,6,34.0,118.0,2174.0,196.0
2025,LAND ROVER,RANGE ROVER EVOQUE P270E S AWD,PHEV,petrol/electric,10,34.0,118.0,2167.0,196.0
2025,LAND ROVER,RANGE ROVER EVOQUE P300E R-DYN,PHEV,petrol/electric,4,33.0,132.0,2165.0,190.0
2025,LAND ROVER,RANGE ROVER EVOQUE P300E S AWD,PHEV,petrol/electric,12,33.0,127.0,2162.0,191.0
2025,LAND ROVER,RANGE ROVER LWB P615 SV AWD AU,HEV,petrol,1,270.0,452.0,2785.0,
2025,LAND ROVER,RANGE ROVER P460E AUTOBIOGRAPH,PHEV,petrol/electric,31,18.0,294.0,2780.0,297.0
2025,LAND ROVER,RANGE ROVER P460E HSE AWD AUT.,PHEV,petrol/electric,27,17.0,294.0,2771.0,293.0
2025,LAND ROVER,RANGE ROVER P460E SE AWD AUT.,PHEV,petrol/electric,5,17.0,294.0,2770.0,290.0
2025,LAND ROVER,RANGE ROVER P530 AUTOBIOGRAPHY,HEV,petrol,11,265.0,390.0,2639.0,
2025,LAND ROVER,RANGE ROVER P550E AUTOBIOGRAPH,PHEV,petrol/electric,50,18.0,294.0,2800.0,298.0
2025,LAND ROVER,RANGE ROVER P550E HSE AWD AUT.,PHEV,petrol/electric,3,18.0,294.0,2796.0,296.0
2025,LAND ROVER,RANGE ROVER P615 AWD AUT.,HEV,petrol,5,267.0,452.0,2791.0,
2025,LAND ROVER,RANGE ROVER P615 LWB AWD,HEV,petrol,1,270.0,452.0,2785.0,
2025,LAND ROVER,RANGE ROVER SPORT,HEV,diesel,1,190.0,183.0,2390.0,
2025,LAND ROVER,RANGE ROVER SPORT,PHEV,petrol/electric,1,19.0,294.0,2810.0,300.0
2025,LAND ROVER,RANGE ROVER SPORT D250 DYNAMIC,HEV,diesel,7,193.0,183.0,2390.0,
2025,LAND ROVER,RANGE ROVER SPORT D250 SE AWD,HEV,diesel,1,199.0,183.0,2390.0,
2025,LAND ROVER,RANGE ROVER SPORT D300 DYNAMIC,HEV,diesel,32,194.0,221.0,2390.0,
2025,LAND ROVER,RANGE ROVER SPORT D350 AUTOBIO,HEV,diesel,17,197.0,258.0,2435.0,
2025,LAND ROVER,RANGE ROVER SPORT P460E DYNAMI,PHEV,petrol/electric,214,18.0,294.0,2735.0,289.0
2025,LAND ROVER,RANGE ROVER SPORT P460E S AWD,PHEV,petrol/electric,17,22.0,294.0,2735.0,279.0
2025,LAND ROVER,RANGE ROVER SPORT P460E SE AWD,PHEV,petrol/electric,2,17.0,294.0,2735.0,288.0
2025,LAND ROVER,RANGE ROVER SPORT P530 AUTOBIO,HEV,petrol,5,261.0,390.0,2580.0,
2025,LAND ROVER,RANGE ROVER SPORT P550E AUTOBI,PHEV,petrol/electric,82,20.0,294.0,2802.0,292.0
2025,LAND ROVER,RANGE ROVER SPORT P635 SV AWD,HEV,petrol,1,276.0,467.0,2560.0,
2025,LAND ROVER,RANGE ROVER SPORT P635 SV EDIT,HEV,petrol,7,274.0,467.0,2560.0,
2025,LAND ROVER,RANGE ROVER SWB D350 AUTOBIOGR,HEV,diesel,1,200.0,258.0,2504.0,
2025,LAND ROVER,RANGE ROVER SWB P530 AUTOBIOGR,HEV,petrol,1,265.0,390.0,2585.0,
2025,LAND ROVER,RANGE ROVER SWB P550E AUTOBIOG,PHEV,petrol/electric,2,69.0,294.0,2810.0,220.0
2025,LAND ROVER,RANGE ROVER VELAR D200 DYNAMIC,HEV,diesel,4,174.0,150.0,2037.0,
2025,LAND ROVER,RANGE ROVER VELAR D200 S AWD A,HEV,diesel,5,170.0,150.0,2021.0,
2025,LAND ROVER,RANGE ROVER VELAR D204 DYNAMIC,HEV,diesel,6,174.0,150.0,2049.0,
2025,LAND ROVER,RANGE ROVER VELAR D204 S AWD A,HEV,diesel,3,169.0,150.0,2049.0,
2025,LAND ROVER,RANGE ROVER VELAR D300 AUTOBIO,HEV,diesel,2,198.0,221.0,2164.0,
2025,LAND ROVER,RANGE ROVER VELAR D300 DYNAMIC,HEV,diesel,3,194.0,221.0,2137.0,
2025,LAND ROVER,RANGE ROVER VELAR P400 AUTOBIO,HEV,petrol,2,228.0,294.0,2125.0,
2025,LAND ROVER,RANGE ROVER VELAR P400E DYNAMI,PHEV,petrol/electric,21,41.0,221.0,2288.0,251.0
2025,LAND ROVER,RANGE ROVER VELAR P400E S AWD,PHEV,petrol/electric,3,40.0,221.0,2289.0,252.0
2025,LAND ROVER,RANGE ROVER VELAR P404E AUTOBI,PHEV,petrol/electric,9,43.0,221.0,2308.0,257.0
2025,LAND ROVER,RANGE ROVER VELAR P404E DYNAMI,PHEV,petrol/electric,36,42.0,221.0,2308.0,256.0
2025,LAND ROVER,RANGE ROVER VELAR P404E S AWD,PHEV,petrol/electric,12,40.0,221.0,2308.0,252.0
2025,LEAPMOTOR,B10,BEV,electric,177,0.0,70.0,1920.0,173.0
2025,LEAPMOTOR,C10,BEV,electric,192,0.0,106.0,2050.0,191.0
2025,LEAPMOTOR,C10,PHEV,petrol/electric,194,10.0,65.0,2032.0,204.0
2025,LEAPMOTOR,T03,BEV,electric,285,0.0,39.0,1250.0,163.0
2025,LEXUS,ES300H,HEV,petrol,24,120.0,131.0,1755.0,
2025,LEXUS,LBX,HEV,petrol,120,103.0,67.0,1364.0,
2025,LEXUS,LC500,ICE,petrol,1,275.0,341.0,2110.0,
2025,LEXUS,LC500H,HEV,petrol,1,184.0,220.0,2055.0,
2025,LEXUS,NX350H,HEV,petrol,46,135.0,138.0,1836.0,
2025,LEXUS,NX450H+,PHEV,petrol/electric,45,23.0,136.0,2065.0,176.0
2025,LEXUS,RX350H,HEV,petrol,12,143.0,140.0,2040.0,
2025,LEXUS,RX450H+,PHEV,petrol/electric,33,25.0,136.0,2185.0,179.0
2025,LEXUS,RX500H,HEV,petrol,6,184.0,200.0,2180.0,
2025,LEXUS,RZ300E,BEV,electric,23,0.0,73.0,2040.0,150.0
2025,LEXUS,RZ450E,BEV,electric,1,0.0,132.0,2175.0,184.0
2025,LEXUS,UX300H,HEV,petrol,24,118.0,112.0,1580.0,
2025,LOTUS,ELETRE,BEV,electric,1,0.0,250.0,2725.0,410.0
2025,LOTUS,EMEYA,BEV,electric,1,0.0,140.0,2580.0,187.0
2025,LOTUS,EMIRA,ICE,petrol,2,208.0,268.0,1530.0,
2025,MAN,TGE,ICE,diesel,8,272.0,123.0,2752.0,
2025,MASERATI,GERECALE GT,HEV,petrol,1,200.0,221.0,1945.0,
2025,MASERATI,GRANCABRIO TROFEO,ICE,petrol,1,237.0,404.0,1970.0,
2025,MASERATI,GRANTURISMO FOLGORE,BEV,electric,2,0.0,141.0,2375.0,223.0
2025,MASERATI,GRECALE MODENA,HEV,petrol,1,210.0,243.0,2002.0,
2025,MASERATI,GRECALE MODENA TROFEO GT FOLGO,BEV,electric,4,0.0,136.0,2555.0,261.0
2025,MASERATI,GRECALE TROFEO,ICE,petrol,2,254.0,390.0,2104.0,
2025,MASERATI,MC20 (CIELO),ICE,petrol,1,265.0,463.0,1635.0,
2025,MAZDA,6E,BEV,electric,312,0.0,60.0,2037.0,165.0
2025,MAZDA,CX-30,HEV,petrol,2902,142.0,105.0,1494.0,
2025,MAZDA,CX-5,HEV,petrol,1,146.0,121.0,1624.0,
2025,MAZDA,CX-60,HEV,diesel,669,140.0,184.0,2001.0,
2025,MAZDA,CX-60,PHEV,petrol/electric,413,32.0,141.0,2110.0,230.0
2025,MAZDA,CX-80,HEV,diesel,200,150.0,187.0,2188.0,
2025,MAZDA,CX-80,PHEV,petrol/electric,177,35.0,141.0,2300.0,238.0
2025,MAZDA,MAZDA2,HEV,petrol,90,107.0,66.0,1112.0,
2025,MAZDA,MAZDA2,ICE,petrol,103,110.0,55.0,1100.0,
2025,MAZDA,MAZDA2 HYBRID,HEV,petrol,637,91.0,68.0,1195.0,
2025,MAZDA,MAZDA3,HEV,petrol,1122,136.0,104.0,1452.0,
2025,MAZDA,MAZDA6,ICE,petrol,11,155.0,113.0,1489.0,
2025,MAZDA,MX-30,PHEV,petrol/electric,19,21.0,55.0,1852.0,176.0
2025,MAZDA,MX-30 E-SKYACTIV EV MAKO,BEV,electric,1,0.0,81.0,1720.0,179.0
2025,MAZDA,MX-5,ICE,petrol,70,140.0,97.0,1091.0,
2025,MCLAREN,750S COUPE,ICE,petrol,3,276.0,552.0,1464.0,
2025,MCLAREN,750S SPIDER,ICE,petrol,3,276.0,552.0,1513.0,
2025,MCLAREN,ARTURA COUPE,PHEV,petrol/electric,3,105.3,434.7,1573.0,233.7
2025,MCLAREN,ARTURA SPIDER,PHEV,petrol/electric,21,108.0,445.0,1636.0,207.0
2025,MCLAREN,ATURA SPIDER,PHEV,petrol/electric,1,108.0,445.0,1636.0,207.0
2025,MERCEDES- BENZ,SPRINTER,ICE,diesel,1,322.0,140.0,2465.0,
2025,MERCEDES-AMG,AMG G 63 4X42,ICE,petrol,2,456.0,430.0,2866.0,
2025,MERCEDES-AMG,AMG GT 43,HEV,petrol,1,235.0,310.0,1790.0,
2025,MERCEDES-AMG,AMG GT 43 4MATIC+,HEV,petrol,1,217.0,270.0,2040.0,
2025,MERCEDES-AMG,AMG GT 53 4MATIC+,HEV,petrol,3,221.0,320.0,2045.0,
2025,MERCEDES-AMG,AMG GT 55 4MATIC+,ICE,petrol,2,319.0,350.0,1970.0,
2025,MERCEDES-AMG,AMG GT 63 4MATIC+,ICE,petrol,12,319.0,430.0,1970.0,
2025,MERCEDES-AMG,AMG GT 63 PRO 4MATIC+,ICE,petrol,2,319.0,450.0,1950.0,
2025,MERCEDES-AMG,AMG GT 63 S E PERFORMANCE,PHEV,petrol/electric,14,192.0,460.0,2287.0,126.0
2025,MERCEDES-AMG,AMG ONE,PHEV,petrol/electric,1,250.0,422.0,1770.0,498.0
2025,MERCEDES-AMG,AMG SL 43,HEV,petrol,4,207.0,302.0,1810.0,
2025,MERCEDES-AMG,AMG SL 55 4MATIC+,ICE,petrol,1,292.0,350.0,1950.0,
2025,MERCEDES-AMG,AMG SL 63 4MATIC+,ICE,petrol,12,298.0,430.0,1970.0,
2025,MERCEDES-AMG,AMG SL 63 S E PERFORMANCE,PHEV,petrol/electric,9,177.0,450.0,2195.0,118.0
2025,MERCEDES-BENZ,A 180,HEV,petrol,170,135.0,100.0,1440.0,
2025,MERCEDES-BENZ,A 180 D,ICE,diesel,249,136.0,85.0,1530.0,
2025,MERCEDES-BENZ,A 200,HEV,petrol,14,137.0,120.0,1440.0,
2025,MERCEDES-BENZ,A 200 D,ICE,diesel,35,133.0,110.0,1530.0,
2025,MERCEDES-BENZ,A 220 4MATIC,HEV,petrol,13,159.0,140.0,1576.0,
2025,MERCEDES-BENZ,A 220 D,ICE,diesel,1,141.0,140.0,1560.0,
2025,MERCEDES-BENZ,A 250 4MATIC,HEV,petrol,5,161.0,165.0,1584.0,
2025,MERCEDES-BENZ,A 250 E,PHEV,petrol/electric,20,23.0,120.0,1703.0,174.0
2025,MERCEDES-BENZ,AMG A 35 4MATIC,HEV,petrol,5,193.0,225.0,1645.0,
2025,MERCEDES-BENZ,AMG A 45 S 4MATIC+,ICE,petrol,6,207.0,310.0,1680.0,
2025,MERCEDES-BENZ,AMG C 63 S E PERFORMANCE,PHEV,petrol/electric,6,165.0,350.0,2177.0,121.0
2025,MERCEDES-BENZ,AMG CLA 45 S 4MATIC+,ICE,petrol,5,206.0,310.0,1735.0,
2025,MERCEDES-BENZ,AMG CLE 53 4MATIC,HEV,petrol,65,215.0,330.0,2040.0,
2025,MERCEDES-BENZ,AMG E 53 HYBRID,PHEV,petrol/electric,123,34.0,330.0,2412.0,240.0
2025,MERCEDES-BENZ,AMG EQE 43 4MATIC,BEV,electric,4,0.0,135.0,2600.0,242.0
2025,MERCEDES-BENZ,AMG EQE 53 4MATIC+,BEV,electric,3,0.0,185.0,2640.0,240.0
2025,MERCEDES-BENZ,AMG EQS 53 4MATIC+,BEV,electric,2,0.0,185.0,2677.0,238.0
2025,MERCEDES-BENZ,AMG G 63,HEV,petrol,40,338.0,430.0,2640.0,
2025,MERCEDES-BENZ,AMG GLA 35 4MATIC,HEV,petrol,10,203.0,225.0,1750.0,
2025,MERCEDES-BENZ,AMG GLA 45 S 4MATIC+,ICE,petrol,1,217.0,310.0,1770.0,
2025,MERCEDES-BENZ,AMG GLB 35 4MATIC,HEV,petrol,8,207.0,225.0,1820.0,
2025,MERCEDES-BENZ,AMG GLC 43 4MATIC,HEV,petrol,16,230.0,310.0,1981.0,
2025,MERCEDES-BENZ,AMG GLC 63S E PERFORMANCE,PHEV,petrol/electric,8,195.0,350.0,2310.0,93.0
2025,MERCEDES-BENZ,AMG GLE 53 4MATIC+ COUPE,HEV,petrol,1,237.0,320.0,2375.0,
2025,MERCEDES-BENZ,AMG GLE 53 HYBRID,PHEV,petrol/electric,223,51.0,330.0,2800.0,277.0
2025,MERCEDES-BENZ,AMG GLE 53 HYBRID COUPE,PHEV,petrol/electric,101,33.0,330.0,2780.0,289.0
2025,MERCEDES-BENZ,AMG GLE 63 S 4MATIC+,HEV,petrol,4,288.0,450.0,2495.0,
2025,MERCEDES-BENZ,AMG GLE 63 S 4MATIC+COUPE,HEV,petrol,4,285.0,450.0,2505.0,
2025,MERCEDES-BENZ,AMG GLS 63 4MATIC+,HEV,petrol,5,304.0,450.0,2700.0,
2025,MERCEDES-BENZ,AMG S 63 E PERFORMANCE,PHEV,petrol/electric,8,112.0,450.0,2601.0,207.0
2025,MERCEDES-BENZ,B 180,HEV,petrol,93,137.0,100.0,1490.0,
2025,MERCEDES-BENZ,B 180 D,ICE,diesel,132,137.0,85.0,1580.0,
2025,MERCEDES-BENZ,B 200,HEV,petrol,9,140.0,120.0,1490.0,
2025,MERCEDES-BENZ,B 200 D,ICE,diesel,14,135.0,110.0,1580.0,
2025,MERCEDES-BENZ,B 220 4MATIC,HEV,petrol,6,160.0,140.0,1625.0,
2025,MERCEDES-BENZ,B 220 D,ICE,diesel,2,139.0,140.0,1610.0,
2025,MERCEDES-BENZ,B 250 E,PHEV,petrol/electric,5,33.0,120.0,1755.0,161.0
2025,MERCEDES-BENZ,C 180,HEV,petrol,12,145.0,125.0,1692.0,
2025,MERCEDES-BENZ,C 200,HEV,petrol,6,144.0,150.0,1706.0,
2025,MERCEDES-BENZ,C 200 4MATIC,HEV,petrol,22,157.0,150.0,1763.0,
2025,MERCEDES-BENZ,C 200 D,HEV,diesel,337,124.0,120.0,1830.0,
2025,MERCEDES-BENZ,C 220 D,HEV,diesel,25,122.0,145.0,1827.0,
2025,MERCEDES-BENZ,C 220 D 4MATIC,HEV,diesel,284,129.0,145.0,1890.0,
2025,MERCEDES-BENZ,C 220D 4MATIC ALL-TERRAIN,HEV,diesel,13,130.0,145.0,1940.0,
2025,MERCEDES-BENZ,C 300 4MATIC,HEV,petrol,1,157.0,190.0,1830.0,
2025,MERCEDES-BENZ,C 300 DE,PHEV,diesel/electric,8,15.0,145.0,2168.0,187.0
2025,MERCEDES-BENZ,C 300 DE 4MATIC,PHEV,diesel/electric,116,17.0,145.0,2222.0,196.0
2025,MERCEDES-BENZ,C 300 E,PHEV,petrol/electric,12,22.0,150.0,2102.0,184.0
2025,MERCEDES-BENZ,C 300 E 4MATIC,PHEV,petrol/electric,11,22.0,150.0,2133.0,193.0
2025,MERCEDES-BENZ,C 400 E 4MATIC,PHEV,petrol/electric,4,44.0,185.0,2130.0,165.0
2025,MERCEDES-BENZ,CITAN TOURER,ICE,diesel,29,138.0,79.0,1645.0,
2025,MERCEDES-BENZ,CITAN TOURER,ICE,petrol,36,160.0,96.0,1704.0,
2025,MERCEDES-BENZ,CLA 180,HEV,petrol,27,137.0,100.0,1515.0,
2025,MERCEDES-BENZ,CLA 180 D,ICE,diesel,205,136.0,85.0,1605.0,
2025,MERCEDES-BENZ,CLA 200,HEV,petrol,14,137.0,120.0,1512.0,
2025,MERCEDES-BENZ,CLA 200 D,ICE,diesel,161,135.0,110.0,1610.0,
2025,MERCEDES-BENZ,CLA 220 4MATIC,HEV,petrol,15,157.0,140.0,1625.0,
2025,MERCEDES-BENZ,CLA 220 D,ICE,diesel,9,142.0,140.0,1623.0,
2025,MERCEDES-BENZ,CLA 250 4MATIC,HEV,petrol,10,162.0,165.0,1657.0,
2025,MERCEDES-BENZ,CLA 250 E,PHEV,petrol/electric,76,27.0,120.0,1763.0,172.0
2025,MERCEDES-BENZ,CLA 250+,BEV,electric,156,0.0,145.0,2055.0,128.0
2025,MERCEDES-BENZ,CLA 350 4MATIC,BEV,electric,98,0.0,200.0,2135.0,136.0
2025,MERCEDES-BENZ,CLE 180,HEV,petrol,9,150.0,125.0,1850.0,
2025,MERCEDES-BENZ,CLE 200,HEV,petrol,12,151.0,150.0,1846.0,
2025,MERCEDES-BENZ,CLE 200 4MATIC,HEV,petrol,28,157.0,150.0,1922.0,
2025,MERCEDES-BENZ,CLE 220D,HEV,diesel,57,128.0,145.0,1963.0,
2025,MERCEDES-BENZ,CLE 300 4MATIC,HEV,petrol,30,164.0,190.0,1942.0,
2025,MERCEDES-BENZ,CLE 300 E,PHEV,petrol/electric,11,16.0,150.0,2175.0,190.0
2025,MERCEDES-BENZ,CLE 450 4MATIC,HEV,petrol,14,178.0,280.0,2012.0,
2025,MERCEDES-BENZ,E 200,HEV,petrol,11,151.0,150.0,1825.0,
2025,MERCEDES-BENZ,E 200 4MATIC,HEV,petrol,8,156.0,150.0,1880.0,
2025,MERCEDES-BENZ,E 200 D,HEV,diesel,53,130.0,120.0,1926.0,
2025,MERCEDES-BENZ,E 220 D,HEV,diesel,58,131.0,145.0,1936.0,
2025,MERCEDES-BENZ,E 220 D 4MATIC,HEV,diesel,135,138.0,145.0,2003.0,
2025,MERCEDES-BENZ,E 220 D 4MATIC ALLTERRAIN,HEV,diesel,12,142.0,145.0,2046.0,
2025,MERCEDES-BENZ,E 300 DE,PHEV,diesel/electric,32,14.0,145.0,2285.0,195.0
2025,MERCEDES-BENZ,E 300 DE 4MATIC,PHEV,diesel/electric,326,19.0,145.0,2342.0,210.0
2025,MERCEDES-BENZ,E 300 E,PHEV,petrol/electric,12,19.0,150.0,2206.0,191.0
2025,MERCEDES-BENZ,E 300 E 4MATIC,PHEV,petrol/electric,19,18.0,150.0,2246.0,209.0
2025,MERCEDES-BENZ,E 300DE 4MATIC ALLTERRAIN,PHEV,diesel/electric,22,22.0,145.0,2380.0,210.0
2025,MERCEDES-BENZ,E 400 E 4MATIC,PHEV,petrol/electric,13,16.0,185.0,2248.0,211.0
2025,MERCEDES-BENZ,E 450 4MATIC,HEV,petrol,8,178.0,280.0,1981.0,
2025,MERCEDES-BENZ,E 450 4MATIC ALLTERRAIN,HEV,petrol,2,193.0,280.0,2055.0,
2025,MERCEDES-BENZ,E 450 D 4MATIC,HEV,diesel,39,163.0,270.0,2098.0,
2025,MERCEDES-BENZ,E 450 D 4MATIC ALLTERRAIN,HEV,diesel,7,167.0,270.0,2140.0,
2025,MERCEDES-BENZ,ECITAN TOURER,BEV,electric,11,0.0,51.0,1903.0,198.0
2025,MERCEDES-BENZ,ECITAN TOURER EQT,BEV,electric,14,0.0,51.0,1874.0,196.0
2025,MERCEDES-BENZ,EQA 250,BEV,electric,17,0.0,111.0,2045.0,148.0
2025,MERCEDES-BENZ,EQA 250+,BEV,electric,418,0.0,95.0,2050.0,147.0
2025,MERCEDES-BENZ,EQA 300 4MATIC,BEV,electric,123,0.0,134.0,2112.0,173.0
2025,MERCEDES-BENZ,EQA 350 4MATIC,BEV,electric,24,0.0,133.0,2113.0,179.0
2025,MERCEDES-BENZ,EQB 250+,BEV,electric,354,0.0,95.0,2105.0,155.0
2025,MERCEDES-BENZ,EQB 300 4MATIC,BEV,electric,98,0.0,133.0,2168.0,177.0
2025,MERCEDES-BENZ,EQB 350 4MATIC,BEV,electric,40,0.0,131.0,2169.0,182.0
2025,MERCEDES-BENZ,EQE 300,BEV,electric,206,0.0,109.0,2381.0,162.0
2025,MERCEDES-BENZ,EQE 350 4MATIC,BEV,electric,225,0.0,135.0,2541.0,188.0
2025,MERCEDES-BENZ,EQE 350+,BEV,electric,57,0.0,109.0,2485.0,184.0
2025,MERCEDES-BENZ,EQE 500 4MATIC,BEV,electric,71,0.0,135.0,2596.0,197.0
2025,MERCEDES-BENZ,EQS 350,BEV,electric,1,0.0,109.0,2440.0,168.0
2025,MERCEDES-BENZ,EQS 450 4MATIC,BEV,electric,21,0.0,135.0,2748.0,199.0
2025,MERCEDES-BENZ,EQS 450+,BEV,electric,1,0.0,109.0,2545.0,170.0
2025,MERCEDES-BENZ,EQS 500 4MATIC,BEV,electric,5,0.0,135.0,2789.0,204.0
2025,MERCEDES-BENZ,EQS 580 4MATIC,BEV,electric,41,0.0,135.0,2792.0,208.0
2025,MERCEDES-BENZ,EQT,BEV,electric,17,0.0,51.0,1879.0,197.0
2025,MERCEDES-BENZ,EQV,BEV,electric,176,0.0,70.0,2657.0,279.0
2025,MERCEDES-BENZ,EVITO TOURER,BEV,electric,29,0.0,70.0,2559.0,273.0
2025,MERCEDES-BENZ,G 450 D,HEV,diesel,54,237.0,270.0,2555.0,
2025,MERCEDES-BENZ,G 500,HEV,petrol,9,260.0,330.0,2485.0,
2025,MERCEDES-BENZ,G 500,ICE,petrol,1,339.0,310.0,2481.0,
2025,MERCEDES-BENZ,G 580,BEV,electric,81,0.0,222.0,3086.0,289.0
2025,MERCEDES-BENZ,GLA 180,HEV,petrol,257,150.0,100.0,1570.0,
2025,MERCEDES-BENZ,GLA 180 D,ICE,diesel,18,141.0,85.0,1660.0,
2025,MERCEDES-BENZ,GLA 200,HEV,petrol,30,151.0,120.0,1570.0,
2025,MERCEDES-BENZ,GLA 200 D,ICE,diesel,2,142.0,110.0,1660.0,
2025,MERCEDES-BENZ,GLA 200 D 4MATIC,ICE,diesel,743,150.0,110.0,1715.0,
2025,MERCEDES-BENZ,GLA 220 4MATIC,HEV,petrol,23,169.0,140.0,1690.0,
2025,MERCEDES-BENZ,GLA 220 D 4MATIC,ICE,diesel,28,152.0,140.0,1725.0,
2025,MERCEDES-BENZ,GLA 250 4MATIC,HEV,petrol,10,172.0,165.0,1709.0,
2025,MERCEDES-BENZ,GLA 250 E,PHEV,petrol/electric,168,38.0,120.0,1810.0,174.0
2025,MERCEDES-BENZ,GLB 180,HEV,petrol,97,157.0,100.0,1640.0,
2025,MERCEDES-BENZ,GLB 180 D,ICE,diesel,2,146.0,85.0,1725.0,
2025,MERCEDES-BENZ,GLB 200,HEV,petrol,6,157.0,120.0,1640.0,
2025,MERCEDES-BENZ,GLB 200 D,ICE,diesel,2,147.0,110.0,1730.0,
2025,MERCEDES-BENZ,GLB 200 D 4MATIC,ICE,diesel,549,154.0,110.0,1785.0,
2025,MERCEDES-BENZ,GLB 220 4MATIC,HEV,petrol,12,177.0,140.0,1765.0,
2025,MERCEDES-BENZ,GLB 220 D 4MATIC,ICE,diesel,37,157.0,140.0,1790.0,
2025,MERCEDES-BENZ,GLB 250 4MATIC,HEV,petrol,8,182.0,165.0,1770.0,
2025,MERCEDES-BENZ,GLC 200 4MATIC,HEV,petrol,37,164.0,150.0,1918.0,
2025,MERCEDES-BENZ,GLC 200 D 4MATIC,HEV,diesel,641,137.0,120.0,1988.0,
2025,MERCEDES-BENZ,GLC 220 D 4MATIC,HEV,diesel,416,139.0,145.0,1991.0,
2025,MERCEDES-BENZ,GLC 300 4MATIC,HEV,petrol,8,166.0,190.0,1917.0,
2025,MERCEDES-BENZ,GLC 300 D 4MATIC,HEV,diesel,16,151.0,198.0,2002.0,
2025,MERCEDES-BENZ,GLC 300 DE 4MATIC,PHEV,diesel/electric,1099,16.0,145.0,2395.0,228.0
2025,MERCEDES-BENZ,GLC 300 E 4MATIC,PHEV,petrol/electric,196,18.0,150.0,2326.0,223.0
2025,MERCEDES-BENZ,GLC 400 E 4MATIC,PHEV,petrol/electric,50,18.0,185.0,2326.0,223.0
2025,MERCEDES-BENZ,GLC 450 D 4MATIC,HEV,diesel,38,172.0,270.0,2071.0,
2025,MERCEDES-BENZ,GLE 300 D 4MATIC,HEV,diesel,30,182.0,198.0,2335.0,
2025,MERCEDES-BENZ,GLE 300 D 4MATIC COUPE,HEV,diesel,7,189.0,198.0,2407.0,
2025,MERCEDES-BENZ,GLE 350 DE 4MATIC,PHEV,diesel/electric,221,25.0,145.0,2706.0,256.0
2025,MERCEDES-BENZ,GLE 350 DE 4MATIC COUPE,PHEV,diesel/electric,59,25.0,145.0,2755.0,250.0
2025,MERCEDES-BENZ,GLE 400 E 4MATIC,PHEV,petrol/electric,10,46.0,185.0,2655.0,246.0
2025,MERCEDES-BENZ,GLE 400 E 4MATIC COUPE,PHEV,petrol/electric,7,19.0,185.0,2704.0,262.0
2025,MERCEDES-BENZ,GLE 450 4MATIC,HEV,petrol,10,229.0,280.0,2310.0,
2025,MERCEDES-BENZ,GLE 450 D 4MATIC,HEV,diesel,110,213.0,270.0,2405.0,
2025,MERCEDES-BENZ,GLE 450 D 4MATIC COUPE,HEV,diesel,51,207.0,270.0,2465.0,
2025,MERCEDES-BENZ,GLS 350 D 4MATIC,HEV,diesel,4,222.0,230.0,2618.0,
2025,MERCEDES-BENZ,GLS 450 4MATIC,HEV,petrol,3,245.0,280.0,2536.0,
2025,MERCEDES-BENZ,GLS 450 D 4MATIC,HEV,diesel,16,224.0,270.0,2621.0,
2025,MERCEDES-BENZ,GLS 580 4MATIC,HEV,petrol,2,313.0,380.0,2655.0,
2025,MERCEDES-BENZ,MARCO POLO,ICE,diesel,4,218.0,165.0,2399.0,
2025,MERCEDES-BENZ,MAYBACH GLS 600,HEV,petrol,1,312.0,410.0,2825.0,
2025,MERCEDES-BENZ,S 350 D 4MATIC,HEV,diesel,7,169.0,230.0,2125.0,
2025,MERCEDES-BENZ,S 400 D 4MATIC,ICE,diesel,1,197.0,243.0,2070.0,
2025,MERCEDES-BENZ,S 450 4MATIC,HEV,petrol,1,193.0,280.0,2090.0,
2025,MERCEDES-BENZ,S 450 D 4MATIC,HEV,diesel,21,174.0,270.0,2138.0,
2025,MERCEDES-BENZ,S 500 4MATIC,HEV,petrol,3,196.0,330.0,2091.0,
2025,MERCEDES-BENZ,S 580 4MATIC,HEV,petrol,4,236.0,370.0,2160.0,
2025,MERCEDES-BENZ,S 580 E 4MATIC,PHEV,petrol/electric,10,22.0,270.0,2460.0,231.0
2025,MERCEDES-BENZ,S 580 MAYBACH,HEV,petrol,3,251.0,370.0,2286.0,
2025,MERCEDES-BENZ,S 680 MAYBACH,ICE,petrol,2,308.0,450.0,2330.0,
2025,MERCEDES-BENZ,SPRINTER,ICE,diesel,88,289.0,122.0,2396.0,
2025,MERCEDES-BENZ,T-CLASS,ICE,diesel,72,140.0,81.0,1661.0,
2025,MERCEDES-BENZ,T-CLASS,ICE,petrol,72,161.0,96.0,1730.0,
2025,MERCEDES-BENZ,V-KLASSE,ICE,diesel,728,210.0,160.0,2370.0,
2025,MERCEDES-BENZ,V-KLASSE,HEV,petrol,3,234.0,170.0,2334.0,
2025,MERCEDES-BENZ,VITO,ICE,diesel,4,198.0,130.0,2323.0,
2025,MERCEDES-BENZ,VITO TOURER,ICE,diesel,866,200.0,121.0,2098.0,
2025,MG,CYBERSTER,BEV,electric,114,0.0,227.0,2049.0,188.0
2025,MG,HS,ICE,petrol,61,168.0,125.0,1647.0,
2025,MG,HS,PHEV,petrol/electric,641,14.0,105.0,1925.0,218.0
2025,MG,HS HYBRID PLUS,HEV,petrol,282,126.0,105.0,1760.0,
2025,MG,MG3,ICE,petrol,310,137.0,85.0,1237.0,
2025,MG,MG3 HYBRID+,HEV,petrol,623,100.0,75.0,1379.0,
2025,MG,MG4 ELECTRIC,BEV,electric,117,0.0,123.0,1841.0,179.0
2025,MG,MG5 ELECTRIC,BEV,electric,15,0.0,73.0,1631.0,179.0
2025,MG,S5 EV,BEV,electric,185,0.0,84.0,1794.0,159.0
2025,MG,ZS,HEV,petrol,1927,114.0,75.0,1488.0,
2025,MG,ZS,ICE,petrol,1176,152.0,80.0,1319.0,
2025,MG,ZS EV,BEV,electric,10,0.0,73.0,1688.0,176.0
2025,MINI,ACEMAN E,BEV,electric,152,0.0,55.0,1720.0,143.0
2025,MINI,ACEMAN SE,BEV,electric,192,0.0,65.0,1785.0,144.0
2025,MINI,C 5-TURER,ICE,petrol,74,138.0,115.0,1395.0,
2025,MINI,C 5-TURER F65 B38,ICE,petrol,2,138.0,115.0,1395.0,
2025,MINI,COOPER 5-TURER,ICE,petrol,6,137.0,115.0,1395.0,
2025,MINI,COOPER 5-TURER C,ICE,petrol,54,138.0,115.0,1395.0,
2025,MINI,COOPER 5-TURER S,ICE,petrol,18,143.0,150.0,1430.0,
2025,MINI,COOPER C,ICE,petrol,252,135.0,115.0,1335.0,
2025,MINI,COOPER C CABRIO,ICE,petrol,12,148.0,120.0,1450.0,
2025,MINI,COOPER C F66 B38,ICE,petrol,3,136.0,115.0,1335.0,
2025,MINI,COOPER CABRIO C,ICE,petrol,115,148.0,120.0,1450.0,
2025,MINI,COOPER CABRIO S,ICE,petrol,53,149.0,150.0,1455.0,
2025,MINI,COOPER E,BEV,electric,154,0.0,55.0,1615.0,139.0
2025,MINI,COOPER E J01 HC0,BEV,electric,33,0.0,55.0,1615.0,141.0
2025,MINI,COOPER JCW,ICE,petrol,16,152.0,170.0,1405.0,
2025,MINI,COOPER S,ICE,petrol,53,142.0,150.0,1360.0,
2025,MINI,COOPER S 5-TURER,ICE,petrol,2,149.0,150.0,1430.0,
2025,MINI,COOPER S CABRIO,ICE,petrol,2,150.0,150.0,1455.0,
2025,MINI,COOPER S F57 B48,ICE,petrol,1,143.0,131.0,1400.0,
2025,MINI,COOPER S F66 B48,ICE,petrol,9,142.0,150.0,1360.0,
2025,MINI,COOPER SE,BEV,electric,108,0.0,65.0,1680.0,145.0
2025,MINI,COOPER SE J01 HC0,BEV,electric,9,0.0,65.0,1680.0,146.0
2025,MINI,COUNTRYMAN C,HEV,petrol,91,136.0,115.0,1620.0,
2025,MINI,COUNTRYMAN C U25 B38,HEV,petrol,1,145.0,115.0,1620.0,
2025,MINI,COUNTRYMAN D,HEV,diesel,75,124.0,110.0,1695.0,
2025,MINI,COUNTRYMAN D U25 B47,HEV,diesel,2,126.0,110.0,1695.0,
2025,MINI,COUNTRYMAN E,BEV,electric,86,0.0,68.0,1940.0,165.0
2025,MINI,COUNTRYMAN E U25 HB0,BEV,electric,7,0.0,68.0,1940.0,165.0
2025,MINI,COUNTRYMAN JCW ALL4,ICE,petrol,9,182.0,221.0,1735.0,
2025,MINI,COUNTRYMAN JCW ALL4 U25 B,ICE,petrol,2,180.0,221.0,1735.0,
2025,MINI,COUNTRYMAN S ALL4,HEV,petrol,41,152.0,150.0,1715.0,
2025,MINI,COUNTRYMAN S ALL4 U25 B48,HEV,petrol,2,155.0,150.0,1715.0,
2025,MINI,COUNTRYMAN SE ALL4,BEV,electric,88,0.0,104.0,2075.0,181.0
2025,MINI,COUNTRYMAN SE ALL4 U25 XE,BEV,electric,3,0.0,104.0,2075.0,180.0
2025,MINI,JCW ACEMAN E,BEV,electric,1,0.0,75.0,1825.0,161.0
2025,MINI,JCW CABRIO,ICE,petrol,18,155.0,170.0,1500.0,
2025,MINI,JCW E,BEV,electric,5,0.0,75.0,1730.0,154.0
2025,MINI,JOHN COOPER WORKS,ICE,petrol,20,149.0,170.0,1405.0,
2025,MINI,JOHN COOPER WORKS ACEMAN,BEV,electric,15,0.0,75.0,1825.0,162.0
2025,MINI,JOHN COOPER WORKS CABRIO,ICE,petrol,16,156.0,170.0,1500.0,
2025,MINI,JOHN COOPER WORKS COUNTRY,ICE,petrol,3,180.0,221.0,1735.0,
2025,MINI,JOHN COOPER WORKS E,BEV,electric,23,0.0,75.0,1730.0,154.0
2025,MINI,S 5-TURER,ICE,petrol,28,144.0,150.0,1430.0,
2025,MITSUBISHI,ASX,HEV,petrol,418,113.0,84.0,1409.0,
2025,MITSUBISHI,ASX,ICE,petrol,589,133.0,67.0,1294.0,
2025,MITSUBISHI,ASX,PHEV,petrol/electric,3,30.0,68.0,1631.0,133.0
2025,MITSUBISHI,COLT,HEV,petrol,353,95.0,69.0,1351.0,
2025,MITSUBISHI,COLT,ICE,petrol,1105,116.0,64.0,1171.0,
2025,MITSUBISHI,"OUTLANDER PHEV 2,4 4WD",PHEV,petrol/electric,384,45.0,100.0,2173.0,234.0
2025,MITSUBISHI,SPACE STAR,ICE,petrol,60,115.0,52.0,951.0,
2025,MORGAN,PLUS 6,ICE,petrol,1,179.0,250.0,1160.0,
2025,MORGAN,PLUS FOUR,ICE,petrol,1,142.0,190.0,1115.0,
2025,NIO,EL6,BEV,electric,3,0.0,100.0,2398.0,209.0
2025,NIO,ET5,BEV,electric,1,0.0,100.0,2235.0,188.0
2025,NIO,ET5 TOURING,BEV,electric,5,0.0,100.0,2285.0,195.0
2025,NIO,FIREFLY,BEV,electric,4,0.0,30.0,1542.0,145.0
2025,NISSAN,ARIYA,BEV,electric,92,0.0,66.0,2181.0,193.0
2025,NISSAN,JUKE,HEV,petrol,270,108.0,69.0,1405.0,
2025,NISSAN,JUKE,ICE,petrol,774,132.0,84.0,1280.0,
2025,NISSAN,PRIMASTAR,ICE,diesel,66,182.0,112.0,2058.0,
2025,NISSAN,QASHQAI,HEV,petrol,1427,137.0,114.0,1531.0,
2025,NISSAN,TOWNSTAR,ICE,petrol,251,157.0,96.0,1639.0,
2025,NISSAN,X-TRAIL,HEV,petrol,157,143.0,116.0,1910.0,
2025,OMODA,OMODA5,ICE,petrol,1,159.0,108.0,1530.0,
2025,OMODA,OMODA5 HEV,HEV,petrol,7,120.0,105.0,1621.0,
2025,OMODA,OMODA9,PHEV,petrol/electric,1,38.0,105.0,2270.0,181.0
2025,OPEL,ASTRA,ICE,diesel,1,129.0,96.0,1438.0,
2025,OPEL,ASTRA,BEV,electric,7,0.0,62.0,1736.0,149.0
2025,OPEL,ASTRA,HEV,petrol,90,108.0,100.0,1454.0,
2025,OPEL,ASTRA,ICE,petrol,277,126.0,93.0,1349.0,
2025,OPEL,ASTRA,PHEV,petrol/electric,11,28.0,116.0,1684.0,164.0
2025,OPEL,ASTRA SPORTS TOURER,ICE,diesel,231,132.0,96.0,1483.0,
2025,OPEL,ASTRA SPORTS TOURER,BEV,electric,48,0.0,62.0,1760.0,150.0
2025,OPEL,ASTRA SPORTS TOURER,HEV,petrol,127,111.0,100.0,1502.0,
2025,OPEL,ASTRA SPORTS TOURER,ICE,petrol,326,130.0,93.0,1400.0,
2025,OPEL,ASTRA SPORTS TOURER,PHEV,petrol/electric,11,31.0,120.0,1731.0,165.0
2025,OPEL,COMBO LIFE,ICE,diesel,107,148.0,95.0,1605.0,
2025,OPEL,COMBO LIFE,ICE,petrol,23,146.0,81.0,1483.0,
2025,OPEL,COMBO-E LIFE,BEV,electric,38,0.0,60.0,1777.0,191.0
2025,OPEL,CORSA,BEV,electric,143,0.0,59.0,1542.0,150.0
2025,OPEL,CORSA,HEV,petrol,319,104.0,89.0,1267.0,
2025,OPEL,CORSA,ICE,petrol,1679,121.0,71.0,1175.0,
2025,OPEL,CORSA RALLY 6,HEV,petrol,1,,107.0,1125.0,
2025,OPEL,CROSSLAND,ICE,petrol,5,142.0,96.0,1312.0,
2025,OPEL,E-COMBO LIFE,BEV,electric,11,0.0,62.0,1859.0,184.0
2025,OPEL,FRONTERA,BEV,electric,387,0.0,53.0,1590.0,182.0
2025,OPEL,FRONTERA,HEV,petrol,996,119.0,86.0,1398.0,
2025,OPEL,GRANDLAND,ICE,diesel,3,143.0,96.0,1523.0,
2025,OPEL,GRANDLAND,BEV,electric,231,0.0,113.0,2235.0,177.0
2025,OPEL,GRANDLAND,HEV,petrol,836,123.0,100.0,1673.0,
2025,OPEL,GRANDLAND,ICE,petrol,10,142.0,96.0,1452.0,
2025,OPEL,GRANDLAND,PHEV,petrol/electric,102,25.0,110.0,1967.0,198.0
2025,OPEL,MOKKA,ICE,diesel,2,118.0,81.0,1295.0,
2025,OPEL,MOKKA,BEV,electric,102,0.0,61.0,1612.0,155.0
2025,OPEL,MOKKA,HEV,petrol,351,109.0,100.0,1362.0,
2025,OPEL,MOKKA,ICE,petrol,860,133.0,97.0,1305.0,
2025,OPEL,VIVARO,ICE,diesel,394,192.0,130.0,1970.0,
2025,OPEL,VIVARO,BEV,electric,46,0.0,61.0,2197.0,245.0
2025,OPEL,ZAFIRA LIFE,ICE,diesel,314,193.0,130.0,2024.0,
2025,OPEL,ZAFIRA LIFE,BEV,electric,26,0.0,58.0,2165.0,263.0
2025,PEUGEOT,2008,ICE,diesel,2,131.0,96.0,1345.0,
2025,PEUGEOT,2008,BEV,electric,116,0.0,61.0,1623.0,154.0
2025,PEUGEOT,2008,HEV,petrol,662,111.0,100.0,1372.0,
2025,PEUGEOT,2008,ICE,petrol,713,130.0,78.0,1266.0,
2025,PEUGEOT,208,BEV,electric,158,0.0,60.0,1530.0,147.0
2025,PEUGEOT,208,HEV,petrol,574,103.0,81.0,1297.0,
2025,PEUGEOT,208,ICE,petrol,779,117.0,73.0,1163.0,
2025,PEUGEOT,208 RALLY 4,HEV,petrol,1,,156.0,1155.0,
2025,PEUGEOT,208 RALLY 4,ICE,petrol,1,,156.0,1155.0,
2025,PEUGEOT,3008,BEV,electric,366,0.0,109.0,2215.0,174.0
2025,PEUGEOT,3008,HEV,petrol,1203,124.0,100.0,1637.0,
2025,PEUGEOT,3008,ICE,petrol,1,138.0,96.0,1395.0,
2025,PEUGEOT,3008,PHEV,petrol/electric,111,30.0,116.0,1947.0,185.0
2025,PEUGEOT,308,ICE,diesel,837,130.0,96.0,1451.0,
2025,PEUGEOT,308,BEV,electric,76,0.0,62.0,1782.0,151.0
2025,PEUGEOT,308,HEV,petrol,875,112.0,100.0,1492.0,
2025,PEUGEOT,308,ICE,petrol,22,131.0,96.0,1417.0,
2025,PEUGEOT,308,PHEV,petrol/electric,19,43.0,110.0,1742.0,143.0
2025,PEUGEOT,408,BEV,electric,20,0.0,104.0,1879.0,150.0
2025,PEUGEOT,408,HEV,petrol,219,115.0,100.0,1544.0,
2025,PEUGEOT,408,ICE,petrol,26,136.0,96.0,1467.0,
2025,PEUGEOT,408,PHEV,petrol/electric,27,31.0,130.0,1780.0,169.0
2025,PEUGEOT,5008,ICE,diesel,1,146.0,96.0,1611.0,
2025,PEUGEOT,5008,BEV,electric,346,0.0,105.0,2294.0,184.0
2025,PEUGEOT,5008,HEV,petrol,688,131.0,100.0,1709.0,
2025,PEUGEOT,5008,PHEV,petrol/electric,88,32.0,110.0,2077.0,202.0
2025,PEUGEOT,508,ICE,diesel,2,134.0,96.0,1572.0,
2025,PEUGEOT,508,PHEV,petrol/electric,67,36.0,133.0,1843.0,176.0
2025,PEUGEOT,BOXER,ICE,diesel,2,214.0,95.0,2665.0,
2025,PEUGEOT,E-RIFTER,BEV,electric,52,0.0,61.0,1854.0,189.0
2025,PEUGEOT,EXPERT,ICE,diesel,187,191.0,130.0,1968.0,
2025,PEUGEOT,EXPERT,BEV,electric,5,0.0,62.0,2217.0,242.0
2025,PEUGEOT,RIFTER,ICE,diesel,152,150.0,92.0,1617.0,
2025,PEUGEOT,RIFTER,ICE,petrol,10,147.0,81.0,1473.0,
2025,PEUGEOT,TRAVELLER,ICE,diesel,778,192.0,130.0,2027.0,
2025,PEUGEOT,TRAVELLER,BEV,electric,9,0.0,61.0,2216.0,246.0
2025,POLESTAR,2,BEV,electric,194,0.0,172.0,2143.0,159.0
2025,POLESTAR,3,BEV,electric,54,0.0,238.0,2653.0,205.0
2025,POLESTAR,4,BEV,electric,511,0.0,113.0,2368.0,187.0
2025,PORSCHE,718 BOXSTER,ICE,petrol,18,203.0,220.0,1440.0,
2025,PORSCHE,718 BOXSTER GTS,ICE,petrol,9,230.0,294.0,1510.0,
2025,PORSCHE,718 BOXSTER S,ICE,petrol,6,219.0,257.0,1460.0,
2025,PORSCHE,718 BOXSTER SPYDER,ICE,petrol,1,242.0,309.0,1525.0,
2025,PORSCHE,718 CAYMAN,ICE,petrol,6,203.0,220.0,1440.0,
2025,PORSCHE,718 CAYMAN GT4 RS,ICE,petrol,16,295.0,368.0,1490.0,
2025,PORSCHE,718 CAYMAN GTS,ICE,petrol,3,230.0,294.0,1510.0,
2025,PORSCHE,718 SPYDER RS,ICE,petrol,29,288.0,368.0,1485.0,
2025,PORSCHE,911 CARRERA,ICE,petrol,96,234.0,289.0,1640.0,
2025,PORSCHE,911 CARRERA 4,ICE,petrol,3,236.0,283.0,1630.0,
2025,PORSCHE,911 CARRERA 4 GTS,HEV,petrol,79,239.0,357.0,1758.0,
2025,PORSCHE,911 CARRERA 4S,ICE,petrol,10,243.0,337.0,1682.0,
2025,PORSCHE,911 CARRERA GTS,HEV,petrol,53,239.0,357.0,1704.0,
2025,PORSCHE,911 CARRERA GTS,ICE,petrol,1,247.0,353.0,1620.0,
2025,PORSCHE,911 CARRERA S,ICE,petrol,34,238.0,347.0,1646.0,
2025,PORSCHE,911 CARRERA T,ICE,petrol,7,240.0,289.0,1592.0,
2025,PORSCHE,911 DAKAR,ICE,petrol,1,256.0,353.0,1680.0,
2025,PORSCHE,911 GT3,ICE,petrol,36,310.0,375.0,1549.0,
2025,PORSCHE,911 GT3 RS,ICE,petrol,70,299.0,386.0,1525.0,
2025,PORSCHE,911 S T,ICE,petrol,13,313.0,386.0,1455.0,
2025,PORSCHE,911 TARGA 4 GTS,HEV,petrol,48,241.0,357.0,1820.0,
2025,PORSCHE,911 TARGA 4S,ICE,petrol,1,246.0,353.0,1770.0,
2025,PORSCHE,911 TURBO,ICE,petrol,3,274.0,427.0,1761.0,
2025,PORSCHE,911 TURBO 50,ICE,petrol,19,277.0,478.0,1715.0,
2025,PORSCHE,CAYENNE,ICE,petrol,6,249.0,260.0,2140.0,
2025,PORSCHE,CAYENNE E-HYBRID,PHEV,petrol/electric,236,54.0,224.0,2514.0,259.0
2025,PORSCHE,CAYENNE GTS,ICE,petrol,4,291.0,368.0,2287.0,
2025,PORSCHE,CAYENNE S E-HYBRID,PHEV,petrol/electric,80,53.0,260.0,2500.0,267.0
2025,PORSCHE,CAYENNE TURBO E-HYBRID,PHEV,petrol/electric,63,60.0,441.0,2627.0,276.0
2025,PORSCHE,MACAN,BEV,electric,24,0.0,120.0,2295.0,176.0
2025,PORSCHE,MACAN,ICE,petrol,2,232.0,195.0,1920.0,
2025,PORSCHE,MACAN 4,BEV,electric,186,0.0,145.0,2405.0,189.0
2025,PORSCHE,MACAN 4S,BEV,electric,109,0.0,145.0,2420.0,188.0
2025,PORSCHE,MACAN TURBO,BEV,electric,112,0.0,145.0,2480.0,196.0
2025,PORSCHE,PANAMERA 4,ICE,petrol,1,239.0,260.0,1995.0,
2025,PORSCHE,PANAMERA 4 E-HYBRID,PHEV,petrol/electric,52,42.0,224.0,2304.0,238.0
2025,PORSCHE,PANAMERA 4S E-HYBRID,PHEV,petrol/electric,29,42.0,260.0,2330.0,249.0
2025,PORSCHE,PANAMERA TURBO E-HYBRID,PHEV,petrol/electric,12,41.0,382.0,2435.0,269.0
2025,PORSCHE,PANAMERA TURBO S E-HYBRID,PHEV,petrol/electric,28,44.0,441.0,2446.0,253.0
2025,PORSCHE,TAYCAN,BEV,electric,14,0.0,148.0,2251.0,179.0
2025,PORSCHE,TAYCAN 4,BEV,electric,27,0.0,163.0,2347.0,190.0
2025,PORSCHE,TAYCAN 4S,BEV,electric,43,0.0,162.0,2344.0,191.0
2025,PORSCHE,TAYCAN GTS,BEV,electric,8,0.0,162.0,2372.0,188.0
2025,PORSCHE,TAYCAN TURBO,BEV,electric,7,0.0,160.0,2378.0,195.0
2025,PORSCHE,TAYCAN TURBO GT,BEV,electric,3,0.0,164.0,2365.0,209.0
2025,PORSCHE,TAYCAN TURBO S,BEV,electric,6,0.0,163.0,2380.0,192.0
2025,RENAULT,4 E-TECH ELECTRIC,BEV,electric,401,0.0,78.0,1535.0,156.0
2025,RENAULT,5 E-TECH ELECTRIC,BEV,electric,2014,0.0,78.0,1509.0,150.0
2025,RENAULT,ARKANA,HEV,petrol,98,132.0,106.0,1413.0,
2025,RENAULT,ARKANA E-TECH,HEV,petrol,167,107.0,69.0,1510.0,
2025,RENAULT,ARKANA MEGANE CONQUEST,HEV,petrol,1,133.0,103.0,1411.0,
2025,RENAULT,AUSTRAL,HEV,petrol,658,117.0,102.0,1583.0,
2025,RENAULT,CAPTUR,HEV,petrol,146,133.0,103.0,1342.0,
2025,RENAULT,CAPTUR,ICE,petrol,826,133.0,67.0,1293.0,
2025,RENAULT,CAPTUR E-TECH HYBRID,HEV,petrol,685,102.0,72.0,1443.0,
2025,RENAULT,CLIO,HEV,petrol,59,92.0,80.0,1346.0,
2025,RENAULT,CLIO,ICE,petrol,1251,119.0,64.0,1172.0,
2025,RENAULT,CLIO E-TECH HYBRID,HEV,petrol,246,96.0,69.0,1344.0,
2025,RENAULT,ESPACE,HEV,petrol,237,109.0,96.0,1736.0,
2025,RENAULT,KANGOO,ICE,diesel,202,142.0,76.0,1724.0,
2025,RENAULT,KANGOO,ICE,petrol,289,158.0,92.0,1632.0,
2025,RENAULT,MEGANE,ICE,petrol,1,192.0,221.0,1522.0,
2025,RENAULT,MEGANE E-TECH ELECTRIC,BEV,electric,169,0.0,55.0,1720.0,152.0
2025,RENAULT,RAFALE,HEV,petrol,126,106.0,96.0,1735.0,
2025,RENAULT,RAFALE,PHEV,petrol/electric,272,13.0,110.0,2009.0,208.0
2025,RENAULT,SCENIC E-TECH ELECTRIC,BEV,electric,590,0.0,55.0,1911.0,173.0
2025,RENAULT,SYMBIOZ,HEV,petrol,707,104.0,73.0,1481.0,
2025,RENAULT,TRAFIC,ICE,diesel,49,187.0,115.0,2176.0,
2025,SEAT,ARONA,ICE,petrol,2213,125.0,77.0,1205.0,
2025,SEAT,ATECA,ICE,diesel,67,139.0,110.0,1514.0,
2025,SEAT,ATECA,ICE,petrol,1832,147.0,94.0,1372.0,
2025,SEAT,IBIZA,ICE,petrol,5045,119.0,70.0,1143.0,
2025,SEAT,LEON,ICE,diesel,185,122.0,94.0,1433.0,
2025,SEAT,LEON,HEV,petrol,198,121.0,92.0,1369.0,
2025,SEAT,LEON,ICE,petrol,827,128.0,85.0,1344.0,
2025,SEAT,LEON E-HYBRID150,PHEV,petrol/electric,7,7.0,110.0,1657.0,157.0
2025,SEAT,LEON SP,ICE,diesel,633,122.0,92.0,1479.0,
2025,SEAT,LEON SP,HEV,petrol,421,122.0,91.0,1417.0,
2025,SEAT,LEON SP,ICE,petrol,1172,129.0,86.0,1392.0,
2025,SEAT,LEON SP E-HYBRID150,PHEV,petrol/electric,70,8.0,110.0,1709.0,157.0
2025,SEAT,TARRACO,ICE,diesel,1,146.0,110.0,1724.0,
2025,SKODA,ELROQ 50,BEV,electric,320,0.0,70.0,1948.0,159.0
2025,SKODA,ELROQ 60,BEV,electric,618,0.0,70.0,1977.0,160.0
2025,SKODA,ELROQ 85,BEV,electric,1883,0.0,89.0,2118.0,156.0
2025,SKODA,ELROQ 85X,BEV,electric,105,0.0,77.0,2217.0,166.0
2025,SKODA,ELROQ RS,BEV,electric,249,0.0,77.0,2229.0,167.0
2025,SKODA,ENYAQ 60,BEV,electric,52,0.0,70.0,2002.0,156.0
2025,SKODA,ENYAQ 85,BEV,electric,1256,0.0,89.0,2140.0,154.0
2025,SKODA,ENYAQ 85X,BEV,electric,1439,0.0,77.0,2226.0,163.0
2025,SKODA,ENYAQ RS,BEV,electric,237,0.0,77.0,2237.0,162.0
2025,SKODA,FABIA,ICE,petrol,4266,115.0,69.0,1156.0,
2025,SKODA,FABIA RS RALLY2,ICE,petrol,1,,214.0,1425.0,
2025,SKODA,KAMIQ,ICE,petrol,2371,126.0,84.0,1246.0,
2025,SKODA,KAROQ,ICE,diesel,2124,145.0,107.0,1579.0,
2025,SKODA,KAROQ,ICE,petrol,2204,142.0,108.0,1417.0,
2025,SKODA,KODIAQ,ICE,diesel,1358,158.0,136.0,1796.0,
2025,SKODA,KODIAQ,HEV,petrol,166,139.0,110.0,1670.0,
2025,SKODA,KODIAQ,ICE,petrol,170,184.0,182.0,1842.0,
2025,SKODA,KODIAQ,PHEV,petrol/electric,587,11.0,110.0,1917.0,177.0
2025,SKODA,OCTAVIA,ICE,diesel,4164,121.0,105.0,1475.0,
2025,SKODA,OCTAVIA,HEV,petrol,2073,117.0,102.0,1402.0,
2025,SKODA,OCTAVIA,ICE,petrol,1331,127.0,96.0,1390.0,
2025,SKODA,OCTAVIA RS,ICE,diesel,2,149.0,147.0,1616.0,
2025,SKODA,OCTAVIA RS,ICE,petrol,320,159.0,195.0,1535.0,
2025,SKODA,SCALA,ICE,petrol,1539,120.0,82.0,1225.0,
2025,SKODA,SUPERB,ICE,diesel,500,140.0,122.0,1703.0,
2025,SKODA,SUPERB,HEV,petrol,302,123.0,110.0,1574.0,
2025,SKODA,SUPERB,ICE,petrol,84,162.0,161.0,1667.0,
2025,SKODA,SUPERB,PHEV,petrol/electric,347,9.0,110.0,1851.0,163.0
2025,SMART,#1,BEV,electric,85,0.0,102.0,1939.0,178.0
2025,SMART,#3,BEV,electric,128,0.0,96.0,1932.0,170.0
2025,SMART,#5,BEV,electric,214,0.0,124.0,2419.0,195.0
2025,SSANGYONG,KG MOBILITY ACTYON,ICE,petrol,23,200.0,120.0,1705.0,
2025,SSANGYONG,KG MOBILITY KORANDO,ICE,petrol,50,187.0,120.0,1563.0,
2025,SSANGYONG,KG MOBILITY REXTON,ICE,diesel,47,212.0,149.0,2150.0,
2025,SSANGYONG,KG MOBILITY TIVOLI,ICE,petrol,124,168.0,110.0,1401.0,
2025,SSANGYONG,KG MOBILITY TIVOLI GRAND,ICE,petrol,1,163.0,120.0,1405.0,
2025,SSANGYONG,KG MOBILITY TIVOLI OR KG MOBIL,ICE,petrol,3,186.0,120.0,1483.0,
2025,SSANGYONG,KG MOBILITY TORRES,ICE,petrol,20,181.0,120.0,1631.0,
2025,SSANGYONG,KORANDO E-MOTION,BEV,electric,1,0.0,75.0,1840.0,194.0
2025,SSANGYONG,TORRES EVX,BEV,electric,34,0.0,66.0,1979.0,187.0
2025,SUBARU,CROSSTREK,HEV,petrol,183,173.0,100.0,1674.0,
2025,SUBARU,FORESTER,HEV,petrol,158,183.0,101.0,1777.0,
2025,SUBARU,IMPREZA,HEV,petrol,1,166.0,100.0,1674.0,
2025,SUBARU,OUTBACK,ICE,petrol,29,193.0,124.0,1733.0,
2025,SUBARU,SOLTERRA,BEV,electric,27,0.0,118.0,2106.0,169.0
2025,SUBARU,XV,ICE,petrol,9,180.0,84.0,1502.0,
2025,SUZUKI,ACROSS,PHEV,petrol/electric,25,22.0,136.0,2001.0,171.0
2025,SUZUKI,E VITARA,BEV,electric,16,0.0,89.0,1916.0,163.0
2025,SUZUKI,IGNIS,HEV,petrol,1,112.0,61.0,935.0,
2025,SUZUKI,S-CROSS,HEV,petrol,1166,131.0,88.0,1365.0,
2025,SUZUKI,SWACE,HEV,petrol,35,102.0,72.0,1475.0,
2025,SUZUKI,SWIFT,HEV,petrol,1894,104.0,61.0,1033.0,
2025,SUZUKI,VITARA,HEV,petrol,1265,128.0,89.0,1326.0,
2025,SWM,G03F,ICE,petrol,1,181.0,81.0,1475.0,
2025,TESLA,MODEL 3,BEV,electric,1811,0.0,109.0,1851.0,136.0
2025,TESLA,MODEL S,BEV,electric,25,0.0,306.0,2232.0,177.0
2025,TESLA,MODEL X,BEV,electric,27,0.0,259.0,2470.0,196.0
2025,TESLA,MODEL Y,BEV,electric,4341,0.0,165.0,2054.0,151.0
2025,TESLA,MODEL Y (OPAL),BEV,electric,1,0.0,179.0,2072.0,153.0
2025,TOYOTA,AYGO X,HEV,petrol,9,87.0,68.0,1166.0,
2025,TOYOTA,AYGO X,ICE,petrol,939,108.0,53.0,1023.0,
2025,TOYOTA,BZ4X,BEV,electric,298,0.0,86.0,2012.0,154.0
2025,TOYOTA,C-HR,HEV,petrol,683,108.0,77.0,1520.0,
2025,TOYOTA,C-HR,PHEV,petrol/electric,437,71.0,111.0,1723.0,151.0
2025,TOYOTA,CAMRY,HEV,petrol,7,115.0,134.0,1650.0,
2025,TOYOTA,COROLLA,HEV,petrol,2275,109.0,82.0,1483.0,
2025,TOYOTA,GR 86,ICE,petrol,2,199.0,172.0,1360.0,
2025,TOYOTA,GR YARIS,ICE,petrol,39,206.0,203.0,1367.0,
2025,TOYOTA,HIGHLANDER,HEV,petrol,5,159.0,140.0,2130.0,
2025,TOYOTA,LAND CRUISER,HEV,diesel,6,280.0,151.0,2490.0,
2025,TOYOTA,LAND CRUISER,ICE,diesel,122,278.0,151.0,2423.0,
2025,TOYOTA,PRIUS PHEV,PHEV,petrol/electric,50,16.0,111.0,1627.0,122.0
2025,TOYOTA,PROACE,ICE,diesel,337,194.0,117.0,1985.0,
2025,TOYOTA,PROACE,BEV,electric,27,0.0,61.0,2241.0,246.0
2025,TOYOTA,PROACE CITY VERSO,ICE,diesel,162,144.0,86.0,1558.0,
2025,TOYOTA,PROACE CITY VERSO,ICE,petrol,65,144.0,81.0,1460.0,
2025,TOYOTA,PROACE CITY VERSO ELECTRIC,BEV,electric,43,0.0,59.0,1838.0,193.0
2025,TOYOTA,PROACE OR PROACE VERSO,ICE,diesel,1,193.0,106.0,1910.0,
2025,TOYOTA,RAV4,HEV,petrol,949,129.0,131.0,1694.0,
2025,TOYOTA,RAV4,PHEV,petrol/electric,378,22.0,136.0,1995.0,170.0
2025,TOYOTA,SUPRA,ICE,petrol,5,193.0,238.0,1559.0,
2025,TOYOTA,YARIS,HEV,petrol,1865,91.0,68.0,1175.0,
2025,TOYOTA,YARIS,ICE,petrol,5,127.0,53.0,1035.0,
2025,TOYOTA,YARIS CROSS,HEV,petrol,2609,103.0,68.0,1292.0,
2025,TOYOTA,YARIS CROSS,ICE,petrol,1,133.0,92.0,1190.0,
2025,TOYOTA,YARIS RALLY2,ICE,petrol,1,,211.0,1305.0,
2025,VOLKSWAGEN,CADDY,ICE,diesel,1688,150.0,84.0,1687.0,
2025,VOLKSWAGEN,CADDY,ICE,petrol,324,152.0,84.0,1586.0,
2025,VOLKSWAGEN,CADDY,PHEV,petrol/electric,831,11.0,85.0,1856.0,187.0
2025,VOLKSWAGEN,CALIFORNIA,ICE,diesel,528,177.0,110.0,2251.0,
2025,VOLKSWAGEN,CALIFORNIA,ICE,petrol,24,206.0,150.0,2198.0,
2025,VOLKSWAGEN,CALIFORNIA,PHEV,petrol/electric,439,21.0,130.0,2520.0,229.0
2025,VOLKSWAGEN,CALIFORNIA BEACH,ICE,diesel,4,213.0,110.0,2362.0,
2025,VOLKSWAGEN,CARAVELLE,ICE,diesel,157,223.0,116.0,2321.0,
2025,VOLKSWAGEN,CARAVELLE,BEV,electric,11,0.0,85.0,2500.0,243.0
2025,VOLKSWAGEN,CRAFTER,ICE,diesel,4,248.0,123.0,2760.0,
2025,VOLKSWAGEN,GOLF,ICE,diesel,2091,119.0,94.0,1456.0,
2025,VOLKSWAGEN,GOLF,HEV,petrol,1730,120.0,94.0,1379.0,
2025,VOLKSWAGEN,GOLF,ICE,petrol,2495,126.0,92.0,1330.0,
2025,VOLKSWAGEN,GOLF,PHEV,petrol/electric,424,7.0,113.0,1649.0,149.0
2025,VOLKSWAGEN,ID. BUZZ GTX KR 250 KW,BEV,electric,20,0.0,77.0,2652.0,211.0
2025,VOLKSWAGEN,ID. BUZZ GTX LR 250 KW,BEV,electric,372,0.0,90.0,2810.0,
2025,VOLKSWAGEN,ID. BUZZ PRO 150 KW,BEV,electric,1,0.0,70.0,2459.0,210.0
2025,VOLKSWAGEN,ID. BUZZ PRO KR 210 KW,BEV,electric,29,0.0,89.0,2508.0,194.0
2025,VOLKSWAGEN,ID. BUZZ PRO LR 210 KW,BEV,electric,188,0.0,89.0,2695.0,
2025,VOLKSWAGEN,ID. BUZZ PURE KR 125 KW,BEV,electric,9,0.0,70.0,2375.0,204.0
2025,VOLKSWAGEN,ID.3 GTX 210 KW,BEV,electric,10,0.0,89.0,1983.0,148.0
2025,VOLKSWAGEN,ID.3 GTX PERF. 240 KW,BEV,electric,43,0.0,89.0,1993.0,150.0
2025,VOLKSWAGEN,ID.3 PRO 150 KW,BEV,electric,1,0.0,70.0,1815.0,156.0
2025,VOLKSWAGEN,ID.3 PRO 170 KW,BEV,electric,182,0.0,70.0,1818.0,155.0
2025,VOLKSWAGEN,ID.3 PRO PERF. 170 KW,BEV,electric,78,0.0,70.0,1815.0,155.0
2025,VOLKSWAGEN,ID.3 PRO S 150 KW,BEV,electric,2,0.0,70.0,1942.0,154.0
2025,VOLKSWAGEN,ID.3 PRO S 170 KW,BEV,electric,342,0.0,70.0,1957.0,157.0
2025,VOLKSWAGEN,ID.3 PRO S PERF. 170 KW,BEV,electric,160,0.0,70.0,1961.0,158.0
2025,VOLKSWAGEN,ID.3 PURE 125 KW,BEV,electric,1149,0.0,70.0,1787.0,153.0
2025,VOLKSWAGEN,ID.4 GTX 220 KW,BEV,electric,1,0.0,77.0,2239.0,181.0
2025,VOLKSWAGEN,ID.4 GTX 250KW,BEV,electric,100,0.0,77.0,2260.0,171.0
2025,VOLKSWAGEN,ID.4 PRO 128 KW,BEV,electric,1,0.0,70.0,2123.0,171.0
2025,VOLKSWAGEN,ID.4 PRO 150 KW,BEV,electric,1,0.0,70.0,2120.0,174.0
2025,VOLKSWAGEN,ID.4 PRO 210KW,BEV,electric,808,0.0,89.0,2144.0,163.0
2025,VOLKSWAGEN,ID.4 PRO 4MOTION 210KW,BEV,electric,810,0.0,77.0,2233.0,170.0
2025,VOLKSWAGEN,ID.4 PURE 125KW,BEV,electric,59,0.0,70.0,1978.0,167.0
2025,VOLKSWAGEN,ID.5 GTX 250KW,BEV,electric,28,0.0,77.0,2244.0,169.0
2025,VOLKSWAGEN,ID.5 PRO 210KW,BEV,electric,43,0.0,89.0,2131.0,160.0
2025,VOLKSWAGEN,ID.7 GTX,BEV,electric,33,0.0,90.0,2325.0,167.0
2025,VOLKSWAGEN,ID.7 PRO,BEV,electric,83,0.0,89.0,2180.0,142.0
2025,VOLKSWAGEN,ID.7 PRO S,BEV,electric,81,0.0,89.0,2226.0,141.0
2025,VOLKSWAGEN,ID.7 TOURER GTX,BEV,electric,639,0.0,90.0,2336.0,173.0
2025,VOLKSWAGEN,ID.7 TOURER PRO,BEV,electric,415,0.0,89.0,2191.0,148.0
2025,VOLKSWAGEN,ID.7 TOURER PRO S,BEV,electric,848,0.0,89.0,2235.0,145.0
2025,VOLKSWAGEN,KOMBI,ICE,diesel,140,212.0,117.0,2095.0,
2025,VOLKSWAGEN,MULTIVAN,ICE,diesel,677,172.0,110.0,2096.0,
2025,VOLKSWAGEN,MULTIVAN,ICE,petrol,58,202.0,150.0,2051.0,
2025,VOLKSWAGEN,MULTIVAN,PHEV,petrol/electric,1581,19.0,129.0,2340.0,224.0
2025,VOLKSWAGEN,PASSAT,ICE,diesel,676,138.0,118.0,1705.0,
2025,VOLKSWAGEN,PASSAT,HEV,petrol,379,125.0,110.0,1572.0,
2025,VOLKSWAGEN,PASSAT,PHEV,petrol/electric,385,9.0,112.0,1849.0,165.0
2025,VOLKSWAGEN,POLO,ICE,petrol,4137,122.0,63.0,1156.0,
2025,VOLKSWAGEN,T-CROSS,ICE,petrol,2754,128.0,76.0,1277.0,
2025,VOLKSWAGEN,T-ROC,ICE,diesel,399,132.0,95.0,1463.0,
2025,VOLKSWAGEN,T-ROC,HEV,petrol,220,128.0,90.0,1467.0,
2025,VOLKSWAGEN,T-ROC,ICE,petrol,2055,133.0,90.0,1322.0,
2025,VOLKSWAGEN,TAIGO,ICE,petrol,1712,123.0,74.0,1236.0,
2025,VOLKSWAGEN,TAYRON,ICE,diesel,692,166.0,135.0,1862.0,
2025,VOLKSWAGEN,TAYRON,HEV,petrol,220,144.0,110.0,1722.0,
2025,VOLKSWAGEN,TAYRON,ICE,petrol,17,181.0,150.0,1843.0,
2025,VOLKSWAGEN,TAYRON,PHEV,petrol/electric,587,12.0,113.0,1940.0,175.0
2025,VOLKSWAGEN,TIGUAN,ICE,diesel,1840,158.0,129.0,1754.0,
2025,VOLKSWAGEN,TIGUAN,HEV,petrol,1412,140.0,103.0,1631.0,
2025,VOLKSWAGEN,TIGUAN,ICE,petrol,78,190.0,188.0,1762.0,
2025,VOLKSWAGEN,TIGUAN,PHEV,petrol/electric,1154,12.0,112.0,1867.0,172.0
2025,VOLKSWAGEN,TOUAREG,ICE,diesel,210,219.0,201.0,2121.0,
2025,VOLKSWAGEN,TOUAREG EHYBRID,PHEV,petrol/electric,54,57.0,250.0,2444.0,252.0
2025,VOLKSWAGEN,TOUAREG R,PHEV,petrol/electric,291,58.0,250.0,2460.0,255.0
2025,VOLKSWAGEN,TOURAN,ICE,diesel,861,139.0,103.0,1624.0,
2025,VOLKSWAGEN,TOURAN,ICE,petrol,301,146.0,110.0,1542.0,
2025,VOLKSWAGEN,TRANSPORTER,ICE,diesel,252,205.0,97.0,2175.0,
2025,VOLKSWAGEN,TRANSPORTER,BEV,electric,13,0.0,85.0,2398.0,225.0
2025,VOLKSWAGEN,TRANSPORTER CARAVELLE,ICE,diesel,20,226.0,113.0,2352.0,
2025,VOLKSWAGEN,TRANSPORTER CARAVELLE,BEV,electric,8,0.0,85.0,2527.0,238.0
2025,VOLVO,C40,BEV,electric,14,0.0,128.0,2089.0,166.0
2025,VOLVO,EC40,BEV,electric,64,0.0,152.0,2135.0,169.0
2025,VOLVO,ES90,BEV,electric,2,0.0,140.0,2410.0,165.0
2025,VOLVO,EX30,BEV,electric,524,0.0,85.0,1875.0,171.0
2025,VOLVO,EX30 CROSS COUNTRY,BEV,electric,37,0.0,116.0,1960.0,185.0
2025,VOLVO,EX40,BEV,electric,404,0.0,152.0,2116.0,173.0
2025,VOLVO,EX90,BEV,electric,135,0.0,240.0,2774.0,208.0
2025,VOLVO,S60,PHEV,petrol/electric,1,16.0,228.0,2039.0,162.0
2025,VOLVO,S90,HEV,diesel,1,162.0,173.0,1912.0,
2025,VOLVO,V60,HEV,petrol,173,141.0,145.0,1734.0,
2025,VOLVO,V60,PHEV,petrol/electric,130,24.0,188.0,2064.0,156.0
2025,VOLVO,V90,HEV,petrol,2,171.0,145.0,1831.0,
2025,VOLVO,V90,PHEV,petrol/electric,51,18.0,195.0,2075.0,178.0
2025,VOLVO,XC40,BEV,electric,9,0.0,122.0,2051.0,168.0
2025,VOLVO,XC40,HEV,petrol,1029,150.0,121.0,1688.0,
2025,VOLVO,XC40,ICE,petrol,2,166.0,95.0,1625.0,
2025,VOLVO,XC60,HEV,diesel,2,168.0,145.0,1967.0,
2025,VOLVO,XC60,HEV,petrol,231,174.0,183.0,1899.0,
2025,VOLVO,XC60,PHEV,petrol/electric,970,29.0,189.0,2150.0,179.0
2025,VOLVO,XC90,HEV,diesel,11,195.0,183.0,2088.0,
2025,VOLVO,XC90,HEV,petrol,106,196.0,184.0,2100.0,
2025,VOLVO,XC90,PHEV,petrol/electric,570,38.0,228.0,2328.0,193.0
2025,XPENG,G6,BEV,electric,30,0.0,151.0,2281.0,194.0
2025,XPENG,G9,BEV,electric,24,0.0,140.0,2455.0,209.0
2025,ZEEKR,7X,BEV,electric,1,0.0,140.0,2610.0,199.0
